suite,cell,a,b,metric,n,diff,lo,hi,p,win_rate
baseline,adversarial,hesk3,cbba,utility_ratio,30,-0.038977752721272255,-0.04898828452766338,-0.029060381639493354,1.6391277313232422e-07,0.13333333333333333
baseline,attrition30,hesk3,cbba,utility_ratio,30,0.020118026257262847,0.00708275650126174,0.03342092635569282,0.0037444327026605606,0.7333333333333333
baseline,loss30,hesk3,cbba,utility_ratio,30,0.010225146735338708,-0.002968346989677078,0.02262788477434822,0.1459994912147522,0.6333333333333333
baseline,nominal,hesk3,cbba,utility_ratio,30,0.09081529450793312,0.07472371294589833,0.10745577794815256,1.862645149230957e-09,1.0
baseline,partition2,hesk3,cbba,utility_ratio,30,0.03356078824032064,0.020191385094494932,0.04756363559562208,0.00020912662148475647,0.7
baseline,adversarial,hesk3,central,utility_ratio,30,0.06726856837446023,0.05483216812139932,0.07993767605794543,3.725290298461914e-09,0.9666666666666667
baseline,attrition30,hesk3,central,utility_ratio,30,-0.0013534097782758306,-0.013262059202572528,0.009695723636316624,0.871207794174552,0.5666666666666667
baseline,loss30,hesk3,central,utility_ratio,30,0.05226894646426938,0.03906532223931215,0.06631331453929439,2.0489096641540527e-07,0.9
baseline,nominal,hesk3,central,utility_ratio,30,0.06430243495237027,0.05192491825488349,0.07750630189651328,2.60770320892334e-08,0.9
baseline,partition2,hesk3,central,utility_ratio,30,0.040466995596170466,0.029224384046736246,0.05210536756513449,9.98377799987793e-07,0.9
baseline,adversarial,hesk3,central_t12,utility_ratio,30,-0.004975729264255022,-0.016425091307796732,0.005672706107379928,0.5291051845997572,0.5666666666666667
baseline,attrition30,hesk3,central_t12,utility_ratio,30,0.0017793690005321568,-0.01006192321431846,0.012857368114866744,0.6408254038542509,0.6
baseline,loss30,hesk3,central_t12,utility_ratio,30,0.005007925682321387,-0.007415852838609787,0.01801829357048374,0.3817984350025654,0.6
baseline,nominal,hesk3,central_t12,utility_ratio,30,0.06430243495237027,0.05192491825488349,0.07750630189651328,2.60770320892334e-08,0.9
baseline,partition2,hesk3,central_t12,utility_ratio,30,0.03896376456666217,0.027230281813465245,0.051125300528319276,3.2391399145126343e-06,0.8333333333333334
baseline,adversarial,hesk3,central_noquorum,utility_ratio,30,0.057316760343842824,0.04365461603401358,0.07102621457620711,2.0489096641540527e-07,0.9
baseline,attrition30,hesk3,central_noquorum,utility_ratio,30,-0.0013534097782758306,-0.013262059202572528,0.009695723636316624,0.871207794174552,0.5666666666666667
baseline,loss30,hesk3,central_noquorum,utility_ratio,30,0.05226894646426938,0.03906532223931215,0.06631331453929439,2.0489096641540527e-07,0.9
baseline,nominal,hesk3,central_noquorum,utility_ratio,30,0.06430243495237027,0.05192491825488349,0.07750630189651328,2.60770320892334e-08,0.9
baseline,partition2,hesk3,central_noquorum,utility_ratio,30,0.02216482629888469,0.010499647473425107,0.03395747596110652,0.0015832837671041489,0.7333333333333333
baseline,adversarial,hesk3,cnp,utility_ratio,30,0.06017887445132355,0.045469357154369075,0.07341928157198642,4.7124922275543213e-07,0.9666666666666667
baseline,attrition30,hesk3,cnp,utility_ratio,30,0.04794292896953977,0.03542751145978856,0.061318851604023034,1.30385160446167e-08,0.9666666666666667
baseline,loss30,hesk3,cnp,utility_ratio,30,0.23596323893079446,0.21903945113267573,0.251790873798292,1.862645149230957e-09,1.0
baseline,nominal,hesk3,cnp,utility_ratio,30,0.11146875455583291,0.09612897573733009,0.1271248116400279,1.862645149230957e-09,1.0
baseline,partition2,hesk3,cnp,utility_ratio,30,0.09617018920752715,0.08152275108388164,0.11133014092617428,9.313225746154785e-09,0.9333333333333333
baseline,adversarial,hesk3,oracle,utility_ratio,30,-0.056120976400919884,-0.06744223386465936,-0.04528886046576043,1.862645149230957e-09,0.0
baseline,attrition30,hesk3,oracle,utility_ratio,30,-0.004802413193321346,-0.016818468284641275,0.0063062488551122705,0.5698575973510742,0.5666666666666667
baseline,loss30,hesk3,oracle,utility_ratio,30,0.0020980993153183283,-0.01040505327583021,0.015068925552562848,0.5978077705949545,0.6
baseline,nominal,hesk3,oracle,utility_ratio,30,0.06331195939082894,0.050958778040956824,0.07633214950457742,2.60770320892334e-08,0.9
baseline,partition2,hesk3,oracle,utility_ratio,30,0.009134482183657196,-0.0030485021956553698,0.021713732682317577,0.22064675763249397,0.6333333333333333
baseline,adversarial,hesk3,independent,utility_ratio,30,0.2970128411596695,0.2836363498770787,0.30967767428309667,1.862645149230957e-09,1.0
baseline,attrition30,hesk3,independent,utility_ratio,30,0.3799600639423509,0.36633653873562894,0.3938245539525523,1.862645149230957e-09,1.0
baseline,loss30,hesk3,independent,utility_ratio,30,0.46475904551113073,0.45235466198598506,0.4764183184775411,1.862645149230957e-09,1.0
baseline,nominal,hesk3,independent,utility_ratio,30,0.5170817670666007,0.5032103823035815,0.5303314231521226,1.862645149230957e-09,1.0
baseline,partition2,hesk3,independent,utility_ratio,30,0.4567300497833845,0.4446813127691292,0.46740706098124224,1.862645149230957e-09,1.0
baseline,adversarial,hesk3,hesk,utility_ratio,30,0.07317914337052057,0.05954524144305407,0.0872694586311091,1.862645149230957e-09,1.0
baseline,attrition30,hesk3,hesk,utility_ratio,30,0.02808250243140687,0.01117520536757352,0.044766593052731916,0.00364884175344801,0.7333333333333333
baseline,loss30,hesk3,hesk,utility_ratio,30,0.2473855953960981,0.22947431164304824,0.2658643712715582,1.862645149230957e-09,1.0
baseline,nominal,hesk3,hesk,utility_ratio,30,0.06173266433613015,0.04788706212466704,0.07660613109207949,5.256413325850834e-06,0.9
baseline,partition2,hesk3,hesk,utility_ratio,30,0.06104573201320518,0.03952926535064391,0.08212518756033962,1.0609626770019531e-05,0.8333333333333334
baseline,adversarial,hesk5,cbba,utility_ratio,30,-0.021206720765699513,-0.030154893667430356,-0.012104170286780982,0.0001528710126876831,0.16666666666666666
baseline,attrition30,hesk5,cbba,utility_ratio,30,0.020118026257262847,0.00708275650126174,0.03342092635569282,0.0037444327026605606,0.7333333333333333
baseline,loss30,hesk5,cbba,utility_ratio,30,0.04782143461156791,0.0360902741009218,0.0594843879012629,9.313225746154785e-09,0.9333333333333333
baseline,nominal,hesk5,cbba,utility_ratio,30,0.09081529450793312,0.07472371294589833,0.10745577794815256,1.862645149230957e-09,1.0
baseline,partition2,hesk5,cbba,utility_ratio,30,0.03994021302713737,0.025732300935926666,0.05346574114276213,2.0798295736312866e-05,0.8666666666666667
baseline,adversarial,hesk5,central,utility_ratio,30,0.08503960033003295,0.07542267377715689,0.09420169907196813,1.862645149230957e-09,1.0
baseline,attrition30,hesk5,central,utility_ratio,30,-0.0013534097782758306,-0.013262059202572528,0.009695723636316624,0.871207794174552,0.5666666666666667
baseline,loss30,hesk5,central,utility_ratio,30,0.08986523434049858,0.07856591934968318,0.10111200589968355,1.862645149230957e-09,1.0
baseline,nominal,hesk5,central,utility_ratio,30,0.06430243495237027,0.05192491825488349,0.07750630189651328,2.60770320892334e-08,0.9
baseline,partition2,hesk5,central,utility_ratio,30,0.04684642038298721,0.03538094668791329,0.05748280738121585,2.0489096641540527e-07,0.9
baseline,adversarial,hesk5,central_t12,utility_ratio,30,0.012795302691317735,0.004182158426915632,0.020662101063776594,0.00466480478644371,0.8666666666666667
baseline,attrition30,hesk5,central_t12,utility_ratio,30,0.0017793690005321568,-0.01006192321431846,0.012857368114866744,0.6408254038542509,0.6
baseline,loss30,hesk5,central_t12,utility_ratio,30,0.04260421355855059,0.03191416452947445,0.053006648582924434,4.6566128730773926e-08,0.9
baseline,nominal,hesk5,central_t12,utility_ratio,30,0.06430243495237027,0.05192491825488349,0.07750630189651328,2.60770320892334e-08,0.9
baseline,partition2,hesk5,central_t12,utility_ratio,30,0.0453431893534789,0.03364402391996905,0.05628680445219372,3.855675458908081e-07,0.9
baseline,adversarial,hesk5,central_noquorum,utility_ratio,30,0.07508779229941558,0.06563532629527417,0.08401851791868749,1.862645149230957e-09,1.0
baseline,attrition30,hesk5,central_noquorum,utility_ratio,30,-0.0013534097782758306,-0.013262059202572528,0.009695723636316624,0.871207794174552,0.5666666666666667
baseline,loss30,hesk5,central_noquorum,utility_ratio,30,0.08986523434049858,0.07856591934968318,0.10111200589968355,1.862645149230957e-09,1.0
baseline,nominal,hesk5,central_noquorum,utility_ratio,30,0.06430243495237027,0.05192491825488349,0.07750630189651328,2.60770320892334e-08,0.9
baseline,partition2,hesk5,central_noquorum,utility_ratio,30,0.028544251085701425,0.01835205443136078,0.039003562743183645,2.366676926612854e-05,0.8666666666666667
baseline,adversarial,hesk5,cnp,utility_ratio,30,0.07794990640689631,0.06564915578394696,0.0890035056943913,3.725290298461914e-09,0.9666666666666667
baseline,attrition30,hesk5,cnp,utility_ratio,30,0.04794292896953977,0.03542751145978856,0.061318851604023034,1.30385160446167e-08,0.9666666666666667
baseline,loss30,hesk5,cnp,utility_ratio,30,0.2735595268070236,0.2607511791261192,0.2860858738726292,1.862645149230957e-09,1.0
baseline,nominal,hesk5,cnp,utility_ratio,30,0.11146875455583291,0.09612897573733009,0.1271248116400279,1.862645149230957e-09,1.0
baseline,partition2,hesk5,cnp,utility_ratio,30,0.1025496139943439,0.0870526327360049,0.11841211983060963,1.862645149230957e-09,1.0
baseline,adversarial,hesk5,oracle,utility_ratio,30,-0.038349944445347124,-0.04659860123471593,-0.03066322197342972,1.30385160446167e-08,0.06666666666666667
baseline,attrition30,hesk5,oracle,utility_ratio,30,-0.004802413193321346,-0.016818468284641275,0.0063062488551122705,0.5698575973510742,0.5666666666666667
baseline,loss30,hesk5,oracle,utility_ratio,30,0.03969438719154753,0.02882186698062147,0.050100896941527404,8.009374141693115e-08,0.9
baseline,nominal,hesk5,oracle,utility_ratio,30,0.06331195939082894,0.050958778040956824,0.07633214950457742,2.60770320892334e-08,0.9
baseline,partition2,hesk5,oracle,utility_ratio,30,0.01551390697047393,0.003938765691900101,0.0275227268626609,0.03098480962216854,0.6666666666666666
baseline,adversarial,hesk5,independent,utility_ratio,30,0.3147838731152423,0.30496280705892537,0.324186571724049,1.862645149230957e-09,1.0
baseline,attrition30,hesk5,independent,utility_ratio,30,0.3799600639423509,0.36633653873562894,0.3938245539525523,1.862645149230957e-09,1.0
baseline,loss30,hesk5,independent,utility_ratio,30,0.5023553333873598,0.48981846825626485,0.5137823095860855,1.862645149230957e-09,1.0
baseline,nominal,hesk5,independent,utility_ratio,30,0.5170817670666007,0.5032103823035815,0.5303314231521226,1.862645149230957e-09,1.0
baseline,partition2,hesk5,independent,utility_ratio,30,0.46310947457020113,0.45045974466438116,0.47436331864582826,1.862645149230957e-09,1.0
baseline,adversarial,hesk5,hesk,utility_ratio,30,0.09095017532609333,0.07825446617537454,0.10340297140661309,1.862645149230957e-09,1.0
baseline,attrition30,hesk5,hesk,utility_ratio,30,0.02808250243140687,0.01117520536757352,0.044766593052731916,0.00364884175344801,0.7333333333333333
baseline,loss30,hesk5,hesk,utility_ratio,30,0.28498188327232726,0.26677239525331625,0.30294212879920907,1.862645149230957e-09,1.0
baseline,nominal,hesk5,hesk,utility_ratio,30,0.06173266433613015,0.04788706212466704,0.07660613109207949,5.256413325850834e-06,0.9
baseline,partition2,hesk5,hesk,utility_ratio,30,0.0674251568000219,0.04906454253504851,0.08697804552667879,9.313225746154785e-09,0.9666666666666667
baseline,adversarial,hesk5,hesk3,utility_ratio,30,0.01777103195557276,0.0069986847489077915,0.02878991852613356,0.006639536470174789,0.6333333333333333
baseline,attrition30,hesk5,hesk3,utility_ratio,30,0.0,0.0,0.0,1.0,0.0
baseline,loss30,hesk5,hesk3,utility_ratio,30,0.0375962878762292,0.022592026994422924,0.05314369056523448,0.00012333691120147705,0.7333333333333333
baseline,nominal,hesk5,hesk3,utility_ratio,30,0.0,0.0,0.0,1.0,0.0
baseline,partition2,hesk5,hesk3,utility_ratio,30,0.006379424786816734,-0.00458025182159973,0.017070324769563203,0.24494642950594425,0.6333333333333333
baseline,adversarial,hesk6,cbba,utility_ratio,30,-0.021206720765699513,-0.030154893667430356,-0.012104170286780982,0.0001528710126876831,0.16666666666666666
baseline,attrition30,hesk6,cbba,utility_ratio,30,0.020118026257262847,0.00708275650126174,0.03342092635569282,0.0037444327026605606,0.7333333333333333
baseline,loss30,hesk6,cbba,utility_ratio,30,0.04782143461156791,0.0360902741009218,0.0594843879012629,9.313225746154785e-09,0.9333333333333333
baseline,nominal,hesk6,cbba,utility_ratio,30,0.09081529450793312,0.07472371294589833,0.10745577794815256,1.862645149230957e-09,1.0
baseline,partition2,hesk6,cbba,utility_ratio,30,0.03994021302713737,0.025732300935926666,0.05346574114276213,2.0798295736312866e-05,0.8666666666666667
baseline,adversarial,hesk6,central,utility_ratio,30,0.08503960033003295,0.07542267377715689,0.09420169907196813,1.862645149230957e-09,1.0
baseline,attrition30,hesk6,central,utility_ratio,30,-0.0013534097782758306,-0.013262059202572528,0.009695723636316624,0.871207794174552,0.5666666666666667
baseline,loss30,hesk6,central,utility_ratio,30,0.08986523434049858,0.07856591934968318,0.10111200589968355,1.862645149230957e-09,1.0
baseline,nominal,hesk6,central,utility_ratio,30,0.06430243495237027,0.05192491825488349,0.07750630189651328,2.60770320892334e-08,0.9
baseline,partition2,hesk6,central,utility_ratio,30,0.04684642038298721,0.03538094668791329,0.05748280738121585,2.0489096641540527e-07,0.9
baseline,adversarial,hesk6,central_t12,utility_ratio,30,0.012795302691317735,0.004182158426915632,0.020662101063776594,0.00466480478644371,0.8666666666666667
baseline,attrition30,hesk6,central_t12,utility_ratio,30,0.0017793690005321568,-0.01006192321431846,0.012857368114866744,0.6408254038542509,0.6
baseline,loss30,hesk6,central_t12,utility_ratio,30,0.04260421355855059,0.03191416452947445,0.053006648582924434,4.6566128730773926e-08,0.9
baseline,nominal,hesk6,central_t12,utility_ratio,30,0.06430243495237027,0.05192491825488349,0.07750630189651328,2.60770320892334e-08,0.9
baseline,partition2,hesk6,central_t12,utility_ratio,30,0.0453431893534789,0.03364402391996905,0.05628680445219372,3.855675458908081e-07,0.9
baseline,adversarial,hesk6,central_noquorum,utility_ratio,30,0.07508779229941558,0.06563532629527417,0.08401851791868749,1.862645149230957e-09,1.0
baseline,attrition30,hesk6,central_noquorum,utility_ratio,30,-0.0013534097782758306,-0.013262059202572528,0.009695723636316624,0.871207794174552,0.5666666666666667
baseline,loss30,hesk6,central_noquorum,utility_ratio,30,0.08986523434049858,0.07856591934968318,0.10111200589968355,1.862645149230957e-09,1.0
baseline,nominal,hesk6,central_noquorum,utility_ratio,30,0.06430243495237027,0.05192491825488349,0.07750630189651328,2.60770320892334e-08,0.9
baseline,partition2,hesk6,central_noquorum,utility_ratio,30,0.028544251085701425,0.01835205443136078,0.039003562743183645,2.366676926612854e-05,0.8666666666666667
baseline,adversarial,hesk6,cnp,utility_ratio,30,0.07794990640689631,0.06564915578394696,0.0890035056943913,3.725290298461914e-09,0.9666666666666667
baseline,attrition30,hesk6,cnp,utility_ratio,30,0.04794292896953977,0.03542751145978856,0.061318851604023034,1.30385160446167e-08,0.9666666666666667
baseline,loss30,hesk6,cnp,utility_ratio,30,0.2735595268070236,0.2607511791261192,0.2860858738726292,1.862645149230957e-09,1.0
baseline,nominal,hesk6,cnp,utility_ratio,30,0.11146875455583291,0.09612897573733009,0.1271248116400279,1.862645149230957e-09,1.0
baseline,partition2,hesk6,cnp,utility_ratio,30,0.1025496139943439,0.0870526327360049,0.11841211983060963,1.862645149230957e-09,1.0
baseline,adversarial,hesk6,oracle,utility_ratio,30,-0.038349944445347124,-0.04659860123471593,-0.03066322197342972,1.30385160446167e-08,0.06666666666666667
baseline,attrition30,hesk6,oracle,utility_ratio,30,-0.004802413193321346,-0.016818468284641275,0.0063062488551122705,0.5698575973510742,0.5666666666666667
baseline,loss30,hesk6,oracle,utility_ratio,30,0.03969438719154753,0.02882186698062147,0.050100896941527404,8.009374141693115e-08,0.9
baseline,nominal,hesk6,oracle,utility_ratio,30,0.06331195939082894,0.050958778040956824,0.07633214950457742,2.60770320892334e-08,0.9
baseline,partition2,hesk6,oracle,utility_ratio,30,0.01551390697047393,0.003938765691900101,0.0275227268626609,0.03098480962216854,0.6666666666666666
baseline,adversarial,hesk6,independent,utility_ratio,30,0.3147838731152423,0.30496280705892537,0.324186571724049,1.862645149230957e-09,1.0
baseline,attrition30,hesk6,independent,utility_ratio,30,0.3799600639423509,0.36633653873562894,0.3938245539525523,1.862645149230957e-09,1.0
baseline,loss30,hesk6,independent,utility_ratio,30,0.5023553333873598,0.48981846825626485,0.5137823095860855,1.862645149230957e-09,1.0
baseline,nominal,hesk6,independent,utility_ratio,30,0.5170817670666007,0.5032103823035815,0.5303314231521226,1.862645149230957e-09,1.0
baseline,partition2,hesk6,independent,utility_ratio,30,0.46310947457020113,0.45045974466438116,0.47436331864582826,1.862645149230957e-09,1.0
baseline,adversarial,hesk6,hesk,utility_ratio,30,0.09095017532609333,0.07825446617537454,0.10340297140661309,1.862645149230957e-09,1.0
baseline,attrition30,hesk6,hesk,utility_ratio,30,0.02808250243140687,0.01117520536757352,0.044766593052731916,0.00364884175344801,0.7333333333333333
baseline,loss30,hesk6,hesk,utility_ratio,30,0.28498188327232726,0.26677239525331625,0.30294212879920907,1.862645149230957e-09,1.0
baseline,nominal,hesk6,hesk,utility_ratio,30,0.06173266433613015,0.04788706212466704,0.07660613109207949,5.256413325850834e-06,0.9
baseline,partition2,hesk6,hesk,utility_ratio,30,0.0674251568000219,0.04906454253504851,0.08697804552667879,9.313225746154785e-09,0.9666666666666667
baseline,adversarial,hesk6,hesk3,utility_ratio,30,0.01777103195557276,0.0069986847489077915,0.02878991852613356,0.006639536470174789,0.6333333333333333
baseline,attrition30,hesk6,hesk3,utility_ratio,30,0.0,0.0,0.0,1.0,0.0
baseline,loss30,hesk6,hesk3,utility_ratio,30,0.0375962878762292,0.022592026994422924,0.05314369056523448,0.00012333691120147705,0.7333333333333333
baseline,nominal,hesk6,hesk3,utility_ratio,30,0.0,0.0,0.0,1.0,0.0
baseline,partition2,hesk6,hesk3,utility_ratio,30,0.006379424786816734,-0.00458025182159973,0.017070324769563203,0.24494642950594425,0.6333333333333333
loss,loss=0.0,hesk3,cbba,utility_ratio,20,0.06796765938442134,0.05203840264358296,0.0830655131876892,5.7220458984375e-06,0.95
loss,loss=0.1,hesk3,cbba,utility_ratio,20,0.06377371912482928,0.03825857872934732,0.08739142264408088,0.000133514404296875,0.8
loss,loss=0.2,hesk3,cbba,utility_ratio,20,0.04606070036723279,0.0304123037965064,0.060784090312996635,0.0003223419189453125,0.9
loss,loss=0.3,hesk3,cbba,utility_ratio,20,0.012536490373284692,-0.0020106516048022404,0.027502086162379077,0.17685317993164062,0.65
loss,loss=0.4,hesk3,cbba,utility_ratio,20,-0.014412850621183432,-0.0360925366664573,0.0073146064808270565,0.3117942810058594,0.5
loss,loss=0.5,hesk3,cbba,utility_ratio,20,-0.049700705920644794,-0.07153757875357784,-0.027902892437337068,0.0005855560302734375,0.25
loss,loss=0.6,hesk3,cbba,utility_ratio,20,-0.13148194809803723,-0.15697212170216818,-0.10713570773597329,1.9073486328125e-06,0.0
loss,loss=0.7,hesk3,cbba,utility_ratio,20,-0.19674661303649416,-0.2217681287492063,-0.171700702431994,1.9073486328125e-06,0.0
loss,loss=0.8,hesk3,cbba,utility_ratio,20,-0.22428144414041168,-0.2481413560543802,-0.2003479903640758,1.9073486328125e-06,0.0
loss,loss=0.9,hesk3,cbba,utility_ratio,20,-0.27078815781765114,-0.28994190770672146,-0.25042111445298143,1.9073486328125e-06,0.0
loss,loss=0.0,hesk3,central,utility_ratio,20,0.05156368699872571,0.037812678110271454,0.06532585733972796,1.9073486328125e-05,0.9
loss,loss=0.1,hesk3,central,utility_ratio,20,0.044853121669747566,0.0242451865253292,0.06490100300221806,0.0014324188232421875,0.8
loss,loss=0.2,hesk3,central,utility_ratio,20,0.0387889629653486,0.02542702094131046,0.05171016014855964,8.20159912109375e-05,0.85
loss,loss=0.3,hesk3,central,utility_ratio,20,0.04612234449033881,0.03003847047322118,0.06216127984969185,0.0001049041748046875,0.85
loss,loss=0.4,hesk3,central,utility_ratio,20,0.07039971006627914,0.05186456039878863,0.08931354799080725,9.5367431640625e-06,0.95
loss,loss=0.5,hesk3,central,utility_ratio,20,0.09281706936856053,0.07334807765060336,0.11083002240498792,3.814697265625e-06,0.95
loss,loss=0.6,hesk3,central,utility_ratio,20,0.09191615514355565,0.06699141950199158,0.11692838929138263,1.9073486328125e-06,1.0
loss,loss=0.7,hesk3,central,utility_ratio,20,0.09834505162355114,0.07537628284368705,0.12368406566826858,1.9073486328125e-06,1.0
loss,loss=0.8,hesk3,central,utility_ratio,20,0.08150623679533962,0.06028044684128216,0.10293446599941014,5.7220458984375e-06,0.95
loss,loss=0.9,hesk3,central,utility_ratio,20,0.17030276061377708,0.13413198380962307,0.20566273585862344,1.9073486328125e-06,1.0
loss,loss=0.0,hesk3,central_t12,utility_ratio,20,0.05156368699872571,0.037812678110271454,0.06532585733972796,1.9073486328125e-05,0.9
loss,loss=0.1,hesk3,central_t12,utility_ratio,20,0.0440323120124295,0.023538785822193844,0.0638068684559059,0.001689910888671875,0.8
loss,loss=0.2,hesk3,central_t12,utility_ratio,20,0.026238703923017453,0.013068470027056361,0.03908526876412506,0.001209259033203125,0.8
loss,loss=0.3,hesk3,central_t12,utility_ratio,20,0.002472021544140407,-0.01145596342455988,0.01673760595079144,0.47490501403808594,0.65
loss,loss=0.4,hesk3,central_t12,utility_ratio,20,-0.021397325646248418,-0.03971672802808402,-0.0027062374664716757,0.01923370361328125,0.4
loss,loss=0.5,hesk3,central_t12,utility_ratio,20,-0.0625948012561131,-0.0820365407613091,-0.044218329873619754,3.814697265625e-06,0.05
loss,loss=0.6,hesk3,central_t12,utility_ratio,20,-0.13017867211426554,-0.15614094836589762,-0.10480302882992903,1.9073486328125e-06,0.0
loss,loss=0.7,hesk3,central_t12,utility_ratio,20,-0.17895633426942378,-0.19895523217934008,-0.15838082840368894,1.9073486328125e-06,0.0
loss,loss=0.8,hesk3,central_t12,utility_ratio,20,-0.15978677411588857,-0.1787389242436752,-0.14060494733971762,1.9073486328125e-06,0.0
loss,loss=0.9,hesk3,central_t12,utility_ratio,20,-0.04438607594359168,-0.06473681694405138,-0.021233822525366493,0.0023250579833984375,0.1
loss,loss=0.0,hesk3,cnp,utility_ratio,20,0.08421500192624772,0.07054585822856856,0.09854964013317863,1.9073486328125e-06,1.0
loss,loss=0.1,hesk3,cnp,utility_ratio,20,0.12179452413925466,0.09821484370058094,0.1453170068728964,1.9073486328125e-06,1.0
loss,loss=0.2,hesk3,cnp,utility_ratio,20,0.18835372467193878,0.1691917670451428,0.20771536808982208,1.9073486328125e-06,1.0
loss,loss=0.3,hesk3,cnp,utility_ratio,20,0.233174183795608,0.213648398401028,0.25308154265526817,1.9073486328125e-06,1.0
loss,loss=0.4,hesk3,cnp,utility_ratio,20,0.2409818249316166,0.22286174553468568,0.26008445934713076,1.9073486328125e-06,1.0
loss,loss=0.5,hesk3,cnp,utility_ratio,20,0.22610582690558467,0.20311737939356317,0.2483804026514099,1.9073486328125e-06,1.0
loss,loss=0.6,hesk3,cnp,utility_ratio,20,0.13820515423815966,0.10999935246247984,0.16855639150136992,1.9073486328125e-06,1.0
loss,loss=0.7,hesk3,cnp,utility_ratio,20,0.146926396435236,0.12026055870886546,0.173922605365346,1.9073486328125e-06,1.0
loss,loss=0.8,hesk3,cnp,utility_ratio,20,0.18980371442977922,0.16216564235538342,0.21693355279767132,1.9073486328125e-06,1.0
loss,loss=0.9,hesk3,cnp,utility_ratio,20,0.19801196487608508,0.1678673678221957,0.22761544237338155,1.9073486328125e-06,1.0
loss,loss=0.0,hesk3,independent,utility_ratio,20,0.5104378136923431,0.4916713472089029,0.529615535651815,1.9073486328125e-06,1.0
loss,loss=0.1,hesk3,independent,utility_ratio,20,0.5104764064983082,0.49098131212458895,0.5295721851336223,1.9073486328125e-06,1.0
loss,loss=0.2,hesk3,independent,utility_ratio,20,0.4825960097333951,0.4607441218770362,0.5036038823049602,1.9073486328125e-06,1.0
loss,loss=0.3,hesk3,independent,utility_ratio,20,0.4499645090198688,0.4295590432179319,0.46892168520801253,1.9073486328125e-06,1.0
loss,loss=0.4,hesk3,independent,utility_ratio,20,0.43767289245272967,0.419789283144107,0.45630485019568373,1.9073486328125e-06,1.0
loss,loss=0.5,hesk3,independent,utility_ratio,20,0.38443123001840707,0.3642074677336773,0.4034224966400912,1.9073486328125e-06,1.0
loss,loss=0.6,hesk3,independent,utility_ratio,20,0.3117099915572857,0.28581319143583467,0.3366992060997583,1.9073486328125e-06,1.0
loss,loss=0.7,hesk3,independent,utility_ratio,20,0.2521268827126079,0.23122954798340167,0.27351006005629064,1.9073486328125e-06,1.0
loss,loss=0.8,hesk3,independent,utility_ratio,20,0.20682223044754994,0.18894066950955318,0.22515247374488756,1.9073486328125e-06,1.0
loss,loss=0.9,hesk3,independent,utility_ratio,20,0.17073178654295038,0.1490352891563714,0.19517413972624656,1.9073486328125e-06,1.0
loss,loss=0.0,hesk3,hesk,utility_ratio,20,0.03872914682301749,0.02035215665076954,0.058624724796385044,0.001644006329825974,0.7
loss,loss=0.1,hesk3,hesk,utility_ratio,20,0.05510050791557425,0.029521660001774083,0.07956875347785149,0.0004825592041015625,0.85
loss,loss=0.2,hesk3,hesk,utility_ratio,20,0.1765112760635858,0.15327757767120684,0.20118468268233233,1.9073486328125e-06,1.0
loss,loss=0.3,hesk3,hesk,utility_ratio,20,0.2414314387154779,0.22591515273181859,0.25743945546756214,1.9073486328125e-06,1.0
loss,loss=0.4,hesk3,hesk,utility_ratio,20,0.25083772724764186,0.22459892291649572,0.2765174163361661,1.9073486328125e-06,1.0
loss,loss=0.5,hesk3,hesk,utility_ratio,20,0.23586777766073422,0.21702875641365654,0.25506756519739565,1.9073486328125e-06,1.0
loss,loss=0.6,hesk3,hesk,utility_ratio,20,0.1862836097625574,0.15606396929238472,0.22060295582467496,1.9073486328125e-06,1.0
loss,loss=0.7,hesk3,hesk,utility_ratio,20,0.15682455578529222,0.1281424539110784,0.18689338083115373,1.9073486328125e-06,1.0
loss,loss=0.8,hesk3,hesk,utility_ratio,20,0.20267631449966914,0.16807681036734942,0.23540723765524593,3.814697265625e-06,0.95
loss,loss=0.9,hesk3,hesk,utility_ratio,20,0.23739760805670299,0.21050364833295293,0.26542136980793785,1.9073486328125e-06,1.0
loss,loss=0.0,hesk5,cbba,utility_ratio,20,0.06796765938442134,0.05203840264358296,0.0830655131876892,5.7220458984375e-06,0.95
loss,loss=0.1,hesk5,cbba,utility_ratio,20,0.06377371912482928,0.03825857872934732,0.08739142264408088,0.000133514404296875,0.8
loss,loss=0.2,hesk5,cbba,utility_ratio,20,0.04492803348505302,0.027858317385483132,0.06039647017375682,0.0003223419189453125,0.9
loss,loss=0.3,hesk5,cbba,utility_ratio,20,0.03247922999307643,0.018667679209503713,0.04543806421420146,0.0001678466796875,0.9
loss,loss=0.4,hesk5,cbba,utility_ratio,20,0.002727030458114371,-0.013355155650725387,0.01945968619070383,0.8694877624511719,0.5
loss,loss=0.5,hesk5,cbba,utility_ratio,20,-0.014512519095620402,-0.029292988169824466,0.002394330606903668,0.15364646911621094,0.2
loss,loss=0.6,hesk5,cbba,utility_ratio,20,-0.02378430288862604,-0.04408859380610041,-0.004202593369503021,0.06372261047363281,0.3
loss,loss=0.7,hesk5,cbba,utility_ratio,20,-0.013618903211284634,-0.027507480304699867,0.0015381065711653884,0.08969497680664062,0.35
loss,loss=0.8,hesk5,cbba,utility_ratio,20,0.007481165505062393,-0.007375747892969978,0.022412258362521035,0.2942523956298828,0.5
loss,loss=0.9,hesk5,cbba,utility_ratio,20,0.015576935391355051,0.008071435041983165,0.02313764552061517,0.0014324188232421875,0.75
loss,loss=0.0,hesk5,central,utility_ratio,20,0.05156368699872571,0.037812678110271454,0.06532585733972796,1.9073486328125e-05,0.9
loss,loss=0.1,hesk5,central,utility_ratio,20,0.044853121669747566,0.0242451865253292,0.06490100300221806,0.0014324188232421875,0.8
loss,loss=0.2,hesk5,central,utility_ratio,20,0.03765629608316883,0.023283938160386552,0.05157086217300428,0.0001049041748046875,0.9
loss,loss=0.3,hesk5,central,utility_ratio,20,0.06606508411013054,0.05623891280742534,0.07630720369251545,1.9073486328125e-06,1.0
loss,loss=0.4,hesk5,central,utility_ratio,20,0.08753959114557694,0.07213596310765753,0.10236145617414065,1.9073486328125e-06,1.0
loss,loss=0.5,hesk5,central,utility_ratio,20,0.12800525619358494,0.11168258725731385,0.14146709143804154,1.9073486328125e-06,1.0
loss,loss=0.6,hesk5,central,utility_ratio,20,0.19961380035296686,0.18046864325524653,0.21588845382693492,1.9073486328125e-06,1.0
loss,loss=0.7,hesk5,central,utility_ratio,20,0.28147276144876066,0.2651684415276327,0.2952459443798867,1.9073486328125e-06,1.0
loss,loss=0.8,hesk5,central,utility_ratio,20,0.31326884644081376,0.29935464888379504,0.32664757350728113,1.9073486328125e-06,1.0
loss,loss=0.9,hesk5,central,utility_ratio,20,0.45666785382278324,0.4278161275317877,0.48355204705941585,1.9073486328125e-06,1.0
loss,loss=0.0,hesk5,central_t12,utility_ratio,20,0.05156368699872571,0.037812678110271454,0.06532585733972796,1.9073486328125e-05,0.9
loss,loss=0.1,hesk5,central_t12,utility_ratio,20,0.0440323120124295,0.023538785822193844,0.0638068684559059,0.001689910888671875,0.8
loss,loss=0.2,hesk5,central_t12,utility_ratio,20,0.025106037040837685,0.0106889984351263,0.039029392143279294,0.0042209625244140625,0.7
loss,loss=0.3,hesk5,central_t12,utility_ratio,20,0.022414761163932144,0.013400647104049906,0.031225163978906584,0.0002613067626953125,0.85
loss,loss=0.4,hesk5,central_t12,utility_ratio,20,-0.004257444566950613,-0.016189348333489024,0.006977077933297566,0.5458755493164062,0.4
loss,loss=0.5,hesk5,central_t12,utility_ratio,20,-0.027406614431088706,-0.03962436250608116,-0.016244117156748082,0.0003223419189453125,0.1
loss,loss=0.6,hesk5,central_t12,utility_ratio,20,-0.022481026904854318,-0.03690768956622699,-0.010761676568849998,0.0004825592041015625,0.15
loss,loss=0.7,hesk5,central_t12,utility_ratio,20,0.0041713755557857,-0.006112990294578606,0.011838903633749112,0.04844093322753906,0.75
loss,loss=0.8,hesk5,central_t12,utility_ratio,20,0.0719758355295855,0.0630722549235923,0.08073248500021514,1.9073486328125e-06,1.0
loss,loss=0.9,hesk5,central_t12,utility_ratio,20,0.24197901726541446,0.22966532802920359,0.2537813555190645,1.9073486328125e-06,1.0
loss,loss=0.0,hesk5,cnp,utility_ratio,20,0.08421500192624772,0.07054585822856856,0.09854964013317863,1.9073486328125e-06,1.0
loss,loss=0.1,hesk5,cnp,utility_ratio,20,0.12179452413925466,0.09821484370058094,0.1453170068728964,1.9073486328125e-06,1.0
loss,loss=0.2,hesk5,cnp,utility_ratio,20,0.187221057789759,0.16956298069342732,0.20457929857382032,1.9073486328125e-06,1.0
loss,loss=0.3,hesk5,cnp,utility_ratio,20,0.25311692341539976,0.236052968725925,0.2683849408950716,1.9073486328125e-06,1.0
loss,loss=0.4,hesk5,cnp,utility_ratio,20,0.2581217060109144,0.23941249429401876,0.2756253896954325,1.9073486328125e-06,1.0
loss,loss=0.5,hesk5,cnp,utility_ratio,20,0.26129401373060906,0.24056720897081776,0.2820171853712705,1.9073486328125e-06,1.0
loss,loss=0.6,hesk5,cnp,utility_ratio,20,0.24590279944757082,0.22361891401454415,0.2655659966437427,1.9073486328125e-06,1.0
loss,loss=0.7,hesk5,cnp,utility_ratio,20,0.3300541062604455,0.3056994722793412,0.35380833840786113,1.9073486328125e-06,1.0
loss,loss=0.8,hesk5,cnp,utility_ratio,20,0.4215663240752533,0.4011932889010345,0.4421683343175369,1.9073486328125e-06,1.0
loss,loss=0.9,hesk5,cnp,utility_ratio,20,0.48437705808509113,0.4631492012573688,0.5059632892020284,1.9073486328125e-06,1.0
loss,loss=0.0,hesk5,independent,utility_ratio,20,0.5104378136923431,0.4916713472089029,0.529615535651815,1.9073486328125e-06,1.0
loss,loss=0.1,hesk5,independent,utility_ratio,20,0.5104764064983082,0.49098131212458895,0.5295721851336223,1.9073486328125e-06,1.0
loss,loss=0.2,hesk5,independent,utility_ratio,20,0.4814633428512153,0.4614408836020646,0.500588630169975,1.9073486328125e-06,1.0
loss,loss=0.3,hesk5,independent,utility_ratio,20,0.4699072486396606,0.45773806737657863,0.48186519839220493,1.9073486328125e-06,1.0
loss,loss=0.4,hesk5,independent,utility_ratio,20,0.4548127735320274,0.4437110694795425,0.4665399919473096,1.9073486328125e-06,1.0
loss,loss=0.5,hesk5,independent,utility_ratio,20,0.41961941684343146,0.40587020869704676,0.43422170760677986,1.9073486328125e-06,1.0
loss,loss=0.6,hesk5,independent,utility_ratio,20,0.41940763676669696,0.4013243767650668,0.435756184903847,1.9073486328125e-06,1.0
loss,loss=0.7,hesk5,independent,utility_ratio,20,0.4352545925378174,0.41735306755539103,0.4508946571130225,1.9073486328125e-06,1.0
loss,loss=0.8,hesk5,independent,utility_ratio,20,0.438584840093024,0.42416340979310363,0.45299591660863925,1.9073486328125e-06,1.0
loss,loss=0.9,hesk5,independent,utility_ratio,20,0.45709687975195656,0.4459873792666451,0.4682562488327579,1.9073486328125e-06,1.0
loss,loss=0.0,hesk5,hesk,utility_ratio,20,0.03872914682301749,0.02035215665076954,0.058624724796385044,0.001644006329825974,0.7
loss,loss=0.1,hesk5,hesk,utility_ratio,20,0.05510050791557425,0.029521660001774083,0.07956875347785149,0.0004825592041015625,0.85
loss,loss=0.2,hesk5,hesk,utility_ratio,20,0.17537860918140608,0.15208843352470913,0.20019492261796434,1.9073486328125e-06,1.0
loss,loss=0.3,hesk5,hesk,utility_ratio,20,0.26137417833526966,0.24875966057643537,0.27385747552650425,1.9073486328125e-06,1.0
loss,loss=0.4,hesk5,hesk,utility_ratio,20,0.26797760832693973,0.24548983315277004,0.2913430007556528,1.9073486328125e-06,1.0
loss,loss=0.5,hesk5,hesk,utility_ratio,20,0.2710559644857586,0.2553761953813136,0.286095608086412,1.9073486328125e-06,1.0
loss,loss=0.6,hesk5,hesk,utility_ratio,20,0.2939812549719686,0.26918294514657265,0.3160723221353025,1.9073486328125e-06,1.0
loss,loss=0.7,hesk5,hesk,utility_ratio,20,0.33995226561050174,0.3195597308692295,0.3615237541461896,1.9073486328125e-06,1.0
loss,loss=0.8,hesk5,hesk,utility_ratio,20,0.4344389241451433,0.4126246893164026,0.45546923422780083,1.9073486328125e-06,1.0
loss,loss=0.9,hesk5,hesk,utility_ratio,20,0.523762701265709,0.5060872263140196,0.5404328130351136,1.9073486328125e-06,1.0
loss,loss=0.0,hesk5,hesk3,utility_ratio,20,0.0,0.0,0.0,1.0,0.0
loss,loss=0.1,hesk5,hesk3,utility_ratio,20,0.0,0.0,0.0,1.0,0.0
loss,loss=0.2,hesk5,hesk3,utility_ratio,20,-0.001132666882179767,-0.011814855618621868,0.009064848143422602,0.4235963177660037,0.15
loss,loss=0.3,hesk5,hesk3,utility_ratio,20,0.01994273961979174,0.001157523403524779,0.03740164887794273,0.04844093322753906,0.7
loss,loss=0.4,hesk5,hesk3,utility_ratio,20,0.017139881079297804,-0.00782729051688257,0.03930165157027142,0.1893482208251953,0.65
loss,loss=0.5,hesk5,hesk3,utility_ratio,20,0.03518818682502439,0.015081617019316193,0.05885777843989519,0.00365447998046875,0.75
loss,loss=0.6,hesk5,hesk3,utility_ratio,20,0.1076976452094112,0.07569844118990875,0.13783027271945816,2.6702880859375e-05,0.85
loss,loss=0.7,hesk5,hesk3,utility_ratio,20,0.18312770982520948,0.16009354772730014,0.20596238039003492,1.9073486328125e-06,1.0
loss,loss=0.8,hesk5,hesk3,utility_ratio,20,0.23176260964547404,0.21031577292188466,0.2532505146871953,1.9073486328125e-06,1.0
loss,loss=0.9,hesk5,hesk3,utility_ratio,20,0.28636509320900616,0.2654992685548035,0.3067648015854904,1.9073486328125e-06,1.0
loss,loss=0.0,hesk6,cbba,utility_ratio,20,0.06796765938442134,0.05203840264358296,0.0830655131876892,5.7220458984375e-06,0.95
loss,loss=0.1,hesk6,cbba,utility_ratio,20,0.06377371912482928,0.03825857872934732,0.08739142264408088,0.000133514404296875,0.8
loss,loss=0.2,hesk6,cbba,utility_ratio,20,0.04492803348505302,0.027858317385483132,0.06039647017375682,0.0003223419189453125,0.9
loss,loss=0.3,hesk6,cbba,utility_ratio,20,0.03247922999307643,0.018667679209503713,0.04543806421420146,0.0001678466796875,0.9
loss,loss=0.4,hesk6,cbba,utility_ratio,20,0.002727030458114371,-0.013355155650725387,0.01945968619070383,0.8694877624511719,0.5
loss,loss=0.5,hesk6,cbba,utility_ratio,20,-0.014512519095620402,-0.029292988169824466,0.002394330606903668,0.15364646911621094,0.2
loss,loss=0.6,hesk6,cbba,utility_ratio,20,-0.02378430288862604,-0.04408859380610041,-0.004202593369503021,0.06372261047363281,0.3
loss,loss=0.7,hesk6,cbba,utility_ratio,20,-0.013618903211284634,-0.027507480304699867,0.0015381065711653884,0.08969497680664062,0.35
loss,loss=0.8,hesk6,cbba,utility_ratio,20,0.007481165505062393,-0.007375747892969978,0.022412258362521035,0.2942523956298828,0.5
loss,loss=0.9,hesk6,cbba,utility_ratio,20,0.015576935391355051,0.008071435041983165,0.02313764552061517,0.0014324188232421875,0.75
loss,loss=0.0,hesk6,central,utility_ratio,20,0.05156368699872571,0.037812678110271454,0.06532585733972796,1.9073486328125e-05,0.9
loss,loss=0.1,hesk6,central,utility_ratio,20,0.044853121669747566,0.0242451865253292,0.06490100300221806,0.0014324188232421875,0.8
loss,loss=0.2,hesk6,central,utility_ratio,20,0.03765629608316883,0.023283938160386552,0.05157086217300428,0.0001049041748046875,0.9
loss,loss=0.3,hesk6,central,utility_ratio,20,0.06606508411013054,0.05623891280742534,0.07630720369251545,1.9073486328125e-06,1.0
loss,loss=0.4,hesk6,central,utility_ratio,20,0.08753959114557694,0.07213596310765753,0.10236145617414065,1.9073486328125e-06,1.0
loss,loss=0.5,hesk6,central,utility_ratio,20,0.12800525619358494,0.11168258725731385,0.14146709143804154,1.9073486328125e-06,1.0
loss,loss=0.6,hesk6,central,utility_ratio,20,0.19961380035296686,0.18046864325524653,0.21588845382693492,1.9073486328125e-06,1.0
loss,loss=0.7,hesk6,central,utility_ratio,20,0.28147276144876066,0.2651684415276327,0.2952459443798867,1.9073486328125e-06,1.0
loss,loss=0.8,hesk6,central,utility_ratio,20,0.31326884644081376,0.29935464888379504,0.32664757350728113,1.9073486328125e-06,1.0
loss,loss=0.9,hesk6,central,utility_ratio,20,0.45666785382278324,0.4278161275317877,0.48355204705941585,1.9073486328125e-06,1.0
loss,loss=0.0,hesk6,central_t12,utility_ratio,20,0.05156368699872571,0.037812678110271454,0.06532585733972796,1.9073486328125e-05,0.9
loss,loss=0.1,hesk6,central_t12,utility_ratio,20,0.0440323120124295,0.023538785822193844,0.0638068684559059,0.001689910888671875,0.8
loss,loss=0.2,hesk6,central_t12,utility_ratio,20,0.025106037040837685,0.0106889984351263,0.039029392143279294,0.0042209625244140625,0.7
loss,loss=0.3,hesk6,central_t12,utility_ratio,20,0.022414761163932144,0.013400647104049906,0.031225163978906584,0.0002613067626953125,0.85
loss,loss=0.4,hesk6,central_t12,utility_ratio,20,-0.004257444566950613,-0.016189348333489024,0.006977077933297566,0.5458755493164062,0.4
loss,loss=0.5,hesk6,central_t12,utility_ratio,20,-0.027406614431088706,-0.03962436250608116,-0.016244117156748082,0.0003223419189453125,0.1
loss,loss=0.6,hesk6,central_t12,utility_ratio,20,-0.022481026904854318,-0.03690768956622699,-0.010761676568849998,0.0004825592041015625,0.15
loss,loss=0.7,hesk6,central_t12,utility_ratio,20,0.0041713755557857,-0.006112990294578606,0.011838903633749112,0.04844093322753906,0.75
loss,loss=0.8,hesk6,central_t12,utility_ratio,20,0.0719758355295855,0.0630722549235923,0.08073248500021514,1.9073486328125e-06,1.0
loss,loss=0.9,hesk6,central_t12,utility_ratio,20,0.24197901726541446,0.22966532802920359,0.2537813555190645,1.9073486328125e-06,1.0
loss,loss=0.0,hesk6,cnp,utility_ratio,20,0.08421500192624772,0.07054585822856856,0.09854964013317863,1.9073486328125e-06,1.0
loss,loss=0.1,hesk6,cnp,utility_ratio,20,0.12179452413925466,0.09821484370058094,0.1453170068728964,1.9073486328125e-06,1.0
loss,loss=0.2,hesk6,cnp,utility_ratio,20,0.187221057789759,0.16956298069342732,0.20457929857382032,1.9073486328125e-06,1.0
loss,loss=0.3,hesk6,cnp,utility_ratio,20,0.25311692341539976,0.236052968725925,0.2683849408950716,1.9073486328125e-06,1.0
loss,loss=0.4,hesk6,cnp,utility_ratio,20,0.2581217060109144,0.23941249429401876,0.2756253896954325,1.9073486328125e-06,1.0
loss,loss=0.5,hesk6,cnp,utility_ratio,20,0.26129401373060906,0.24056720897081776,0.2820171853712705,1.9073486328125e-06,1.0
loss,loss=0.6,hesk6,cnp,utility_ratio,20,0.24590279944757082,0.22361891401454415,0.2655659966437427,1.9073486328125e-06,1.0
loss,loss=0.7,hesk6,cnp,utility_ratio,20,0.3300541062604455,0.3056994722793412,0.35380833840786113,1.9073486328125e-06,1.0
loss,loss=0.8,hesk6,cnp,utility_ratio,20,0.4215663240752533,0.4011932889010345,0.4421683343175369,1.9073486328125e-06,1.0
loss,loss=0.9,hesk6,cnp,utility_ratio,20,0.48437705808509113,0.4631492012573688,0.5059632892020284,1.9073486328125e-06,1.0
loss,loss=0.0,hesk6,independent,utility_ratio,20,0.5104378136923431,0.4916713472089029,0.529615535651815,1.9073486328125e-06,1.0
loss,loss=0.1,hesk6,independent,utility_ratio,20,0.5104764064983082,0.49098131212458895,0.5295721851336223,1.9073486328125e-06,1.0
loss,loss=0.2,hesk6,independent,utility_ratio,20,0.4814633428512153,0.4614408836020646,0.500588630169975,1.9073486328125e-06,1.0
loss,loss=0.3,hesk6,independent,utility_ratio,20,0.4699072486396606,0.45773806737657863,0.48186519839220493,1.9073486328125e-06,1.0
loss,loss=0.4,hesk6,independent,utility_ratio,20,0.4548127735320274,0.4437110694795425,0.4665399919473096,1.9073486328125e-06,1.0
loss,loss=0.5,hesk6,independent,utility_ratio,20,0.41961941684343146,0.40587020869704676,0.43422170760677986,1.9073486328125e-06,1.0
loss,loss=0.6,hesk6,independent,utility_ratio,20,0.41940763676669696,0.4013243767650668,0.435756184903847,1.9073486328125e-06,1.0
loss,loss=0.7,hesk6,independent,utility_ratio,20,0.4352545925378174,0.41735306755539103,0.4508946571130225,1.9073486328125e-06,1.0
loss,loss=0.8,hesk6,independent,utility_ratio,20,0.438584840093024,0.42416340979310363,0.45299591660863925,1.9073486328125e-06,1.0
loss,loss=0.9,hesk6,independent,utility_ratio,20,0.45709687975195656,0.4459873792666451,0.4682562488327579,1.9073486328125e-06,1.0
loss,loss=0.0,hesk6,hesk,utility_ratio,20,0.03872914682301749,0.02035215665076954,0.058624724796385044,0.001644006329825974,0.7
loss,loss=0.1,hesk6,hesk,utility_ratio,20,0.05510050791557425,0.029521660001774083,0.07956875347785149,0.0004825592041015625,0.85
loss,loss=0.2,hesk6,hesk,utility_ratio,20,0.17537860918140608,0.15208843352470913,0.20019492261796434,1.9073486328125e-06,1.0
loss,loss=0.3,hesk6,hesk,utility_ratio,20,0.26137417833526966,0.24875966057643537,0.27385747552650425,1.9073486328125e-06,1.0
loss,loss=0.4,hesk6,hesk,utility_ratio,20,0.26797760832693973,0.24548983315277004,0.2913430007556528,1.9073486328125e-06,1.0
loss,loss=0.5,hesk6,hesk,utility_ratio,20,0.2710559644857586,0.2553761953813136,0.286095608086412,1.9073486328125e-06,1.0
loss,loss=0.6,hesk6,hesk,utility_ratio,20,0.2939812549719686,0.26918294514657265,0.3160723221353025,1.9073486328125e-06,1.0
loss,loss=0.7,hesk6,hesk,utility_ratio,20,0.33995226561050174,0.3195597308692295,0.3615237541461896,1.9073486328125e-06,1.0
loss,loss=0.8,hesk6,hesk,utility_ratio,20,0.4344389241451433,0.4126246893164026,0.45546923422780083,1.9073486328125e-06,1.0
loss,loss=0.9,hesk6,hesk,utility_ratio,20,0.523762701265709,0.5060872263140196,0.5404328130351136,1.9073486328125e-06,1.0
loss,loss=0.0,hesk6,hesk3,utility_ratio,20,0.0,0.0,0.0,1.0,0.0
loss,loss=0.1,hesk6,hesk3,utility_ratio,20,0.0,0.0,0.0,1.0,0.0
loss,loss=0.2,hesk6,hesk3,utility_ratio,20,-0.001132666882179767,-0.011814855618621868,0.009064848143422602,0.4235963177660037,0.15
loss,loss=0.3,hesk6,hesk3,utility_ratio,20,0.01994273961979174,0.001157523403524779,0.03740164887794273,0.04844093322753906,0.7
loss,loss=0.4,hesk6,hesk3,utility_ratio,20,0.017139881079297804,-0.00782729051688257,0.03930165157027142,0.1893482208251953,0.65
loss,loss=0.5,hesk6,hesk3,utility_ratio,20,0.03518818682502439,0.015081617019316193,0.05885777843989519,0.00365447998046875,0.75
loss,loss=0.6,hesk6,hesk3,utility_ratio,20,0.1076976452094112,0.07569844118990875,0.13783027271945816,2.6702880859375e-05,0.85
loss,loss=0.7,hesk6,hesk3,utility_ratio,20,0.18312770982520948,0.16009354772730014,0.20596238039003492,1.9073486328125e-06,1.0
loss,loss=0.8,hesk6,hesk3,utility_ratio,20,0.23176260964547404,0.21031577292188466,0.2532505146871953,1.9073486328125e-06,1.0
loss,loss=0.9,hesk6,hesk3,utility_ratio,20,0.28636509320900616,0.2654992685548035,0.3067648015854904,1.9073486328125e-06,1.0
attrition,"kill=0.0,mode=leader",hesk3,cbba,utility_ratio,10,0.09335539547001874,0.07893612140735227,0.1067821357090187,0.001953125,1.0
attrition,"kill=0.0,mode=random",hesk3,cbba,utility_ratio,10,0.10077953758161659,0.07796413895245999,0.12398995956530062,0.001953125,1.0
attrition,"kill=0.0,mode=scarce",hesk3,cbba,utility_ratio,10,0.10012349626326134,0.08112540898368113,0.12420447016989775,0.001953125,1.0
attrition,"kill=0.1,mode=leader",hesk3,cbba,utility_ratio,10,0.05077891549290018,0.03217297082419162,0.06904627448813773,0.00390625,0.9
attrition,"kill=0.1,mode=random",hesk3,cbba,utility_ratio,10,0.04931729842602325,0.03822985926915184,0.060403719125243394,0.001953125,1.0
attrition,"kill=0.1,mode=scarce",hesk3,cbba,utility_ratio,10,0.04939997820036659,0.022849268490949426,0.07261782094923255,0.009765625,0.8
attrition,"kill=0.2,mode=leader",hesk3,cbba,utility_ratio,10,0.027372047114529487,0.009834083581080531,0.044059189369594,0.01953125,0.9
attrition,"kill=0.2,mode=random",hesk3,cbba,utility_ratio,10,0.04041458243445215,0.020695199648340122,0.060618837619562674,0.009765625,0.8
attrition,"kill=0.2,mode=scarce",hesk3,cbba,utility_ratio,10,0.02452181047338754,0.0012198897547453054,0.04288053538400924,0.083984375,0.8
attrition,"kill=0.3,mode=leader",hesk3,cbba,utility_ratio,10,0.035053201887561405,0.015392747195712349,0.05483227541130289,0.009765625,0.9
attrition,"kill=0.3,mode=random",hesk3,cbba,utility_ratio,10,0.022740402620956456,0.008459538266173813,0.0370355066837409,0.01953125,0.9
attrition,"kill=0.3,mode=scarce",hesk3,cbba,utility_ratio,10,0.024407382953314193,0.010653313152571085,0.0364305633441307,0.013671875,0.9
attrition,"kill=0.4,mode=leader",hesk3,cbba,utility_ratio,10,0.0060860338728401355,-0.015092313574132021,0.031022654207610727,1.0,0.3
attrition,"kill=0.4,mode=random",hesk3,cbba,utility_ratio,10,-0.0001370989074779616,-0.024551461134590516,0.021058079685072655,0.921875,0.6
attrition,"kill=0.4,mode=scarce",hesk3,cbba,utility_ratio,10,0.008144741806653422,-0.0014827178059996632,0.018716806016306146,0.193359375,0.6
attrition,"kill=0.5,mode=leader",hesk3,cbba,utility_ratio,10,-0.003160331933889665,-0.02369952539382676,0.01829724666748486,0.845703125,0.5
attrition,"kill=0.5,mode=random",hesk3,cbba,utility_ratio,10,-0.0014888331664853593,-0.01961808540453711,0.016961894161596575,0.921875,0.6
attrition,"kill=0.5,mode=scarce",hesk3,cbba,utility_ratio,10,0.010563361137469418,0.0018467080327660107,0.01866169683612276,0.048828125,0.8
attrition,"kill=0.6,mode=leader",hesk3,cbba,utility_ratio,10,-0.004936539365917763,-0.02422695069213163,0.01489913552027129,0.6953125,0.4
attrition,"kill=0.6,mode=random",hesk3,cbba,utility_ratio,10,0.007851159397142676,-0.00975606812071526,0.027126130048842775,0.4921875,0.7
attrition,"kill=0.6,mode=scarce",hesk3,cbba,utility_ratio,10,-0.004636700960880253,-0.012608944148986933,0.0036363166787887436,0.375,0.5
attrition,"kill=0.0,mode=leader",hesk3,central,utility_ratio,10,0.07052541601741279,0.05137702713276951,0.08715885177345334,0.001953125,1.0
attrition,"kill=0.0,mode=random",hesk3,central,utility_ratio,10,0.07063944253141942,0.04653712449765175,0.08823308149289676,0.00390625,0.9
attrition,"kill=0.0,mode=scarce",hesk3,central,utility_ratio,10,0.06588673838835635,0.053205002810681225,0.07873437477000675,0.001953125,1.0
attrition,"kill=0.1,mode=leader",hesk3,central,utility_ratio,10,0.041261279869030644,0.0265691066353308,0.05440232143039973,0.001953125,1.0
attrition,"kill=0.1,mode=random",hesk3,central,utility_ratio,10,0.03422624257532274,0.015572729267289347,0.051232475434891164,0.009765625,0.8
attrition,"kill=0.1,mode=scarce",hesk3,central,utility_ratio,10,0.03042122199432864,0.005539369333842731,0.052267712990230523,0.064453125,0.8
attrition,"kill=0.2,mode=leader",hesk3,central,utility_ratio,10,0.014271138198208643,0.0011435510909099304,0.02755454742275013,0.048828125,0.9
attrition,"kill=0.2,mode=random",hesk3,central,utility_ratio,10,-0.0009388555993977366,-0.021871114802540174,0.022290357134009252,1.0,0.5
attrition,"kill=0.2,mode=scarce",hesk3,central,utility_ratio,10,0.0015292400881938173,-0.012598538478110712,0.013211280796346205,0.556640625,0.6
attrition,"kill=0.3,mode=leader",hesk3,central,utility_ratio,10,-0.013476676630564222,-0.02342501200088155,-0.004220379138377784,0.02734375,0.1
attrition,"kill=0.3,mode=random",hesk3,central,utility_ratio,10,-0.009203815089964174,-0.025217681494698954,0.007463260676135331,0.322265625,0.4
attrition,"kill=0.3,mode=scarce",hesk3,central,utility_ratio,10,0.009707387691408576,-6.50978283636183e-06,0.0180490593134495,0.083984375,0.8
attrition,"kill=0.4,mode=leader",hesk3,central,utility_ratio,10,-0.013651836407576367,-0.0316347523541281,0.010246096006698456,0.232421875,0.3
attrition,"kill=0.4,mode=random",hesk3,central,utility_ratio,10,-0.018814039223219302,-0.03552708246630664,-0.0016487032551330194,0.083984375,0.3
attrition,"kill=0.4,mode=scarce",hesk3,central,utility_ratio,10,-0.006316457438299295,-0.0165799601960889,0.005361043252332719,0.193359375,0.2
attrition,"kill=0.5,mode=leader",hesk3,central,utility_ratio,10,-0.02704846515751288,-0.04004405016425004,-0.014547846461210524,0.00390625,0.1
attrition,"kill=0.5,mode=random",hesk3,central,utility_ratio,10,-0.019820322915155897,-0.0362755223630911,-0.0023102748614495057,0.083984375,0.2
attrition,"kill=0.5,mode=scarce",hesk3,central,utility_ratio,10,0.009935686689092948,0.002738326796878832,0.016632469226302037,0.037109375,0.9
attrition,"kill=0.6,mode=leader",hesk3,central,utility_ratio,10,-0.010600310086665671,-0.029909365309364364,0.007985236096110541,0.275390625,0.2
attrition,"kill=0.6,mode=random",hesk3,central,utility_ratio,10,-0.0022898293627752974,-0.019284700590445965,0.010867205299003486,0.6953125,0.7
attrition,"kill=0.6,mode=scarce",hesk3,central,utility_ratio,10,0.0014656397953581924,-0.008891011306157118,0.011349582374717627,0.921875,0.6
attrition,"kill=0.0,mode=leader",hesk3,central_t12,utility_ratio,10,0.07052541601741279,0.05137702713276951,0.08715885177345334,0.001953125,1.0
attrition,"kill=0.0,mode=random",hesk3,central_t12,utility_ratio,10,0.07063944253141942,0.04653712449765175,0.08823308149289676,0.00390625,0.9
attrition,"kill=0.0,mode=scarce",hesk3,central_t12,utility_ratio,10,0.06588673838835635,0.053205002810681225,0.07873437477000675,0.001953125,1.0
attrition,"kill=0.1,mode=leader",hesk3,central_t12,utility_ratio,10,0.042619403047801506,0.027894915311946,0.05562466728615388,0.001953125,1.0
attrition,"kill=0.1,mode=random",hesk3,central_t12,utility_ratio,10,0.035004176528177236,0.01621917286182417,0.05191636887645131,0.009765625,0.8
attrition,"kill=0.1,mode=scarce",hesk3,central_t12,utility_ratio,10,0.03185639207705325,0.006925587061730123,0.053411722435475206,0.048828125,0.8
attrition,"kill=0.2,mode=leader",hesk3,central_t12,utility_ratio,10,0.017888484205448373,0.004916228541587667,0.030876438710017592,0.048828125,0.9
attrition,"kill=0.2,mode=random",hesk3,central_t12,utility_ratio,10,0.0009375730796012061,-0.019838850187367685,0.023855543220799955,1.0,0.5
attrition,"kill=0.2,mode=scarce",hesk3,central_t12,utility_ratio,10,0.00425161381299255,-0.009978125984451289,0.016089515485062232,0.275390625,0.7
attrition,"kill=0.3,mode=leader",hesk3,central_t12,utility_ratio,10,-0.009342624981632141,-0.0189676699208601,-0.00041488046650885234,0.10546875,0.3
attrition,"kill=0.3,mode=random",hesk3,central_t12,utility_ratio,10,-0.005795685745133683,-0.021828106128111317,0.01045799027018783,0.625,0.4
attrition,"kill=0.3,mode=scarce",hesk3,central_t12,utility_ratio,10,0.013132457534243802,0.0032165628613405636,0.021689769533980347,0.02734375,0.8
attrition,"kill=0.4,mode=leader",hesk3,central_t12,utility_ratio,10,-0.007731971770731894,-0.025325501239774794,0.015661362669549515,0.375,0.3
attrition,"kill=0.4,mode=random",hesk3,central_t12,utility_ratio,10,-0.01655760640150624,-0.032569948400403025,-0.0006208182852971454,0.10546875,0.3
attrition,"kill=0.4,mode=scarce",hesk3,central_t12,utility_ratio,10,-0.003607885213729356,-0.013454520605587546,0.0077023374681926,0.431640625,0.4
attrition,"kill=0.5,mode=leader",hesk3,central_t12,utility_ratio,10,-0.01515744443369706,-0.03272960719222831,0.0034240726306841622,0.193359375,0.4
attrition,"kill=0.5,mode=random",hesk3,central_t12,utility_ratio,10,-0.016024813347270406,-0.0323403204481921,0.0014531392623915453,0.10546875,0.3
attrition,"kill=0.5,mode=scarce",hesk3,central_t12,utility_ratio,10,0.012157363015244116,0.0052332430327009585,0.018982021265746083,0.02734375,0.9
attrition,"kill=0.6,mode=leader",hesk3,central_t12,utility_ratio,10,-0.0016273698674587945,-0.022141373326603948,0.017528419198085936,1.0,0.5
attrition,"kill=0.6,mode=random",hesk3,central_t12,utility_ratio,10,-0.0029159756839212568,-0.01965315335105304,0.01059040791249311,0.845703125,0.6
attrition,"kill=0.6,mode=scarce",hesk3,central_t12,utility_ratio,10,0.0027615552220380144,-0.007732758183524274,0.012944378118557042,0.845703125,0.6
attrition,"kill=0.0,mode=leader",hesk3,cnp,utility_ratio,10,0.10918633928104135,0.0867848782102968,0.12871318691504122,0.001953125,1.0
attrition,"kill=0.0,mode=random",hesk3,cnp,utility_ratio,10,0.10320816615046895,0.07814341619831269,0.1264929118951195,0.001953125,1.0
attrition,"kill=0.0,mode=scarce",hesk3,cnp,utility_ratio,10,0.11750604738714847,0.11036888834275779,0.12472079461285132,0.001953125,1.0
attrition,"kill=0.1,mode=leader",hesk3,cnp,utility_ratio,10,0.08013367472808564,0.061404539592806916,0.0998745622614258,0.001953125,1.0
attrition,"kill=0.1,mode=random",hesk3,cnp,utility_ratio,10,0.07821913405795643,0.06337071437824886,0.09380093432731211,0.001953125,1.0
attrition,"kill=0.1,mode=scarce",hesk3,cnp,utility_ratio,10,0.07871840412306161,0.04778272663595702,0.11384604377156386,0.001953125,1.0
attrition,"kill=0.2,mode=leader",hesk3,cnp,utility_ratio,10,0.07589050120998089,0.050180396350999225,0.1023886965845168,0.00390625,0.9
attrition,"kill=0.2,mode=random",hesk3,cnp,utility_ratio,10,0.04238847171812482,0.021868049368090562,0.06424885326899535,0.009765625,0.8
attrition,"kill=0.2,mode=scarce",hesk3,cnp,utility_ratio,10,0.051166597443485416,0.026003709706915335,0.0747467016872298,0.005859375,0.9
attrition,"kill=0.3,mode=leader",hesk3,cnp,utility_ratio,10,0.03070158941588159,0.012682232971759855,0.051046787152501556,0.01953125,0.9
attrition,"kill=0.3,mode=random",hesk3,cnp,utility_ratio,10,0.034979648856440324,0.015908026993668455,0.052520485043358475,0.013671875,0.8
attrition,"kill=0.3,mode=scarce",hesk3,cnp,utility_ratio,10,0.046766977123277834,0.03104478682717676,0.05935685033356995,0.00390625,0.9
attrition,"kill=0.4,mode=leader",hesk3,cnp,utility_ratio,10,0.04248846779295056,0.019382978871066353,0.06762295003014974,0.009765625,0.8
attrition,"kill=0.4,mode=random",hesk3,cnp,utility_ratio,10,0.025323400269348546,0.005611381922414044,0.04817966361933921,0.048828125,0.7
attrition,"kill=0.4,mode=scarce",hesk3,cnp,utility_ratio,10,0.03664444129925377,0.025442590188106982,0.04829381524731374,0.001953125,1.0
attrition,"kill=0.5,mode=leader",hesk3,cnp,utility_ratio,10,0.001165747690098351,-0.01663443240110493,0.020502434671977935,0.921875,0.5
attrition,"kill=0.5,mode=random",hesk3,cnp,utility_ratio,10,0.009777961271999097,-0.012732035099858327,0.030560458203284378,0.375,0.7
attrition,"kill=0.5,mode=scarce",hesk3,cnp,utility_ratio,10,0.03193854768157986,0.019399501915210057,0.042697094980906174,0.00390625,0.9
attrition,"kill=0.6,mode=leader",hesk3,cnp,utility_ratio,10,-0.0012013596058467134,-0.02314709548952152,0.015775445721758555,0.76953125,0.5
attrition,"kill=0.6,mode=random",hesk3,cnp,utility_ratio,10,0.031530160675256345,0.014004282256759547,0.05013250135301585,0.013671875,0.9
attrition,"kill=0.6,mode=scarce",hesk3,cnp,utility_ratio,10,0.04951304884540556,0.03518723257615224,0.06578515675201686,0.001953125,1.0
attrition,"kill=0.0,mode=leader",hesk5,cbba,utility_ratio,10,0.09335539547001874,0.07893612140735227,0.1067821357090187,0.001953125,1.0
attrition,"kill=0.0,mode=random",hesk5,cbba,utility_ratio,10,0.10077953758161659,0.07796413895245999,0.12398995956530062,0.001953125,1.0
attrition,"kill=0.0,mode=scarce",hesk5,cbba,utility_ratio,10,0.10012349626326134,0.08112540898368113,0.12420447016989775,0.001953125,1.0
attrition,"kill=0.1,mode=leader",hesk5,cbba,utility_ratio,10,0.05077891549290018,0.03217297082419162,0.06904627448813773,0.00390625,0.9
attrition,"kill=0.1,mode=random",hesk5,cbba,utility_ratio,10,0.04931729842602325,0.03822985926915184,0.060403719125243394,0.001953125,1.0
attrition,"kill=0.1,mode=scarce",hesk5,cbba,utility_ratio,10,0.04939997820036659,0.022849268490949426,0.07261782094923255,0.009765625,0.8
attrition,"kill=0.2,mode=leader",hesk5,cbba,utility_ratio,10,0.027372047114529487,0.009834083581080531,0.044059189369594,0.01953125,0.9
attrition,"kill=0.2,mode=random",hesk5,cbba,utility_ratio,10,0.04041458243445215,0.020695199648340122,0.060618837619562674,0.009765625,0.8
attrition,"kill=0.2,mode=scarce",hesk5,cbba,utility_ratio,10,0.02452181047338754,0.0012198897547453054,0.04288053538400924,0.083984375,0.8
attrition,"kill=0.3,mode=leader",hesk5,cbba,utility_ratio,10,0.035053201887561405,0.015392747195712349,0.05483227541130289,0.009765625,0.9
attrition,"kill=0.3,mode=random",hesk5,cbba,utility_ratio,10,0.022740402620956456,0.008459538266173813,0.0370355066837409,0.01953125,0.9
attrition,"kill=0.3,mode=scarce",hesk5,cbba,utility_ratio,10,0.024407382953314193,0.010653313152571085,0.0364305633441307,0.013671875,0.9
attrition,"kill=0.4,mode=leader",hesk5,cbba,utility_ratio,10,0.0060860338728401355,-0.015092313574132021,0.031022654207610727,1.0,0.3
attrition,"kill=0.4,mode=random",hesk5,cbba,utility_ratio,10,-0.0001370989074779616,-0.024551461134590516,0.021058079685072655,0.921875,0.6
attrition,"kill=0.4,mode=scarce",hesk5,cbba,utility_ratio,10,0.008144741806653422,-0.0014827178059996632,0.018716806016306146,0.193359375,0.6
attrition,"kill=0.5,mode=leader",hesk5,cbba,utility_ratio,10,-0.003160331933889665,-0.02369952539382676,0.01829724666748486,0.845703125,0.5
attrition,"kill=0.5,mode=random",hesk5,cbba,utility_ratio,10,-0.0014888331664853593,-0.01961808540453711,0.016961894161596575,0.921875,0.6
attrition,"kill=0.5,mode=scarce",hesk5,cbba,utility_ratio,10,0.010563361137469418,0.0018467080327660107,0.01866169683612276,0.048828125,0.8
attrition,"kill=0.6,mode=leader",hesk5,cbba,utility_ratio,10,-0.004936539365917763,-0.02422695069213163,0.01489913552027129,0.6953125,0.4
attrition,"kill=0.6,mode=random",hesk5,cbba,utility_ratio,10,0.007851159397142676,-0.00975606812071526,0.027126130048842775,0.4921875,0.7
attrition,"kill=0.6,mode=scarce",hesk5,cbba,utility_ratio,10,-0.004636700960880253,-0.012608944148986933,0.0036363166787887436,0.375,0.5
attrition,"kill=0.0,mode=leader",hesk5,central,utility_ratio,10,0.07052541601741279,0.05137702713276951,0.08715885177345334,0.001953125,1.0
attrition,"kill=0.0,mode=random",hesk5,central,utility_ratio,10,0.07063944253141942,0.04653712449765175,0.08823308149289676,0.00390625,0.9
attrition,"kill=0.0,mode=scarce",hesk5,central,utility_ratio,10,0.06588673838835635,0.053205002810681225,0.07873437477000675,0.001953125,1.0
attrition,"kill=0.1,mode=leader",hesk5,central,utility_ratio,10,0.041261279869030644,0.0265691066353308,0.05440232143039973,0.001953125,1.0
attrition,"kill=0.1,mode=random",hesk5,central,utility_ratio,10,0.03422624257532274,0.015572729267289347,0.051232475434891164,0.009765625,0.8
attrition,"kill=0.1,mode=scarce",hesk5,central,utility_ratio,10,0.03042122199432864,0.005539369333842731,0.052267712990230523,0.064453125,0.8
attrition,"kill=0.2,mode=leader",hesk5,central,utility_ratio,10,0.014271138198208643,0.0011435510909099304,0.02755454742275013,0.048828125,0.9
attrition,"kill=0.2,mode=random",hesk5,central,utility_ratio,10,-0.0009388555993977366,-0.021871114802540174,0.022290357134009252,1.0,0.5
attrition,"kill=0.2,mode=scarce",hesk5,central,utility_ratio,10,0.0015292400881938173,-0.012598538478110712,0.013211280796346205,0.556640625,0.6
attrition,"kill=0.3,mode=leader",hesk5,central,utility_ratio,10,-0.013476676630564222,-0.02342501200088155,-0.004220379138377784,0.02734375,0.1
attrition,"kill=0.3,mode=random",hesk5,central,utility_ratio,10,-0.009203815089964174,-0.025217681494698954,0.007463260676135331,0.322265625,0.4
attrition,"kill=0.3,mode=scarce",hesk5,central,utility_ratio,10,0.009707387691408576,-6.50978283636183e-06,0.0180490593134495,0.083984375,0.8
attrition,"kill=0.4,mode=leader",hesk5,central,utility_ratio,10,-0.013651836407576367,-0.0316347523541281,0.010246096006698456,0.232421875,0.3
attrition,"kill=0.4,mode=random",hesk5,central,utility_ratio,10,-0.018814039223219302,-0.03552708246630664,-0.0016487032551330194,0.083984375,0.3
attrition,"kill=0.4,mode=scarce",hesk5,central,utility_ratio,10,-0.006316457438299295,-0.0165799601960889,0.005361043252332719,0.193359375,0.2
attrition,"kill=0.5,mode=leader",hesk5,central,utility_ratio,10,-0.02704846515751288,-0.04004405016425004,-0.014547846461210524,0.00390625,0.1
attrition,"kill=0.5,mode=random",hesk5,central,utility_ratio,10,-0.019820322915155897,-0.0362755223630911,-0.0023102748614495057,0.083984375,0.2
attrition,"kill=0.5,mode=scarce",hesk5,central,utility_ratio,10,0.009935686689092948,0.002738326796878832,0.016632469226302037,0.037109375,0.9
attrition,"kill=0.6,mode=leader",hesk5,central,utility_ratio,10,-0.010600310086665671,-0.029909365309364364,0.007985236096110541,0.275390625,0.2
attrition,"kill=0.6,mode=random",hesk5,central,utility_ratio,10,-0.0022898293627752974,-0.019284700590445965,0.010867205299003486,0.6953125,0.7
attrition,"kill=0.6,mode=scarce",hesk5,central,utility_ratio,10,0.0014656397953581924,-0.008891011306157118,0.011349582374717627,0.921875,0.6
attrition,"kill=0.0,mode=leader",hesk5,central_t12,utility_ratio,10,0.07052541601741279,0.05137702713276951,0.08715885177345334,0.001953125,1.0
attrition,"kill=0.0,mode=random",hesk5,central_t12,utility_ratio,10,0.07063944253141942,0.04653712449765175,0.08823308149289676,0.00390625,0.9
attrition,"kill=0.0,mode=scarce",hesk5,central_t12,utility_ratio,10,0.06588673838835635,0.053205002810681225,0.07873437477000675,0.001953125,1.0
attrition,"kill=0.1,mode=leader",hesk5,central_t12,utility_ratio,10,0.042619403047801506,0.027894915311946,0.05562466728615388,0.001953125,1.0
attrition,"kill=0.1,mode=random",hesk5,central_t12,utility_ratio,10,0.035004176528177236,0.01621917286182417,0.05191636887645131,0.009765625,0.8
attrition,"kill=0.1,mode=scarce",hesk5,central_t12,utility_ratio,10,0.03185639207705325,0.006925587061730123,0.053411722435475206,0.048828125,0.8
attrition,"kill=0.2,mode=leader",hesk5,central_t12,utility_ratio,10,0.017888484205448373,0.004916228541587667,0.030876438710017592,0.048828125,0.9
attrition,"kill=0.2,mode=random",hesk5,central_t12,utility_ratio,10,0.0009375730796012061,-0.019838850187367685,0.023855543220799955,1.0,0.5
attrition,"kill=0.2,mode=scarce",hesk5,central_t12,utility_ratio,10,0.00425161381299255,-0.009978125984451289,0.016089515485062232,0.275390625,0.7
attrition,"kill=0.3,mode=leader",hesk5,central_t12,utility_ratio,10,-0.009342624981632141,-0.0189676699208601,-0.00041488046650885234,0.10546875,0.3
attrition,"kill=0.3,mode=random",hesk5,central_t12,utility_ratio,10,-0.005795685745133683,-0.021828106128111317,0.01045799027018783,0.625,0.4
attrition,"kill=0.3,mode=scarce",hesk5,central_t12,utility_ratio,10,0.013132457534243802,0.0032165628613405636,0.021689769533980347,0.02734375,0.8
attrition,"kill=0.4,mode=leader",hesk5,central_t12,utility_ratio,10,-0.007731971770731894,-0.025325501239774794,0.015661362669549515,0.375,0.3
attrition,"kill=0.4,mode=random",hesk5,central_t12,utility_ratio,10,-0.01655760640150624,-0.032569948400403025,-0.0006208182852971454,0.10546875,0.3
attrition,"kill=0.4,mode=scarce",hesk5,central_t12,utility_ratio,10,-0.003607885213729356,-0.013454520605587546,0.0077023374681926,0.431640625,0.4
attrition,"kill=0.5,mode=leader",hesk5,central_t12,utility_ratio,10,-0.01515744443369706,-0.03272960719222831,0.0034240726306841622,0.193359375,0.4
attrition,"kill=0.5,mode=random",hesk5,central_t12,utility_ratio,10,-0.016024813347270406,-0.0323403204481921,0.0014531392623915453,0.10546875,0.3
attrition,"kill=0.5,mode=scarce",hesk5,central_t12,utility_ratio,10,0.012157363015244116,0.0052332430327009585,0.018982021265746083,0.02734375,0.9
attrition,"kill=0.6,mode=leader",hesk5,central_t12,utility_ratio,10,-0.0016273698674587945,-0.022141373326603948,0.017528419198085936,1.0,0.5
attrition,"kill=0.6,mode=random",hesk5,central_t12,utility_ratio,10,-0.0029159756839212568,-0.01965315335105304,0.01059040791249311,0.845703125,0.6
attrition,"kill=0.6,mode=scarce",hesk5,central_t12,utility_ratio,10,0.0027615552220380144,-0.007732758183524274,0.012944378118557042,0.845703125,0.6
attrition,"kill=0.0,mode=leader",hesk5,cnp,utility_ratio,10,0.10918633928104135,0.0867848782102968,0.12871318691504122,0.001953125,1.0
attrition,"kill=0.0,mode=random",hesk5,cnp,utility_ratio,10,0.10320816615046895,0.07814341619831269,0.1264929118951195,0.001953125,1.0
attrition,"kill=0.0,mode=scarce",hesk5,cnp,utility_ratio,10,0.11750604738714847,0.11036888834275779,0.12472079461285132,0.001953125,1.0
attrition,"kill=0.1,mode=leader",hesk5,cnp,utility_ratio,10,0.08013367472808564,0.061404539592806916,0.0998745622614258,0.001953125,1.0
attrition,"kill=0.1,mode=random",hesk5,cnp,utility_ratio,10,0.07821913405795643,0.06337071437824886,0.09380093432731211,0.001953125,1.0
attrition,"kill=0.1,mode=scarce",hesk5,cnp,utility_ratio,10,0.07871840412306161,0.04778272663595702,0.11384604377156386,0.001953125,1.0
attrition,"kill=0.2,mode=leader",hesk5,cnp,utility_ratio,10,0.07589050120998089,0.050180396350999225,0.1023886965845168,0.00390625,0.9
attrition,"kill=0.2,mode=random",hesk5,cnp,utility_ratio,10,0.04238847171812482,0.021868049368090562,0.06424885326899535,0.009765625,0.8
attrition,"kill=0.2,mode=scarce",hesk5,cnp,utility_ratio,10,0.051166597443485416,0.026003709706915335,0.0747467016872298,0.005859375,0.9
attrition,"kill=0.3,mode=leader",hesk5,cnp,utility_ratio,10,0.03070158941588159,0.012682232971759855,0.051046787152501556,0.01953125,0.9
attrition,"kill=0.3,mode=random",hesk5,cnp,utility_ratio,10,0.034979648856440324,0.015908026993668455,0.052520485043358475,0.013671875,0.8
attrition,"kill=0.3,mode=scarce",hesk5,cnp,utility_ratio,10,0.046766977123277834,0.03104478682717676,0.05935685033356995,0.00390625,0.9
attrition,"kill=0.4,mode=leader",hesk5,cnp,utility_ratio,10,0.04248846779295056,0.019382978871066353,0.06762295003014974,0.009765625,0.8
attrition,"kill=0.4,mode=random",hesk5,cnp,utility_ratio,10,0.025323400269348546,0.005611381922414044,0.04817966361933921,0.048828125,0.7
attrition,"kill=0.4,mode=scarce",hesk5,cnp,utility_ratio,10,0.03664444129925377,0.025442590188106982,0.04829381524731374,0.001953125,1.0
attrition,"kill=0.5,mode=leader",hesk5,cnp,utility_ratio,10,0.001165747690098351,-0.01663443240110493,0.020502434671977935,0.921875,0.5
attrition,"kill=0.5,mode=random",hesk5,cnp,utility_ratio,10,0.009777961271999097,-0.012732035099858327,0.030560458203284378,0.375,0.7
attrition,"kill=0.5,mode=scarce",hesk5,cnp,utility_ratio,10,0.03193854768157986,0.019399501915210057,0.042697094980906174,0.00390625,0.9
attrition,"kill=0.6,mode=leader",hesk5,cnp,utility_ratio,10,-0.0012013596058467134,-0.02314709548952152,0.015775445721758555,0.76953125,0.5
attrition,"kill=0.6,mode=random",hesk5,cnp,utility_ratio,10,0.031530160675256345,0.014004282256759547,0.05013250135301585,0.013671875,0.9
attrition,"kill=0.6,mode=scarce",hesk5,cnp,utility_ratio,10,0.04951304884540556,0.03518723257615224,0.06578515675201686,0.001953125,1.0
attrition,"kill=0.0,mode=leader",hesk5,hesk3,utility_ratio,10,0.0,0.0,0.0,1.0,0.0
attrition,"kill=0.0,mode=random",hesk5,hesk3,utility_ratio,10,0.0,0.0,0.0,1.0,0.0
attrition,"kill=0.0,mode=scarce",hesk5,hesk3,utility_ratio,10,0.0,0.0,0.0,1.0,0.0
attrition,"kill=0.1,mode=leader",hesk5,hesk3,utility_ratio,10,0.0,0.0,0.0,1.0,0.0
attrition,"kill=0.1,mode=random",hesk5,hesk3,utility_ratio,10,0.0,0.0,0.0,1.0,0.0
attrition,"kill=0.1,mode=scarce",hesk5,hesk3,utility_ratio,10,0.0,0.0,0.0,1.0,0.0
attrition,"kill=0.2,mode=leader",hesk5,hesk3,utility_ratio,10,0.0,0.0,0.0,1.0,0.0
attrition,"kill=0.2,mode=random",hesk5,hesk3,utility_ratio,10,0.0,0.0,0.0,1.0,0.0
attrition,"kill=0.2,mode=scarce",hesk5,hesk3,utility_ratio,10,0.0,0.0,0.0,1.0,0.0
attrition,"kill=0.3,mode=leader",hesk5,hesk3,utility_ratio,10,0.0,0.0,0.0,1.0,0.0
attrition,"kill=0.3,mode=random",hesk5,hesk3,utility_ratio,10,0.0,0.0,0.0,1.0,0.0
attrition,"kill=0.3,mode=scarce",hesk5,hesk3,utility_ratio,10,0.0,0.0,0.0,1.0,0.0
attrition,"kill=0.4,mode=leader",hesk5,hesk3,utility_ratio,10,0.0,0.0,0.0,1.0,0.0
attrition,"kill=0.4,mode=random",hesk5,hesk3,utility_ratio,10,0.0,0.0,0.0,1.0,0.0
attrition,"kill=0.4,mode=scarce",hesk5,hesk3,utility_ratio,10,0.0,0.0,0.0,1.0,0.0
attrition,"kill=0.5,mode=leader",hesk5,hesk3,utility_ratio,10,0.0,0.0,0.0,1.0,0.0
attrition,"kill=0.5,mode=random",hesk5,hesk3,utility_ratio,10,0.0,0.0,0.0,1.0,0.0
attrition,"kill=0.5,mode=scarce",hesk5,hesk3,utility_ratio,10,0.0,0.0,0.0,1.0,0.0
attrition,"kill=0.6,mode=leader",hesk5,hesk3,utility_ratio,10,0.0,0.0,0.0,1.0,0.0
attrition,"kill=0.6,mode=random",hesk5,hesk3,utility_ratio,10,0.0,0.0,0.0,1.0,0.0
attrition,"kill=0.6,mode=scarce",hesk5,hesk3,utility_ratio,10,0.0,0.0,0.0,1.0,0.0
attrition,"kill=0.0,mode=leader",hesk6,cbba,utility_ratio,10,0.09335539547001874,0.07893612140735227,0.1067821357090187,0.001953125,1.0
attrition,"kill=0.0,mode=random",hesk6,cbba,utility_ratio,10,0.10077953758161659,0.07796413895245999,0.12398995956530062,0.001953125,1.0
attrition,"kill=0.0,mode=scarce",hesk6,cbba,utility_ratio,10,0.10012349626326134,0.08112540898368113,0.12420447016989775,0.001953125,1.0
attrition,"kill=0.1,mode=leader",hesk6,cbba,utility_ratio,10,0.05077891549290018,0.03217297082419162,0.06904627448813773,0.00390625,0.9
attrition,"kill=0.1,mode=random",hesk6,cbba,utility_ratio,10,0.04931729842602325,0.03822985926915184,0.060403719125243394,0.001953125,1.0
attrition,"kill=0.1,mode=scarce",hesk6,cbba,utility_ratio,10,0.04939997820036659,0.022849268490949426,0.07261782094923255,0.009765625,0.8
attrition,"kill=0.2,mode=leader",hesk6,cbba,utility_ratio,10,0.027372047114529487,0.009834083581080531,0.044059189369594,0.01953125,0.9
attrition,"kill=0.2,mode=random",hesk6,cbba,utility_ratio,10,0.04041458243445215,0.020695199648340122,0.060618837619562674,0.009765625,0.8
attrition,"kill=0.2,mode=scarce",hesk6,cbba,utility_ratio,10,0.02452181047338754,0.0012198897547453054,0.04288053538400924,0.083984375,0.8
attrition,"kill=0.3,mode=leader",hesk6,cbba,utility_ratio,10,0.035053201887561405,0.015392747195712349,0.05483227541130289,0.009765625,0.9
attrition,"kill=0.3,mode=random",hesk6,cbba,utility_ratio,10,0.022740402620956456,0.008459538266173813,0.0370355066837409,0.01953125,0.9
attrition,"kill=0.3,mode=scarce",hesk6,cbba,utility_ratio,10,0.024407382953314193,0.010653313152571085,0.0364305633441307,0.013671875,0.9
attrition,"kill=0.4,mode=leader",hesk6,cbba,utility_ratio,10,0.0060860338728401355,-0.015092313574132021,0.031022654207610727,1.0,0.3
attrition,"kill=0.4,mode=random",hesk6,cbba,utility_ratio,10,-0.0001370989074779616,-0.024551461134590516,0.021058079685072655,0.921875,0.6
attrition,"kill=0.4,mode=scarce",hesk6,cbba,utility_ratio,10,0.008144741806653422,-0.0014827178059996632,0.018716806016306146,0.193359375,0.6
attrition,"kill=0.5,mode=leader",hesk6,cbba,utility_ratio,10,-0.003160331933889665,-0.02369952539382676,0.01829724666748486,0.845703125,0.5
attrition,"kill=0.5,mode=random",hesk6,cbba,utility_ratio,10,-0.0014888331664853593,-0.01961808540453711,0.016961894161596575,0.921875,0.6
attrition,"kill=0.5,mode=scarce",hesk6,cbba,utility_ratio,10,0.010563361137469418,0.0018467080327660107,0.01866169683612276,0.048828125,0.8
attrition,"kill=0.6,mode=leader",hesk6,cbba,utility_ratio,10,-0.004936539365917763,-0.02422695069213163,0.01489913552027129,0.6953125,0.4
attrition,"kill=0.6,mode=random",hesk6,cbba,utility_ratio,10,0.007851159397142676,-0.00975606812071526,0.027126130048842775,0.4921875,0.7
attrition,"kill=0.6,mode=scarce",hesk6,cbba,utility_ratio,10,-0.004636700960880253,-0.012608944148986933,0.0036363166787887436,0.375,0.5
attrition,"kill=0.0,mode=leader",hesk6,central,utility_ratio,10,0.07052541601741279,0.05137702713276951,0.08715885177345334,0.001953125,1.0
attrition,"kill=0.0,mode=random",hesk6,central,utility_ratio,10,0.07063944253141942,0.04653712449765175,0.08823308149289676,0.00390625,0.9
attrition,"kill=0.0,mode=scarce",hesk6,central,utility_ratio,10,0.06588673838835635,0.053205002810681225,0.07873437477000675,0.001953125,1.0
attrition,"kill=0.1,mode=leader",hesk6,central,utility_ratio,10,0.041261279869030644,0.0265691066353308,0.05440232143039973,0.001953125,1.0
attrition,"kill=0.1,mode=random",hesk6,central,utility_ratio,10,0.03422624257532274,0.015572729267289347,0.051232475434891164,0.009765625,0.8
attrition,"kill=0.1,mode=scarce",hesk6,central,utility_ratio,10,0.03042122199432864,0.005539369333842731,0.052267712990230523,0.064453125,0.8
attrition,"kill=0.2,mode=leader",hesk6,central,utility_ratio,10,0.014271138198208643,0.0011435510909099304,0.02755454742275013,0.048828125,0.9
attrition,"kill=0.2,mode=random",hesk6,central,utility_ratio,10,-0.0009388555993977366,-0.021871114802540174,0.022290357134009252,1.0,0.5
attrition,"kill=0.2,mode=scarce",hesk6,central,utility_ratio,10,0.0015292400881938173,-0.012598538478110712,0.013211280796346205,0.556640625,0.6
attrition,"kill=0.3,mode=leader",hesk6,central,utility_ratio,10,-0.013476676630564222,-0.02342501200088155,-0.004220379138377784,0.02734375,0.1
attrition,"kill=0.3,mode=random",hesk6,central,utility_ratio,10,-0.009203815089964174,-0.025217681494698954,0.007463260676135331,0.322265625,0.4
attrition,"kill=0.3,mode=scarce",hesk6,central,utility_ratio,10,0.009707387691408576,-6.50978283636183e-06,0.0180490593134495,0.083984375,0.8
attrition,"kill=0.4,mode=leader",hesk6,central,utility_ratio,10,-0.013651836407576367,-0.0316347523541281,0.010246096006698456,0.232421875,0.3
attrition,"kill=0.4,mode=random",hesk6,central,utility_ratio,10,-0.018814039223219302,-0.03552708246630664,-0.0016487032551330194,0.083984375,0.3
attrition,"kill=0.4,mode=scarce",hesk6,central,utility_ratio,10,-0.006316457438299295,-0.0165799601960889,0.005361043252332719,0.193359375,0.2
attrition,"kill=0.5,mode=leader",hesk6,central,utility_ratio,10,-0.02704846515751288,-0.04004405016425004,-0.014547846461210524,0.00390625,0.1
attrition,"kill=0.5,mode=random",hesk6,central,utility_ratio,10,-0.019820322915155897,-0.0362755223630911,-0.0023102748614495057,0.083984375,0.2
attrition,"kill=0.5,mode=scarce",hesk6,central,utility_ratio,10,0.009935686689092948,0.002738326796878832,0.016632469226302037,0.037109375,0.9
attrition,"kill=0.6,mode=leader",hesk6,central,utility_ratio,10,-0.010600310086665671,-0.029909365309364364,0.007985236096110541,0.275390625,0.2
attrition,"kill=0.6,mode=random",hesk6,central,utility_ratio,10,-0.0022898293627752974,-0.019284700590445965,0.010867205299003486,0.6953125,0.7
attrition,"kill=0.6,mode=scarce",hesk6,central,utility_ratio,10,0.0014656397953581924,-0.008891011306157118,0.011349582374717627,0.921875,0.6
attrition,"kill=0.0,mode=leader",hesk6,central_t12,utility_ratio,10,0.07052541601741279,0.05137702713276951,0.08715885177345334,0.001953125,1.0
attrition,"kill=0.0,mode=random",hesk6,central_t12,utility_ratio,10,0.07063944253141942,0.04653712449765175,0.08823308149289676,0.00390625,0.9
attrition,"kill=0.0,mode=scarce",hesk6,central_t12,utility_ratio,10,0.06588673838835635,0.053205002810681225,0.07873437477000675,0.001953125,1.0
attrition,"kill=0.1,mode=leader",hesk6,central_t12,utility_ratio,10,0.042619403047801506,0.027894915311946,0.05562466728615388,0.001953125,1.0
attrition,"kill=0.1,mode=random",hesk6,central_t12,utility_ratio,10,0.035004176528177236,0.01621917286182417,0.05191636887645131,0.009765625,0.8
attrition,"kill=0.1,mode=scarce",hesk6,central_t12,utility_ratio,10,0.03185639207705325,0.006925587061730123,0.053411722435475206,0.048828125,0.8
attrition,"kill=0.2,mode=leader",hesk6,central_t12,utility_ratio,10,0.017888484205448373,0.004916228541587667,0.030876438710017592,0.048828125,0.9
attrition,"kill=0.2,mode=random",hesk6,central_t12,utility_ratio,10,0.0009375730796012061,-0.019838850187367685,0.023855543220799955,1.0,0.5
attrition,"kill=0.2,mode=scarce",hesk6,central_t12,utility_ratio,10,0.00425161381299255,-0.009978125984451289,0.016089515485062232,0.275390625,0.7
attrition,"kill=0.3,mode=leader",hesk6,central_t12,utility_ratio,10,-0.009342624981632141,-0.0189676699208601,-0.00041488046650885234,0.10546875,0.3
attrition,"kill=0.3,mode=random",hesk6,central_t12,utility_ratio,10,-0.005795685745133683,-0.021828106128111317,0.01045799027018783,0.625,0.4
attrition,"kill=0.3,mode=scarce",hesk6,central_t12,utility_ratio,10,0.013132457534243802,0.0032165628613405636,0.021689769533980347,0.02734375,0.8
attrition,"kill=0.4,mode=leader",hesk6,central_t12,utility_ratio,10,-0.007731971770731894,-0.025325501239774794,0.015661362669549515,0.375,0.3
attrition,"kill=0.4,mode=random",hesk6,central_t12,utility_ratio,10,-0.01655760640150624,-0.032569948400403025,-0.0006208182852971454,0.10546875,0.3
attrition,"kill=0.4,mode=scarce",hesk6,central_t12,utility_ratio,10,-0.003607885213729356,-0.013454520605587546,0.0077023374681926,0.431640625,0.4
attrition,"kill=0.5,mode=leader",hesk6,central_t12,utility_ratio,10,-0.01515744443369706,-0.03272960719222831,0.0034240726306841622,0.193359375,0.4
attrition,"kill=0.5,mode=random",hesk6,central_t12,utility_ratio,10,-0.016024813347270406,-0.0323403204481921,0.0014531392623915453,0.10546875,0.3
attrition,"kill=0.5,mode=scarce",hesk6,central_t12,utility_ratio,10,0.012157363015244116,0.0052332430327009585,0.018982021265746083,0.02734375,0.9
attrition,"kill=0.6,mode=leader",hesk6,central_t12,utility_ratio,10,-0.0016273698674587945,-0.022141373326603948,0.017528419198085936,1.0,0.5
attrition,"kill=0.6,mode=random",hesk6,central_t12,utility_ratio,10,-0.0029159756839212568,-0.01965315335105304,0.01059040791249311,0.845703125,0.6
attrition,"kill=0.6,mode=scarce",hesk6,central_t12,utility_ratio,10,0.0027615552220380144,-0.007732758183524274,0.012944378118557042,0.845703125,0.6
attrition,"kill=0.0,mode=leader",hesk6,cnp,utility_ratio,10,0.10918633928104135,0.0867848782102968,0.12871318691504122,0.001953125,1.0
attrition,"kill=0.0,mode=random",hesk6,cnp,utility_ratio,10,0.10320816615046895,0.07814341619831269,0.1264929118951195,0.001953125,1.0
attrition,"kill=0.0,mode=scarce",hesk6,cnp,utility_ratio,10,0.11750604738714847,0.11036888834275779,0.12472079461285132,0.001953125,1.0
attrition,"kill=0.1,mode=leader",hesk6,cnp,utility_ratio,10,0.08013367472808564,0.061404539592806916,0.0998745622614258,0.001953125,1.0
attrition,"kill=0.1,mode=random",hesk6,cnp,utility_ratio,10,0.07821913405795643,0.06337071437824886,0.09380093432731211,0.001953125,1.0
attrition,"kill=0.1,mode=scarce",hesk6,cnp,utility_ratio,10,0.07871840412306161,0.04778272663595702,0.11384604377156386,0.001953125,1.0
attrition,"kill=0.2,mode=leader",hesk6,cnp,utility_ratio,10,0.07589050120998089,0.050180396350999225,0.1023886965845168,0.00390625,0.9
attrition,"kill=0.2,mode=random",hesk6,cnp,utility_ratio,10,0.04238847171812482,0.021868049368090562,0.06424885326899535,0.009765625,0.8
attrition,"kill=0.2,mode=scarce",hesk6,cnp,utility_ratio,10,0.051166597443485416,0.026003709706915335,0.0747467016872298,0.005859375,0.9
attrition,"kill=0.3,mode=leader",hesk6,cnp,utility_ratio,10,0.03070158941588159,0.012682232971759855,0.051046787152501556,0.01953125,0.9
attrition,"kill=0.3,mode=random",hesk6,cnp,utility_ratio,10,0.034979648856440324,0.015908026993668455,0.052520485043358475,0.013671875,0.8
attrition,"kill=0.3,mode=scarce",hesk6,cnp,utility_ratio,10,0.046766977123277834,0.03104478682717676,0.05935685033356995,0.00390625,0.9
attrition,"kill=0.4,mode=leader",hesk6,cnp,utility_ratio,10,0.04248846779295056,0.019382978871066353,0.06762295003014974,0.009765625,0.8
attrition,"kill=0.4,mode=random",hesk6,cnp,utility_ratio,10,0.025323400269348546,0.005611381922414044,0.04817966361933921,0.048828125,0.7
attrition,"kill=0.4,mode=scarce",hesk6,cnp,utility_ratio,10,0.03664444129925377,0.025442590188106982,0.04829381524731374,0.001953125,1.0
attrition,"kill=0.5,mode=leader",hesk6,cnp,utility_ratio,10,0.001165747690098351,-0.01663443240110493,0.020502434671977935,0.921875,0.5
attrition,"kill=0.5,mode=random",hesk6,cnp,utility_ratio,10,0.009777961271999097,-0.012732035099858327,0.030560458203284378,0.375,0.7
attrition,"kill=0.5,mode=scarce",hesk6,cnp,utility_ratio,10,0.03193854768157986,0.019399501915210057,0.042697094980906174,0.00390625,0.9
attrition,"kill=0.6,mode=leader",hesk6,cnp,utility_ratio,10,-0.0012013596058467134,-0.02314709548952152,0.015775445721758555,0.76953125,0.5
attrition,"kill=0.6,mode=random",hesk6,cnp,utility_ratio,10,0.031530160675256345,0.014004282256759547,0.05013250135301585,0.013671875,0.9
attrition,"kill=0.6,mode=scarce",hesk6,cnp,utility_ratio,10,0.04951304884540556,0.03518723257615224,0.06578515675201686,0.001953125,1.0
attrition,"kill=0.0,mode=leader",hesk6,hesk3,utility_ratio,10,0.0,0.0,0.0,1.0,0.0
attrition,"kill=0.0,mode=random",hesk6,hesk3,utility_ratio,10,0.0,0.0,0.0,1.0,0.0
attrition,"kill=0.0,mode=scarce",hesk6,hesk3,utility_ratio,10,0.0,0.0,0.0,1.0,0.0
attrition,"kill=0.1,mode=leader",hesk6,hesk3,utility_ratio,10,0.0,0.0,0.0,1.0,0.0
attrition,"kill=0.1,mode=random",hesk6,hesk3,utility_ratio,10,0.0,0.0,0.0,1.0,0.0
attrition,"kill=0.1,mode=scarce",hesk6,hesk3,utility_ratio,10,0.0,0.0,0.0,1.0,0.0
attrition,"kill=0.2,mode=leader",hesk6,hesk3,utility_ratio,10,0.0,0.0,0.0,1.0,0.0
attrition,"kill=0.2,mode=random",hesk6,hesk3,utility_ratio,10,0.0,0.0,0.0,1.0,0.0
attrition,"kill=0.2,mode=scarce",hesk6,hesk3,utility_ratio,10,0.0,0.0,0.0,1.0,0.0
attrition,"kill=0.3,mode=leader",hesk6,hesk3,utility_ratio,10,0.0,0.0,0.0,1.0,0.0
attrition,"kill=0.3,mode=random",hesk6,hesk3,utility_ratio,10,0.0,0.0,0.0,1.0,0.0
attrition,"kill=0.3,mode=scarce",hesk6,hesk3,utility_ratio,10,0.0,0.0,0.0,1.0,0.0
attrition,"kill=0.4,mode=leader",hesk6,hesk3,utility_ratio,10,0.0,0.0,0.0,1.0,0.0
attrition,"kill=0.4,mode=random",hesk6,hesk3,utility_ratio,10,0.0,0.0,0.0,1.0,0.0
attrition,"kill=0.4,mode=scarce",hesk6,hesk3,utility_ratio,10,0.0,0.0,0.0,1.0,0.0
attrition,"kill=0.5,mode=leader",hesk6,hesk3,utility_ratio,10,0.0,0.0,0.0,1.0,0.0
attrition,"kill=0.5,mode=random",hesk6,hesk3,utility_ratio,10,0.0,0.0,0.0,1.0,0.0
attrition,"kill=0.5,mode=scarce",hesk6,hesk3,utility_ratio,10,0.0,0.0,0.0,1.0,0.0
attrition,"kill=0.6,mode=leader",hesk6,hesk3,utility_ratio,10,0.0,0.0,0.0,1.0,0.0
attrition,"kill=0.6,mode=random",hesk6,hesk3,utility_ratio,10,0.0,0.0,0.0,1.0,0.0
attrition,"kill=0.6,mode=scarce",hesk6,hesk3,utility_ratio,10,0.0,0.0,0.0,1.0,0.0
partition,"k=2,dur=150",hesk3,cbba,utility_ratio,15,0.021485480182680993,1.3095098919456714e-05,0.04396910191493167,0.12054443359375,0.6666666666666666
partition,"k=2,dur=300",hesk3,cbba,utility_ratio,15,0.015756207689959313,0.0018527010745299282,0.029958154216423685,0.063720703125,0.7333333333333333
partition,"k=2,dur=60",hesk3,cbba,utility_ratio,15,0.054598440402483406,0.03803898883836336,0.07260027203171858,0.00030517578125,0.8666666666666667
partition,"k=3,dur=150",hesk3,cbba,utility_ratio,15,0.0140489020126311,-0.004575436537023623,0.03261601776749829,0.1688232421875,0.7333333333333333
partition,"k=3,dur=300",hesk3,cbba,utility_ratio,15,0.003598147026897802,-0.009367381478743752,0.018587388209789793,0.67877197265625,0.5333333333333333
partition,"k=3,dur=60",hesk3,cbba,utility_ratio,15,0.04682294620671805,0.027395853237109996,0.06456878275835516,0.0008544921875,0.8666666666666667
partition,"k=4,dur=150",hesk3,cbba,utility_ratio,15,0.026695170115812662,0.0036562397798009395,0.049218903442840176,0.05535888671875,0.7333333333333333
partition,"k=4,dur=300",hesk3,cbba,utility_ratio,15,-0.011942760030072767,-0.028927298123895086,0.0050140652336811125,0.22930908203125,0.4
partition,"k=4,dur=60",hesk3,cbba,utility_ratio,15,0.03811713282900273,0.010416412976960082,0.0640446077297886,0.01507568359375,0.8
partition,"k=2,dur=150",hesk3,central,utility_ratio,15,0.03431214280316976,0.013049326442576312,0.058083176454604535,0.02154541015625,0.7333333333333333
partition,"k=2,dur=300",hesk3,central,utility_ratio,15,0.04186066475574987,0.03143555211827755,0.05262353005541115,6.103515625e-05,1.0
partition,"k=2,dur=60",hesk3,central,utility_ratio,15,0.05133678029269607,0.034984868712939404,0.06713281708232036,0.00030517578125,0.8666666666666667
partition,"k=3,dur=150",hesk3,central,utility_ratio,15,0.01721017036131386,0.0008783850554302462,0.033220609901941776,0.05535888671875,0.8
partition,"k=3,dur=300",hesk3,central,utility_ratio,15,0.016655985479791604,0.0002865316664958701,0.03313156542577484,0.0946044921875,0.6666666666666666
partition,"k=3,dur=60",hesk3,central,utility_ratio,15,0.04534077523716191,0.02490990959693665,0.06622645901805804,0.00201416015625,0.8
partition,"k=4,dur=150",hesk3,central,utility_ratio,15,0.025502871107705157,0.007994994847578861,0.04243473563161661,0.01507568359375,0.8
partition,"k=4,dur=300",hesk3,central,utility_ratio,15,-0.003863546419289062,-0.018566162235133937,0.010362845368427631,0.7197265625,0.4666666666666667
partition,"k=4,dur=60",hesk3,central,utility_ratio,15,0.03634412316824877,0.0125178395084475,0.05720108842396525,0.01025390625,0.7333333333333333
partition,"k=2,dur=150",hesk3,central_t12,utility_ratio,15,0.03072924512730083,0.008127459336394258,0.055254105017005804,0.04791259765625,0.6666666666666666
partition,"k=2,dur=300",hesk3,central_t12,utility_ratio,15,0.03832746154347861,0.026581589566564274,0.05007718309031373,0.00018310546875,0.9333333333333333
partition,"k=2,dur=60",hesk3,central_t12,utility_ratio,15,0.0489994544698347,0.03235399071491268,0.06515640068549362,0.00030517578125,0.8666666666666667
partition,"k=3,dur=150",hesk3,central_t12,utility_ratio,15,0.016061637662818925,0.00021944324534396104,0.032554938685201325,0.10699462890625,0.6666666666666666
partition,"k=3,dur=300",hesk3,central_t12,utility_ratio,15,0.01428908236417863,-0.001977089046884666,0.03065033045930137,0.15142822265625,0.6
partition,"k=3,dur=60",hesk3,central_t12,utility_ratio,15,0.04529080312900735,0.0247160904904451,0.06619800307448799,0.00201416015625,0.8
partition,"k=4,dur=150",hesk3,central_t12,utility_ratio,15,0.025497165064016957,0.007843502284916993,0.04241468974618869,0.012451171875,0.8
partition,"k=4,dur=300",hesk3,central_t12,utility_ratio,15,-0.0030778306146876933,-0.01802947674344726,0.010714242034829694,0.890380859375,0.4666666666666667
partition,"k=4,dur=60",hesk3,central_t12,utility_ratio,15,0.03662964182971288,0.013175315356408316,0.057564650498692874,0.00836181640625,0.7333333333333333
partition,"k=2,dur=150",hesk3,central_noquorum,utility_ratio,15,0.015839483629499874,-0.006694338358817526,0.04060853695669018,0.27685546875,0.6
partition,"k=2,dur=300",hesk3,central_noquorum,utility_ratio,15,-0.004997886743082222,-0.01830055899756385,0.00870501222111926,0.638671875,0.4666666666666667
partition,"k=2,dur=60",hesk3,central_noquorum,utility_ratio,15,0.044713459640282414,0.027481789638600432,0.06069687359732675,0.0006103515625,0.8666666666666667
partition,"k=3,dur=150",hesk3,central_noquorum,utility_ratio,15,-0.00016399420559413494,-0.0176202402397175,0.019086538286731593,0.93408203125,0.4
partition,"k=3,dur=300",hesk3,central_noquorum,utility_ratio,15,-0.00206827763226675,-0.017677504440925678,0.013262891523848006,0.803955078125,0.5333333333333333
partition,"k=3,dur=60",hesk3,central_noquorum,utility_ratio,15,0.037561071182548283,0.01767580280221858,0.057077468933967125,0.00335693359375,0.8
partition,"k=4,dur=150",hesk3,central_noquorum,utility_ratio,15,0.020028548732632816,0.0020317142937880243,0.037041453397573115,0.041259765625,0.7333333333333333
partition,"k=4,dur=300",hesk3,central_noquorum,utility_ratio,15,-0.011358454035677035,-0.027055945527502758,0.003577661653371963,0.389404296875,0.4666666666666667
partition,"k=4,dur=60",hesk3,central_noquorum,utility_ratio,15,0.027570999720393934,0.005332823079383029,0.04755684703715639,0.041259765625,0.7333333333333333
partition,"k=2,dur=150",hesk5,cbba,utility_ratio,15,0.04603367994447323,0.030572482044114314,0.05998019923550524,0.00030517578125,0.8666666666666667
partition,"k=2,dur=300",hesk5,cbba,utility_ratio,15,0.01683203636574256,0.002956049766918385,0.030912677358931686,0.04791259765625,0.6666666666666666
partition,"k=2,dur=60",hesk5,cbba,utility_ratio,15,0.06636520126033368,0.05628902846985383,0.07688707750609253,6.103515625e-05,1.0
partition,"k=3,dur=150",hesk5,cbba,utility_ratio,15,0.013156255561798846,-0.00232270676982534,0.02827504171445659,0.1688232421875,0.7333333333333333
partition,"k=3,dur=300",hesk5,cbba,utility_ratio,15,0.007924589750051829,-0.005685592543424782,0.021401705183598532,0.1876220703125,0.7333333333333333
partition,"k=3,dur=60",hesk5,cbba,utility_ratio,15,0.0572536641690128,0.04306192461561164,0.07178838373050447,6.103515625e-05,1.0
partition,"k=4,dur=150",hesk5,cbba,utility_ratio,15,0.03918413316932797,0.021093350302623888,0.05645956681240308,0.00201416015625,0.9333333333333333
partition,"k=4,dur=300",hesk5,cbba,utility_ratio,15,-0.011202488229980897,-0.02750347257193536,0.006137773686129324,0.27685546875,0.3333333333333333
partition,"k=4,dur=60",hesk5,cbba,utility_ratio,15,0.05035140203456682,0.029872549005037035,0.07146795905942535,0.0008544921875,0.8666666666666667
partition,"k=2,dur=150",hesk5,central,utility_ratio,15,0.05886034256496199,0.04562943351424938,0.07196325966824116,6.103515625e-05,1.0
partition,"k=2,dur=300",hesk5,central,utility_ratio,15,0.04293649343153312,0.02886735410155559,0.05582434685493783,0.00030517578125,0.9333333333333333
partition,"k=2,dur=60",hesk5,central,utility_ratio,15,0.06310354115054634,0.05368599273911903,0.07232347202407705,6.103515625e-05,1.0
partition,"k=3,dur=150",hesk5,central,utility_ratio,15,0.01631752391048161,0.002754162648277039,0.028689173274623937,0.03533935546875,0.6666666666666666
partition,"k=3,dur=300",hesk5,central,utility_ratio,15,0.020982428202945633,0.0025175128004107303,0.03936858800257748,0.0946044921875,0.6666666666666666
partition,"k=3,dur=60",hesk5,central,utility_ratio,15,0.05577149319945665,0.04231054201078667,0.06919914020040982,6.103515625e-05,1.0
partition,"k=4,dur=150",hesk5,central,utility_ratio,15,0.03799183416122046,0.02359141273381263,0.05155930725780842,0.00152587890625,0.9333333333333333
partition,"k=4,dur=300",hesk5,central,utility_ratio,15,-0.0031232746191971915,-0.017703597698783886,0.011913717624240554,0.638671875,0.3333333333333333
partition,"k=4,dur=60",hesk5,central,utility_ratio,15,0.04857839237381286,0.03263865134459224,0.0636218214324736,0.00030517578125,0.9333333333333333
partition,"k=2,dur=150",hesk5,central_t12,utility_ratio,15,0.05527744488909306,0.04076986107936516,0.06944323407237606,6.103515625e-05,1.0
partition,"k=2,dur=300",hesk5,central_t12,utility_ratio,15,0.03940329021926185,0.02474706731985958,0.05365412696321992,0.00030517578125,0.8666666666666667
partition,"k=2,dur=60",hesk5,central_t12,utility_ratio,15,0.060766215327684975,0.05170472930498378,0.0696073101582937,6.103515625e-05,1.0
partition,"k=3,dur=150",hesk5,central_t12,utility_ratio,15,0.015168991211986671,0.0019434830474475441,0.027708110057737986,0.072998046875,0.6666666666666666
partition,"k=3,dur=300",hesk5,central_t12,utility_ratio,15,0.018615525087332656,0.0005363815052401361,0.03643823462612429,0.0946044921875,0.7333333333333333
partition,"k=3,dur=60",hesk5,central_t12,utility_ratio,15,0.0557215210913021,0.04226271646990205,0.06922021580069074,6.103515625e-05,1.0
partition,"k=4,dur=150",hesk5,central_t12,utility_ratio,15,0.03798612811753226,0.02416669544501176,0.05150289148988335,0.0008544921875,0.9333333333333333
partition,"k=4,dur=300",hesk5,central_t12,utility_ratio,15,-0.002337558814595823,-0.01827928507875878,0.013594456047456556,0.803955078125,0.4
partition,"k=4,dur=60",hesk5,central_t12,utility_ratio,15,0.04886391103527697,0.033004315438101825,0.06383714129104534,0.00030517578125,0.9333333333333333
partition,"k=2,dur=150",hesk5,central_noquorum,utility_ratio,15,0.040387683391292103,0.024862362501933275,0.056046330271896816,0.0008544921875,0.8666666666666667
partition,"k=2,dur=300",hesk5,central_noquorum,utility_ratio,15,-0.003922058067298973,-0.01720969599227917,0.009107691667903883,0.67877197265625,0.4666666666666667
partition,"k=2,dur=60",hesk5,central_noquorum,utility_ratio,15,0.05648022049813269,0.04715499946385807,0.06532219608071488,6.103515625e-05,1.0
partition,"k=3,dur=150",hesk5,central_noquorum,utility_ratio,15,-0.0010566406564263887,-0.013828579687067955,0.012158676157974372,0.890380859375,0.5333333333333333
partition,"k=3,dur=300",hesk5,central_noquorum,utility_ratio,15,0.0022581650908872763,-0.014205732746560938,0.018719318169521392,0.846923828125,0.5333333333333333
partition,"k=3,dur=60",hesk5,central_noquorum,utility_ratio,15,0.04799178914484303,0.03439924110226781,0.060915872598268306,0.0001220703125,0.9333333333333333
partition,"k=4,dur=150",hesk5,central_noquorum,utility_ratio,15,0.032517511786148125,0.01601250807569083,0.04850296422507473,0.00537109375,0.8666666666666667
partition,"k=4,dur=300",hesk5,central_noquorum,utility_ratio,15,-0.010618182235585165,-0.02503999728990574,0.0038442098709967434,0.25238037109375,0.4
partition,"k=4,dur=60",hesk5,central_noquorum,utility_ratio,15,0.03980526892595802,0.024880822049222696,0.054264142114573706,0.00042724609375,0.8666666666666667
partition,"k=2,dur=150",hesk5,hesk3,utility_ratio,15,0.024548199761792233,0.010927146958214505,0.037389203541592024,0.00836181640625,0.6666666666666666
partition,"k=2,dur=300",hesk5,hesk3,utility_ratio,15,0.0010758286757832488,-0.0057974453686089646,0.00756088511898213,0.5994873046875,0.5333333333333333
partition,"k=2,dur=60",hesk5,hesk3,utility_ratio,15,0.011766760857850275,-0.0022053187166459656,0.025162896884395755,0.1876220703125,0.5333333333333333
partition,"k=3,dur=150",hesk5,hesk3,utility_ratio,15,-0.0008926464508322537,-0.014873878359226884,0.012802221503560337,0.890380859375,0.5333333333333333
partition,"k=3,dur=300",hesk5,hesk3,utility_ratio,15,0.004326442723154026,-0.0021749252738518213,0.010910692357881226,0.389404296875,0.5333333333333333
partition,"k=3,dur=60",hesk5,hesk3,utility_ratio,15,0.010430717962294748,-0.0033727537042887584,0.02563539350923569,0.33026123046875,0.6666666666666666
partition,"k=4,dur=150",hesk5,hesk3,utility_ratio,15,0.012488963053515307,-0.0003346551257035152,0.027018546894533625,0.22930908203125,0.6
partition,"k=4,dur=300",hesk5,hesk3,utility_ratio,15,0.0007402718000918703,-0.0081003239044051,0.009784328507362066,0.93408203125,0.5333333333333333
partition,"k=4,dur=60",hesk5,hesk3,utility_ratio,15,0.012234269205564089,-0.0007728612268143864,0.024351118322318264,0.0946044921875,0.6
partition,"k=2,dur=150",hesk6,cbba,utility_ratio,15,0.04603367994447323,0.030572482044114314,0.05998019923550524,0.00030517578125,0.8666666666666667
partition,"k=2,dur=300",hesk6,cbba,utility_ratio,15,0.01683203636574256,0.002956049766918385,0.030912677358931686,0.04791259765625,0.6666666666666666
partition,"k=2,dur=60",hesk6,cbba,utility_ratio,15,0.06636520126033368,0.05628902846985383,0.07688707750609253,6.103515625e-05,1.0
partition,"k=3,dur=150",hesk6,cbba,utility_ratio,15,0.013156255561798846,-0.00232270676982534,0.02827504171445659,0.1688232421875,0.7333333333333333
partition,"k=3,dur=300",hesk6,cbba,utility_ratio,15,0.007924589750051829,-0.005685592543424782,0.021401705183598532,0.1876220703125,0.7333333333333333
partition,"k=3,dur=60",hesk6,cbba,utility_ratio,15,0.0572536641690128,0.04306192461561164,0.07178838373050447,6.103515625e-05,1.0
partition,"k=4,dur=150",hesk6,cbba,utility_ratio,15,0.03918413316932797,0.021093350302623888,0.05645956681240308,0.00201416015625,0.9333333333333333
partition,"k=4,dur=300",hesk6,cbba,utility_ratio,15,-0.011202488229980897,-0.02750347257193536,0.006137773686129324,0.27685546875,0.3333333333333333
partition,"k=4,dur=60",hesk6,cbba,utility_ratio,15,0.05035140203456682,0.029872549005037035,0.07146795905942535,0.0008544921875,0.8666666666666667
partition,"k=2,dur=150",hesk6,central,utility_ratio,15,0.05886034256496199,0.04562943351424938,0.07196325966824116,6.103515625e-05,1.0
partition,"k=2,dur=300",hesk6,central,utility_ratio,15,0.04293649343153312,0.02886735410155559,0.05582434685493783,0.00030517578125,0.9333333333333333
partition,"k=2,dur=60",hesk6,central,utility_ratio,15,0.06310354115054634,0.05368599273911903,0.07232347202407705,6.103515625e-05,1.0
partition,"k=3,dur=150",hesk6,central,utility_ratio,15,0.01631752391048161,0.002754162648277039,0.028689173274623937,0.03533935546875,0.6666666666666666
partition,"k=3,dur=300",hesk6,central,utility_ratio,15,0.020982428202945633,0.0025175128004107303,0.03936858800257748,0.0946044921875,0.6666666666666666
partition,"k=3,dur=60",hesk6,central,utility_ratio,15,0.05577149319945665,0.04231054201078667,0.06919914020040982,6.103515625e-05,1.0
partition,"k=4,dur=150",hesk6,central,utility_ratio,15,0.03799183416122046,0.02359141273381263,0.05155930725780842,0.00152587890625,0.9333333333333333
partition,"k=4,dur=300",hesk6,central,utility_ratio,15,-0.0031232746191971915,-0.017703597698783886,0.011913717624240554,0.638671875,0.3333333333333333
partition,"k=4,dur=60",hesk6,central,utility_ratio,15,0.04857839237381286,0.03263865134459224,0.0636218214324736,0.00030517578125,0.9333333333333333
partition,"k=2,dur=150",hesk6,central_t12,utility_ratio,15,0.05527744488909306,0.04076986107936516,0.06944323407237606,6.103515625e-05,1.0
partition,"k=2,dur=300",hesk6,central_t12,utility_ratio,15,0.03940329021926185,0.02474706731985958,0.05365412696321992,0.00030517578125,0.8666666666666667
partition,"k=2,dur=60",hesk6,central_t12,utility_ratio,15,0.060766215327684975,0.05170472930498378,0.0696073101582937,6.103515625e-05,1.0
partition,"k=3,dur=150",hesk6,central_t12,utility_ratio,15,0.015168991211986671,0.0019434830474475441,0.027708110057737986,0.072998046875,0.6666666666666666
partition,"k=3,dur=300",hesk6,central_t12,utility_ratio,15,0.018615525087332656,0.0005363815052401361,0.03643823462612429,0.0946044921875,0.7333333333333333
partition,"k=3,dur=60",hesk6,central_t12,utility_ratio,15,0.0557215210913021,0.04226271646990205,0.06922021580069074,6.103515625e-05,1.0
partition,"k=4,dur=150",hesk6,central_t12,utility_ratio,15,0.03798612811753226,0.02416669544501176,0.05150289148988335,0.0008544921875,0.9333333333333333
partition,"k=4,dur=300",hesk6,central_t12,utility_ratio,15,-0.002337558814595823,-0.01827928507875878,0.013594456047456556,0.803955078125,0.4
partition,"k=4,dur=60",hesk6,central_t12,utility_ratio,15,0.04886391103527697,0.033004315438101825,0.06383714129104534,0.00030517578125,0.9333333333333333
partition,"k=2,dur=150",hesk6,central_noquorum,utility_ratio,15,0.040387683391292103,0.024862362501933275,0.056046330271896816,0.0008544921875,0.8666666666666667
partition,"k=2,dur=300",hesk6,central_noquorum,utility_ratio,15,-0.003922058067298973,-0.01720969599227917,0.009107691667903883,0.67877197265625,0.4666666666666667
partition,"k=2,dur=60",hesk6,central_noquorum,utility_ratio,15,0.05648022049813269,0.04715499946385807,0.06532219608071488,6.103515625e-05,1.0
partition,"k=3,dur=150",hesk6,central_noquorum,utility_ratio,15,-0.0010566406564263887,-0.013828579687067955,0.012158676157974372,0.890380859375,0.5333333333333333
partition,"k=3,dur=300",hesk6,central_noquorum,utility_ratio,15,0.0022581650908872763,-0.014205732746560938,0.018719318169521392,0.846923828125,0.5333333333333333
partition,"k=3,dur=60",hesk6,central_noquorum,utility_ratio,15,0.04799178914484303,0.03439924110226781,0.060915872598268306,0.0001220703125,0.9333333333333333
partition,"k=4,dur=150",hesk6,central_noquorum,utility_ratio,15,0.032517511786148125,0.01601250807569083,0.04850296422507473,0.00537109375,0.8666666666666667
partition,"k=4,dur=300",hesk6,central_noquorum,utility_ratio,15,-0.010618182235585165,-0.02503999728990574,0.0038442098709967434,0.25238037109375,0.4
partition,"k=4,dur=60",hesk6,central_noquorum,utility_ratio,15,0.03980526892595802,0.024880822049222696,0.054264142114573706,0.00042724609375,0.8666666666666667
partition,"k=2,dur=150",hesk6,hesk3,utility_ratio,15,0.024548199761792233,0.010927146958214505,0.037389203541592024,0.00836181640625,0.6666666666666666
partition,"k=2,dur=300",hesk6,hesk3,utility_ratio,15,0.0010758286757832488,-0.0057974453686089646,0.00756088511898213,0.5994873046875,0.5333333333333333
partition,"k=2,dur=60",hesk6,hesk3,utility_ratio,15,0.011766760857850275,-0.0022053187166459656,0.025162896884395755,0.1876220703125,0.5333333333333333
partition,"k=3,dur=150",hesk6,hesk3,utility_ratio,15,-0.0008926464508322537,-0.014873878359226884,0.012802221503560337,0.890380859375,0.5333333333333333
partition,"k=3,dur=300",hesk6,hesk3,utility_ratio,15,0.004326442723154026,-0.0021749252738518213,0.010910692357881226,0.389404296875,0.5333333333333333
partition,"k=3,dur=60",hesk6,hesk3,utility_ratio,15,0.010430717962294748,-0.0033727537042887584,0.02563539350923569,0.33026123046875,0.6666666666666666
partition,"k=4,dur=150",hesk6,hesk3,utility_ratio,15,0.012488963053515307,-0.0003346551257035152,0.027018546894533625,0.22930908203125,0.6
partition,"k=4,dur=300",hesk6,hesk3,utility_ratio,15,0.0007402718000918703,-0.0081003239044051,0.009784328507362066,0.93408203125,0.5333333333333333
partition,"k=4,dur=60",hesk6,hesk3,utility_ratio,15,0.012234269205564089,-0.0007728612268143864,0.024351118322318264,0.0946044921875,0.6
burst,"loss=0.2,burst=1",hesk3,cbba,utility_ratio,15,0.05639658597207471,0.04056732835490945,0.07256381080233294,6.103515625e-05,1.0
burst,"loss=0.2,burst=16",hesk3,cbba,utility_ratio,15,0.022182715572230786,0.0014258046329286747,0.04323882202294197,0.15142822265625,0.7333333333333333
burst,"loss=0.2,burst=4",hesk3,cbba,utility_ratio,15,0.031827738171796516,0.007933999530577624,0.05402881847402921,0.02557373046875,0.8
burst,"loss=0.2,burst=64",hesk3,cbba,utility_ratio,15,0.0020536921642557346,-0.0220649568618272,0.023555866682062696,0.846923828125,0.4666666666666667
burst,"loss=0.4,burst=1",hesk3,cbba,utility_ratio,15,-0.03556368715143091,-0.05913251561997175,-0.011255431166097087,0.01806640625,0.2
burst,"loss=0.4,burst=16",hesk3,cbba,utility_ratio,15,-0.0020686244849309624,-0.027547737409940952,0.023199203931913572,0.803955078125,0.4666666666666667
burst,"loss=0.4,burst=4",hesk3,cbba,utility_ratio,15,-0.0038314642947415195,-0.030067881003782992,0.021599852833643185,0.93408203125,0.4666666666666667
burst,"loss=0.4,burst=64",hesk3,cbba,utility_ratio,15,-0.026924394827924487,-0.054868347862359404,-0.0013488007092690593,0.207763671875,0.4
burst,"loss=0.6,burst=1",hesk3,cbba,utility_ratio,15,-0.12491709762319524,-0.14539625055738212,-0.10274945953412752,6.103515625e-05,0.0
burst,"loss=0.6,burst=16",hesk3,cbba,utility_ratio,15,-0.07039146865869611,-0.09153154907434856,-0.048173436936997306,0.0001220703125,0.06666666666666667
burst,"loss=0.6,burst=4",hesk3,cbba,utility_ratio,15,-0.10378978996601376,-0.12874723938547022,-0.0809309694754663,6.103515625e-05,0.0
burst,"loss=0.6,burst=64",hesk3,cbba,utility_ratio,15,-0.08190002449255075,-0.12094222947142504,-0.047386612439156615,0.00042724609375,0.13333333333333333
burst,"loss=0.2,burst=1",hesk3,central,utility_ratio,15,0.04908694040901044,0.03269143390549656,0.06607749164918846,0.00018310546875,0.9333333333333333
burst,"loss=0.2,burst=16",hesk3,central,utility_ratio,15,0.15300503984655522,0.13117735607894007,0.17528188137658138,6.103515625e-05,1.0
burst,"loss=0.2,burst=4",hesk3,central,utility_ratio,15,0.14907189216265343,0.12411798307449916,0.17140866346629433,6.103515625e-05,1.0
burst,"loss=0.2,burst=64",hesk3,central,utility_ratio,15,0.0980812614037819,0.0810910595728803,0.11473666719200759,6.103515625e-05,1.0
burst,"loss=0.4,burst=1",hesk3,central,utility_ratio,15,0.05630658651606973,0.03690933237072684,0.07565626922402127,0.00030517578125,0.9333333333333333
burst,"loss=0.4,burst=16",hesk3,central,utility_ratio,15,0.25875263862472014,0.2384774058088836,0.2784961229298317,6.103515625e-05,1.0
burst,"loss=0.4,burst=4",hesk3,central,utility_ratio,15,0.22622553559719052,0.20602922311396468,0.24444832539866257,6.103515625e-05,1.0
burst,"loss=0.4,burst=64",hesk3,central,utility_ratio,15,0.186041105654014,0.15535354438765955,0.21560794849536347,6.103515625e-05,1.0
burst,"loss=0.6,burst=1",hesk3,central,utility_ratio,15,0.09625316533443466,0.08061118257681416,0.11107887184194631,6.103515625e-05,1.0
burst,"loss=0.6,burst=16",hesk3,central,utility_ratio,15,0.22983815975025698,0.20731345797225403,0.25250818711135575,6.103515625e-05,1.0
burst,"loss=0.6,burst=4",hesk3,central,utility_ratio,15,0.20609078508884957,0.1777046120466112,0.23243887516597783,6.103515625e-05,1.0
burst,"loss=0.6,burst=64",hesk3,central,utility_ratio,15,0.19552990690357616,0.1408408605613279,0.24626130635973106,0.0001220703125,0.9333333333333333
burst,"loss=0.2,burst=1",hesk3,central_t12,utility_ratio,15,0.03569785582518243,0.020842335075554223,0.051281969999154145,0.0008544921875,0.8666666666666667
burst,"loss=0.2,burst=16",hesk3,central_t12,utility_ratio,15,0.10794054035643477,0.08766426583229953,0.12946038901311782,6.103515625e-05,1.0
burst,"loss=0.2,burst=4",hesk3,central_t12,utility_ratio,15,0.027165818624107007,0.005270583421170451,0.046131501835885574,0.0301513671875,0.7333333333333333
burst,"loss=0.2,burst=64",hesk3,central_t12,utility_ratio,15,0.08910426616005988,0.06630733378337021,0.10891434185505827,0.0001220703125,0.9333333333333333
burst,"loss=0.4,burst=1",hesk3,central_t12,utility_ratio,15,-0.040402843694406186,-0.05905845717860596,-0.022997124681411418,0.0008544921875,0.13333333333333333
burst,"loss=0.4,burst=16",hesk3,central_t12,utility_ratio,15,0.14860265082680335,0.12626315461050922,0.1711003629091772,6.103515625e-05,1.0
burst,"loss=0.4,burst=4",hesk3,central_t12,utility_ratio,15,0.013421815412999338,-0.00837682076309114,0.03518136812880008,0.1353759765625,0.8
burst,"loss=0.4,burst=64",hesk3,central_t12,utility_ratio,15,0.1729408017914566,0.14476530353495048,0.1982054758514952,6.103515625e-05,1.0
burst,"loss=0.6,burst=1",hesk3,central_t12,utility_ratio,15,-0.12255827557488728,-0.14080401965152914,-0.10376321541193824,6.103515625e-05,0.0
burst,"loss=0.6,burst=16",hesk3,central_t12,utility_ratio,15,0.15087626890901748,0.12670653998876938,0.1754868264740245,6.103515625e-05,1.0
burst,"loss=0.6,burst=4",hesk3,central_t12,utility_ratio,15,-0.06506253292506697,-0.09078393515534489,-0.0420347107283874,6.103515625e-05,0.0
burst,"loss=0.6,burst=64",hesk3,central_t12,utility_ratio,15,0.16788877186163562,0.1315265990872607,0.2073825796383587,6.103515625e-05,1.0
burst,"loss=0.2,burst=1",hesk3,cnp,utility_ratio,15,0.17268764910952142,0.1496502526266668,0.19664462585193065,6.103515625e-05,1.0
burst,"loss=0.2,burst=16",hesk3,cnp,utility_ratio,15,0.26277607563455435,0.23738156237986902,0.2872639169857535,6.103515625e-05,1.0
burst,"loss=0.2,burst=4",hesk3,cnp,utility_ratio,15,0.30817279057075275,0.2855936665273135,0.3274898747104954,6.103515625e-05,1.0
burst,"loss=0.2,burst=64",hesk3,cnp,utility_ratio,15,0.17297425935886193,0.1496446931841813,0.19862810121533636,6.103515625e-05,1.0
burst,"loss=0.4,burst=1",hesk3,cnp,utility_ratio,15,0.2185225727858615,0.1909647760760809,0.24395777504788962,6.103515625e-05,1.0
burst,"loss=0.4,burst=16",hesk3,cnp,utility_ratio,15,0.3169923334376651,0.28758090384133733,0.3475068223372722,6.103515625e-05,1.0
burst,"loss=0.4,burst=4",hesk3,cnp,utility_ratio,15,0.3224107223562533,0.30010124946814104,0.3423964467921008,6.103515625e-05,1.0
burst,"loss=0.4,burst=64",hesk3,cnp,utility_ratio,15,0.19041077111627866,0.16018910230425398,0.2199863673857982,6.103515625e-05,1.0
burst,"loss=0.6,burst=1",hesk3,cnp,utility_ratio,15,0.15401337516555755,0.12582687454877023,0.17724474927968084,6.103515625e-05,1.0
burst,"loss=0.6,burst=16",hesk3,cnp,utility_ratio,15,0.23108351816761824,0.19970484945466957,0.26316328604497324,6.103515625e-05,1.0
burst,"loss=0.6,burst=4",hesk3,cnp,utility_ratio,15,0.2247483952781398,0.18881837216210368,0.25842373784288397,6.103515625e-05,1.0
burst,"loss=0.6,burst=64",hesk3,cnp,utility_ratio,15,0.14308124371059375,0.10477526108689372,0.17658966821982247,0.0001220703125,0.9333333333333333
burst,"loss=0.2,burst=1",hesk5,cbba,utility_ratio,15,0.056887047095694275,0.040527993835093847,0.0734532470306215,6.103515625e-05,1.0
burst,"loss=0.2,burst=16",hesk5,cbba,utility_ratio,15,0.022182715572230786,0.0014258046329286747,0.04323882202294197,0.15142822265625,0.7333333333333333
burst,"loss=0.2,burst=4",hesk5,cbba,utility_ratio,15,0.02980373089168821,0.004305634167056738,0.052818011816358285,0.041259765625,0.8
burst,"loss=0.2,burst=64",hesk5,cbba,utility_ratio,15,0.0020536921642557346,-0.0220649568618272,0.023555866682062696,0.846923828125,0.4666666666666667
burst,"loss=0.4,burst=1",hesk5,cbba,utility_ratio,15,-0.0009371146264270121,-0.0203812232936899,0.02093597816424073,0.7197265625,0.4
burst,"loss=0.4,burst=16",hesk5,cbba,utility_ratio,15,-0.020588778834912412,-0.04300314850901218,0.003048758938717993,0.10699462890625,0.3333333333333333
burst,"loss=0.4,burst=4",hesk5,cbba,utility_ratio,15,0.03313306678723578,0.007290502101797419,0.059460378593268054,0.05535888671875,0.7333333333333333
burst,"loss=0.4,burst=64",hesk5,cbba,utility_ratio,15,-0.027465150315417918,-0.055173360932865775,-0.0019884378185924608,0.207763671875,0.4
burst,"loss=0.6,burst=1",hesk5,cbba,utility_ratio,15,-0.020516729993916478,-0.033973429640922474,-0.005379213904921491,0.02154541015625,0.2
burst,"loss=0.6,burst=16",hesk5,cbba,utility_ratio,15,-0.005847218489723938,-0.022875654031767584,0.008766946599364054,0.76153564453125,0.5333333333333333
burst,"loss=0.6,burst=4",hesk5,cbba,utility_ratio,15,-0.033312952941340165,-0.05491764220852579,-0.015014655082159638,0.00335693359375,0.2
burst,"loss=0.6,burst=64",hesk5,cbba,utility_ratio,15,-0.07557016477444414,-0.09476638733527783,-0.056914691667063935,0.0001220703125,0.06666666666666667
burst,"loss=0.2,burst=1",hesk5,central,utility_ratio,15,0.04957740153263001,0.03254523981648278,0.06720119909018105,0.00018310546875,0.9333333333333333
burst,"loss=0.2,burst=16",hesk5,central,utility_ratio,15,0.15300503984655522,0.13117735607894007,0.17528188137658138,6.103515625e-05,1.0
burst,"loss=0.2,burst=4",hesk5,central,utility_ratio,15,0.14704788488254517,0.11952243007410326,0.17102251662455492,6.103515625e-05,1.0
burst,"loss=0.2,burst=64",hesk5,central,utility_ratio,15,0.0980812614037819,0.0810910595728803,0.11473666719200759,6.103515625e-05,1.0
burst,"loss=0.4,burst=1",hesk5,central,utility_ratio,15,0.09093315904107362,0.07407299254594087,0.10990912854833561,6.103515625e-05,1.0
burst,"loss=0.4,burst=16",hesk5,central,utility_ratio,15,0.24023248427473867,0.21654425316079598,0.26345758755022075,6.103515625e-05,1.0
burst,"loss=0.4,burst=4",hesk5,central,utility_ratio,15,0.26319006667916783,0.24190607456834273,0.28437058403538273,6.103515625e-05,1.0
burst,"loss=0.4,burst=64",hesk5,central,utility_ratio,15,0.18550035016652058,0.15460194642592068,0.21505301719108863,6.103515625e-05,1.0
burst,"loss=0.6,burst=1",hesk5,central,utility_ratio,15,0.2006535329637134,0.18708140169345938,0.21459015087936814,6.103515625e-05,1.0
burst,"loss=0.6,burst=16",hesk5,central,utility_ratio,15,0.29438240991922915,0.2793928606382008,0.3087725226314847,6.103515625e-05,1.0
burst,"loss=0.6,burst=4",hesk5,central,utility_ratio,15,0.2765676221135232,0.25477628467978536,0.29522935236908365,6.103515625e-05,1.0
burst,"loss=0.6,burst=64",hesk5,central,utility_ratio,15,0.2018597666216828,0.15860738930236534,0.2424387434636929,6.103515625e-05,1.0
burst,"loss=0.2,burst=1",hesk5,central_t12,utility_ratio,15,0.03618831694880199,0.02068403308554322,0.052093946135860526,0.00115966796875,0.8666666666666667
burst,"loss=0.2,burst=16",hesk5,central_t12,utility_ratio,15,0.10794054035643477,0.08766426583229953,0.12946038901311782,6.103515625e-05,1.0
burst,"loss=0.2,burst=4",hesk5,central_t12,utility_ratio,15,0.0251418113439987,0.0009523043481876168,0.04531548195821142,0.0301513671875,0.8
burst,"loss=0.2,burst=64",hesk5,central_t12,utility_ratio,15,0.08910426616005988,0.06630733378337021,0.10891434185505827,0.0001220703125,0.9333333333333333
burst,"loss=0.4,burst=1",hesk5,central_t12,utility_ratio,15,-0.005776271169402284,-0.01918125563735411,0.008045841777210178,0.5994873046875,0.4
burst,"loss=0.4,burst=16",hesk5,central_t12,utility_ratio,15,0.13008249647682185,0.10998007118943816,0.15131514292025713,6.103515625e-05,1.0
burst,"loss=0.4,burst=4",hesk5,central_t12,utility_ratio,15,0.050386346494976635,0.03189242088078025,0.07144849644606269,0.0001220703125,0.9333333333333333
burst,"loss=0.4,burst=64",hesk5,central_t12,utility_ratio,15,0.17240004630396316,0.14449968442046396,0.19785385570576716,6.103515625e-05,1.0
burst,"loss=0.6,burst=1",hesk5,central_t12,utility_ratio,15,-0.018157907945608558,-0.02792805923037872,-0.006943832105267753,0.01025390625,0.13333333333333333
burst,"loss=0.6,burst=16",hesk5,central_t12,utility_ratio,15,0.21542051907798962,0.1980620963887528,0.23061310572818214,6.103515625e-05,1.0
burst,"loss=0.6,burst=4",hesk5,central_t12,utility_ratio,15,0.005414304099606637,-0.013935079646179878,0.020361440438732246,0.083251953125,0.8666666666666667
burst,"loss=0.6,burst=64",hesk5,central_t12,utility_ratio,15,0.1742186315797422,0.15450183993831978,0.19748317741305932,6.103515625e-05,1.0
burst,"loss=0.2,burst=1",hesk5,cnp,utility_ratio,15,0.17317811023314095,0.15080360668865123,0.19650387640375752,6.103515625e-05,1.0
burst,"loss=0.2,burst=16",hesk5,cnp,utility_ratio,15,0.26277607563455435,0.23738156237986902,0.2872639169857535,6.103515625e-05,1.0
burst,"loss=0.2,burst=4",hesk5,cnp,utility_ratio,15,0.30614878329064443,0.2807810503776607,0.3276577701540438,6.103515625e-05,1.0
burst,"loss=0.2,burst=64",hesk5,cnp,utility_ratio,15,0.17297425935886193,0.1496446931841813,0.19862810121533636,6.103515625e-05,1.0
burst,"loss=0.4,burst=1",hesk5,cnp,utility_ratio,15,0.25314914531086546,0.23274417765125055,0.27377454400277573,6.103515625e-05,1.0
burst,"loss=0.4,burst=16",hesk5,cnp,utility_ratio,15,0.2984721790876837,0.27065401123492905,0.3264760613906663,6.103515625e-05,1.0
burst,"loss=0.4,burst=4",hesk5,cnp,utility_ratio,15,0.3593752534382307,0.3434310636001417,0.37501567259767976,6.103515625e-05,1.0
burst,"loss=0.4,burst=64",hesk5,cnp,utility_ratio,15,0.18987001562878525,0.15996126578545933,0.21931471414709894,6.103515625e-05,1.0
burst,"loss=0.6,burst=1",hesk5,cnp,utility_ratio,15,0.25841374279483625,0.23301552560300254,0.2796574844205438,6.103515625e-05,1.0
burst,"loss=0.6,burst=16",hesk5,cnp,utility_ratio,15,0.2956277683365904,0.2810027347659053,0.3117353951923393,6.103515625e-05,1.0
burst,"loss=0.6,burst=4",hesk5,cnp,utility_ratio,15,0.2952252323028134,0.2674209948359671,0.32016257186586555,6.103515625e-05,1.0
burst,"loss=0.6,burst=64",hesk5,cnp,utility_ratio,15,0.14941110342870037,0.12910689426807345,0.1689657116258884,6.103515625e-05,1.0
burst,"loss=0.2,burst=1",hesk5,hesk3,utility_ratio,15,0.0004904611236195677,-0.0019536936777177234,0.003827599956863817,0.7150006546880893,0.06666666666666667
burst,"loss=0.2,burst=16",hesk5,hesk3,utility_ratio,15,0.0,0.0,0.0,1.0,0.0
burst,"loss=0.2,burst=4",hesk5,hesk3,utility_ratio,15,-0.002024007280108305,-0.0065212751876077705,0.0018225105484947842,0.07118923429208965,0.2
burst,"loss=0.2,burst=64",hesk5,hesk3,utility_ratio,15,0.0,0.0,0.0,1.0,0.0
burst,"loss=0.4,burst=1",hesk5,hesk3,utility_ratio,15,0.0346265725250039,0.012663681251603007,0.05760530456335157,0.01507568359375,0.6666666666666666
burst,"loss=0.4,burst=16",hesk5,hesk3,utility_ratio,15,-0.01852015434998145,-0.03456020183581036,-0.0020544249973378234,0.072998046875,0.2
burst,"loss=0.4,burst=4",hesk5,hesk3,utility_ratio,15,0.036964531081977295,0.014553911402267075,0.05905717953930431,0.012451171875,0.8666666666666667
burst,"loss=0.4,burst=64",hesk5,hesk3,utility_ratio,15,-0.000540755487493431,-0.0012748441712393532,0.0,0.10880943004054568,0.0
burst,"loss=0.6,burst=1",hesk5,hesk3,utility_ratio,15,0.10440036762927875,0.08743783902231614,0.11935856503480154,6.103515625e-05,1.0
burst,"loss=0.6,burst=16",hesk5,hesk3,utility_ratio,15,0.06454425016897218,0.04061153738750522,0.08696374558791502,0.0006103515625,0.8666666666666667
burst,"loss=0.6,burst=4",hesk5,hesk3,utility_ratio,15,0.07047683702467362,0.0356832460140384,0.10507514658311812,0.0042724609375,0.8666666666666667
burst,"loss=0.6,burst=64",hesk5,hesk3,utility_ratio,15,0.006329859718106615,-0.01653011415821312,0.03199790626440823,0.803955078125,0.4666666666666667
burst,"loss=0.2,burst=1",hesk6,cbba,utility_ratio,15,0.056887047095694275,0.040527993835093847,0.0734532470306215,6.103515625e-05,1.0
burst,"loss=0.2,burst=16",hesk6,cbba,utility_ratio,15,0.022182715572230786,0.0014258046329286747,0.04323882202294197,0.15142822265625,0.7333333333333333
burst,"loss=0.2,burst=4",hesk6,cbba,utility_ratio,15,0.02980373089168821,0.004305634167056738,0.052818011816358285,0.041259765625,0.8
burst,"loss=0.2,burst=64",hesk6,cbba,utility_ratio,15,0.0020536921642557346,-0.0220649568618272,0.023555866682062696,0.846923828125,0.4666666666666667
burst,"loss=0.4,burst=1",hesk6,cbba,utility_ratio,15,-0.0009371146264270121,-0.0203812232936899,0.02093597816424073,0.7197265625,0.4
burst,"loss=0.4,burst=16",hesk6,cbba,utility_ratio,15,-0.020588778834912412,-0.04300314850901218,0.003048758938717993,0.10699462890625,0.3333333333333333
burst,"loss=0.4,burst=4",hesk6,cbba,utility_ratio,15,0.03313306678723578,0.007290502101797419,0.059460378593268054,0.05535888671875,0.7333333333333333
burst,"loss=0.4,burst=64",hesk6,cbba,utility_ratio,15,-0.027465150315417918,-0.055173360932865775,-0.0019884378185924608,0.207763671875,0.4
burst,"loss=0.6,burst=1",hesk6,cbba,utility_ratio,15,-0.020516729993916478,-0.033973429640922474,-0.005379213904921491,0.02154541015625,0.2
burst,"loss=0.6,burst=16",hesk6,cbba,utility_ratio,15,-0.005847218489723938,-0.022875654031767584,0.008766946599364054,0.76153564453125,0.5333333333333333
burst,"loss=0.6,burst=4",hesk6,cbba,utility_ratio,15,-0.033312952941340165,-0.05491764220852579,-0.015014655082159638,0.00335693359375,0.2
burst,"loss=0.6,burst=64",hesk6,cbba,utility_ratio,15,-0.07557016477444414,-0.09476638733527783,-0.056914691667063935,0.0001220703125,0.06666666666666667
burst,"loss=0.2,burst=1",hesk6,central,utility_ratio,15,0.04957740153263001,0.03254523981648278,0.06720119909018105,0.00018310546875,0.9333333333333333
burst,"loss=0.2,burst=16",hesk6,central,utility_ratio,15,0.15300503984655522,0.13117735607894007,0.17528188137658138,6.103515625e-05,1.0
burst,"loss=0.2,burst=4",hesk6,central,utility_ratio,15,0.14704788488254517,0.11952243007410326,0.17102251662455492,6.103515625e-05,1.0
burst,"loss=0.2,burst=64",hesk6,central,utility_ratio,15,0.0980812614037819,0.0810910595728803,0.11473666719200759,6.103515625e-05,1.0
burst,"loss=0.4,burst=1",hesk6,central,utility_ratio,15,0.09093315904107362,0.07407299254594087,0.10990912854833561,6.103515625e-05,1.0
burst,"loss=0.4,burst=16",hesk6,central,utility_ratio,15,0.24023248427473867,0.21654425316079598,0.26345758755022075,6.103515625e-05,1.0
burst,"loss=0.4,burst=4",hesk6,central,utility_ratio,15,0.26319006667916783,0.24190607456834273,0.28437058403538273,6.103515625e-05,1.0
burst,"loss=0.4,burst=64",hesk6,central,utility_ratio,15,0.18550035016652058,0.15460194642592068,0.21505301719108863,6.103515625e-05,1.0
burst,"loss=0.6,burst=1",hesk6,central,utility_ratio,15,0.2006535329637134,0.18708140169345938,0.21459015087936814,6.103515625e-05,1.0
burst,"loss=0.6,burst=16",hesk6,central,utility_ratio,15,0.29438240991922915,0.2793928606382008,0.3087725226314847,6.103515625e-05,1.0
burst,"loss=0.6,burst=4",hesk6,central,utility_ratio,15,0.2765676221135232,0.25477628467978536,0.29522935236908365,6.103515625e-05,1.0
burst,"loss=0.6,burst=64",hesk6,central,utility_ratio,15,0.2018597666216828,0.15860738930236534,0.2424387434636929,6.103515625e-05,1.0
burst,"loss=0.2,burst=1",hesk6,central_t12,utility_ratio,15,0.03618831694880199,0.02068403308554322,0.052093946135860526,0.00115966796875,0.8666666666666667
burst,"loss=0.2,burst=16",hesk6,central_t12,utility_ratio,15,0.10794054035643477,0.08766426583229953,0.12946038901311782,6.103515625e-05,1.0
burst,"loss=0.2,burst=4",hesk6,central_t12,utility_ratio,15,0.0251418113439987,0.0009523043481876168,0.04531548195821142,0.0301513671875,0.8
burst,"loss=0.2,burst=64",hesk6,central_t12,utility_ratio,15,0.08910426616005988,0.06630733378337021,0.10891434185505827,0.0001220703125,0.9333333333333333
burst,"loss=0.4,burst=1",hesk6,central_t12,utility_ratio,15,-0.005776271169402284,-0.01918125563735411,0.008045841777210178,0.5994873046875,0.4
burst,"loss=0.4,burst=16",hesk6,central_t12,utility_ratio,15,0.13008249647682185,0.10998007118943816,0.15131514292025713,6.103515625e-05,1.0
burst,"loss=0.4,burst=4",hesk6,central_t12,utility_ratio,15,0.050386346494976635,0.03189242088078025,0.07144849644606269,0.0001220703125,0.9333333333333333
burst,"loss=0.4,burst=64",hesk6,central_t12,utility_ratio,15,0.17240004630396316,0.14449968442046396,0.19785385570576716,6.103515625e-05,1.0
burst,"loss=0.6,burst=1",hesk6,central_t12,utility_ratio,15,-0.018157907945608558,-0.02792805923037872,-0.006943832105267753,0.01025390625,0.13333333333333333
burst,"loss=0.6,burst=16",hesk6,central_t12,utility_ratio,15,0.21542051907798962,0.1980620963887528,0.23061310572818214,6.103515625e-05,1.0
burst,"loss=0.6,burst=4",hesk6,central_t12,utility_ratio,15,0.005414304099606637,-0.013935079646179878,0.020361440438732246,0.083251953125,0.8666666666666667
burst,"loss=0.6,burst=64",hesk6,central_t12,utility_ratio,15,0.1742186315797422,0.15450183993831978,0.19748317741305932,6.103515625e-05,1.0
burst,"loss=0.2,burst=1",hesk6,cnp,utility_ratio,15,0.17317811023314095,0.15080360668865123,0.19650387640375752,6.103515625e-05,1.0
burst,"loss=0.2,burst=16",hesk6,cnp,utility_ratio,15,0.26277607563455435,0.23738156237986902,0.2872639169857535,6.103515625e-05,1.0
burst,"loss=0.2,burst=4",hesk6,cnp,utility_ratio,15,0.30614878329064443,0.2807810503776607,0.3276577701540438,6.103515625e-05,1.0
burst,"loss=0.2,burst=64",hesk6,cnp,utility_ratio,15,0.17297425935886193,0.1496446931841813,0.19862810121533636,6.103515625e-05,1.0
burst,"loss=0.4,burst=1",hesk6,cnp,utility_ratio,15,0.25314914531086546,0.23274417765125055,0.27377454400277573,6.103515625e-05,1.0
burst,"loss=0.4,burst=16",hesk6,cnp,utility_ratio,15,0.2984721790876837,0.27065401123492905,0.3264760613906663,6.103515625e-05,1.0
burst,"loss=0.4,burst=4",hesk6,cnp,utility_ratio,15,0.3593752534382307,0.3434310636001417,0.37501567259767976,6.103515625e-05,1.0
burst,"loss=0.4,burst=64",hesk6,cnp,utility_ratio,15,0.18987001562878525,0.15996126578545933,0.21931471414709894,6.103515625e-05,1.0
burst,"loss=0.6,burst=1",hesk6,cnp,utility_ratio,15,0.25841374279483625,0.23301552560300254,0.2796574844205438,6.103515625e-05,1.0
burst,"loss=0.6,burst=16",hesk6,cnp,utility_ratio,15,0.2956277683365904,0.2810027347659053,0.3117353951923393,6.103515625e-05,1.0
burst,"loss=0.6,burst=4",hesk6,cnp,utility_ratio,15,0.2952252323028134,0.2674209948359671,0.32016257186586555,6.103515625e-05,1.0
burst,"loss=0.6,burst=64",hesk6,cnp,utility_ratio,15,0.14941110342870037,0.12910689426807345,0.1689657116258884,6.103515625e-05,1.0
burst,"loss=0.2,burst=1",hesk6,hesk3,utility_ratio,15,0.0004904611236195677,-0.0019536936777177234,0.003827599956863817,0.7150006546880893,0.06666666666666667
burst,"loss=0.2,burst=16",hesk6,hesk3,utility_ratio,15,0.0,0.0,0.0,1.0,0.0
burst,"loss=0.2,burst=4",hesk6,hesk3,utility_ratio,15,-0.002024007280108305,-0.0065212751876077705,0.0018225105484947842,0.07118923429208965,0.2
burst,"loss=0.2,burst=64",hesk6,hesk3,utility_ratio,15,0.0,0.0,0.0,1.0,0.0
burst,"loss=0.4,burst=1",hesk6,hesk3,utility_ratio,15,0.0346265725250039,0.012663681251603007,0.05760530456335157,0.01507568359375,0.6666666666666666
burst,"loss=0.4,burst=16",hesk6,hesk3,utility_ratio,15,-0.01852015434998145,-0.03456020183581036,-0.0020544249973378234,0.072998046875,0.2
burst,"loss=0.4,burst=4",hesk6,hesk3,utility_ratio,15,0.036964531081977295,0.014553911402267075,0.05905717953930431,0.012451171875,0.8666666666666667
burst,"loss=0.4,burst=64",hesk6,hesk3,utility_ratio,15,-0.000540755487493431,-0.0012748441712393532,0.0,0.10880943004054568,0.0
burst,"loss=0.6,burst=1",hesk6,hesk3,utility_ratio,15,0.10440036762927875,0.08743783902231614,0.11935856503480154,6.103515625e-05,1.0
burst,"loss=0.6,burst=16",hesk6,hesk3,utility_ratio,15,0.06454425016897218,0.04061153738750522,0.08696374558791502,0.0006103515625,0.8666666666666667
burst,"loss=0.6,burst=4",hesk6,hesk3,utility_ratio,15,0.07047683702467362,0.0356832460140384,0.10507514658311812,0.0042724609375,0.8666666666666667
burst,"loss=0.6,burst=64",hesk6,hesk3,utility_ratio,15,0.006329859718106615,-0.01653011415821312,0.03199790626440823,0.803955078125,0.4666666666666667
latency,lat=0.02,hesk3,cbba,utility_ratio,15,0.09454883012142899,0.0767952955233133,0.11358009635121612,6.103515625e-05,1.0
latency,lat=0.1,hesk3,cbba,utility_ratio,15,0.07673165319301231,0.04453915330743192,0.10437517856997078,0.0008544921875,0.9333333333333333
latency,lat=0.25,hesk3,cbba,utility_ratio,15,-0.6989060205990734,-0.7226787949306132,-0.6751279321209914,6.103515625e-05,0.0
latency,lat=0.5,hesk3,cbba,utility_ratio,15,-0.7040225920819585,-0.7189151929729234,-0.6874226137579569,6.103515625e-05,0.0
latency,lat=1,hesk3,cbba,utility_ratio,15,-0.4357232908483677,-0.4773151534949404,-0.39503999767385944,6.103515625e-05,0.0
latency,lat=2,hesk3,cbba,utility_ratio,15,-0.18719389309919762,-0.21969286478603664,-0.15808366879003985,6.103515625e-05,0.0
latency,lat=0.02,hesk3,central,utility_ratio,15,0.07389472903655318,0.061783846413502166,0.08674267971631036,6.103515625e-05,1.0
latency,lat=0.1,hesk3,central,utility_ratio,15,0.0681586847868954,0.039432542057847304,0.09115240267120357,0.0006103515625,0.8666666666666667
latency,lat=0.25,hesk3,central,utility_ratio,15,-0.7119045237419742,-0.730962438931902,-0.6917008842471585,6.103515625e-05,0.0
latency,lat=0.5,hesk3,central,utility_ratio,15,-0.7160988239191839,-0.7300711447852575,-0.7010955939891609,6.103515625e-05,0.0
latency,lat=1,hesk3,central,utility_ratio,15,-0.44416346456714495,-0.4782460388725518,-0.41121297059371736,6.103515625e-05,0.0
latency,lat=2,hesk3,central,utility_ratio,15,-0.19010256787883406,-0.21749709004746676,-0.16466948735129283,6.103515625e-05,0.0
latency,lat=0.02,hesk3,central_t12,utility_ratio,15,0.07389472903655318,0.061783846413502166,0.08674267971631036,6.103515625e-05,1.0
latency,lat=0.1,hesk3,central_t12,utility_ratio,15,0.0681586847868954,0.039432542057847304,0.09115240267120357,0.0006103515625,0.8666666666666667
latency,lat=0.25,hesk3,central_t12,utility_ratio,15,-0.7119045237419742,-0.730962438931902,-0.6917008842471585,6.103515625e-05,0.0
latency,lat=0.5,hesk3,central_t12,utility_ratio,15,-0.7160988239191839,-0.7300711447852575,-0.7010955939891609,6.103515625e-05,0.0
latency,lat=1,hesk3,central_t12,utility_ratio,15,-0.44416346456714495,-0.4782460388725518,-0.41121297059371736,6.103515625e-05,0.0
latency,lat=2,hesk3,central_t12,utility_ratio,15,-0.19339904937491192,-0.2208139273782677,-0.16765426534789854,6.103515625e-05,0.0
latency,lat=0.02,hesk3,cnp,utility_ratio,15,0.11775070424027918,0.0999075423127984,0.13619503707583686,6.103515625e-05,1.0
latency,lat=0.1,hesk3,cnp,utility_ratio,15,0.11095996063487402,0.08775244820639862,0.1319648045110965,6.103515625e-05,1.0
latency,lat=0.25,hesk3,cnp,utility_ratio,15,0.0,0.0,0.0,1.0,0.0
latency,lat=0.5,hesk3,cnp,utility_ratio,15,0.0,0.0,0.0,1.0,0.0
latency,lat=1,hesk3,cnp,utility_ratio,15,-0.06454326215416625,-0.12194169624772272,-0.008369410214153303,0.083251953125,0.4666666666666667
latency,lat=2,hesk3,cnp,utility_ratio,15,0.006824138423286826,-0.037592912057954564,0.04759404307789407,0.5614013671875,0.5333333333333333
latency,lat=0.02,hesk5,cbba,utility_ratio,15,0.09454883012142899,0.0767952955233133,0.11358009635121612,6.103515625e-05,1.0
latency,lat=0.1,hesk5,cbba,utility_ratio,15,0.07673165319301231,0.04453915330743192,0.10437517856997078,0.0008544921875,0.9333333333333333
latency,lat=0.25,hesk5,cbba,utility_ratio,15,-0.6989060205990734,-0.7226787949306132,-0.6751279321209914,6.103515625e-05,0.0
latency,lat=0.5,hesk5,cbba,utility_ratio,15,-0.7040225920819585,-0.7189151929729234,-0.6874226137579569,6.103515625e-05,0.0
latency,lat=1,hesk5,cbba,utility_ratio,15,-0.4357232908483677,-0.4773151534949404,-0.39503999767385944,6.103515625e-05,0.0
latency,lat=2,hesk5,cbba,utility_ratio,15,-0.13507336473133277,-0.16269405068088869,-0.10631854800629642,6.103515625e-05,0.0
latency,lat=0.02,hesk5,central,utility_ratio,15,0.07389472903655318,0.061783846413502166,0.08674267971631036,6.103515625e-05,1.0
latency,lat=0.1,hesk5,central,utility_ratio,15,0.0681586847868954,0.039432542057847304,0.09115240267120357,0.0006103515625,0.8666666666666667
latency,lat=0.25,hesk5,central,utility_ratio,15,-0.7119045237419742,-0.730962438931902,-0.6917008842471585,6.103515625e-05,0.0
latency,lat=0.5,hesk5,central,utility_ratio,15,-0.7160988239191839,-0.7300711447852575,-0.7010955939891609,6.103515625e-05,0.0
latency,lat=1,hesk5,central,utility_ratio,15,-0.44416346456714495,-0.4782460388725518,-0.41121297059371736,6.103515625e-05,0.0
latency,lat=2,hesk5,central,utility_ratio,15,-0.13798203951096916,-0.1595418772599173,-0.11461113557683852,6.103515625e-05,0.0
latency,lat=0.02,hesk5,central_t12,utility_ratio,15,0.07389472903655318,0.061783846413502166,0.08674267971631036,6.103515625e-05,1.0
latency,lat=0.1,hesk5,central_t12,utility_ratio,15,0.0681586847868954,0.039432542057847304,0.09115240267120357,0.0006103515625,0.8666666666666667
latency,lat=0.25,hesk5,central_t12,utility_ratio,15,-0.7119045237419742,-0.730962438931902,-0.6917008842471585,6.103515625e-05,0.0
latency,lat=0.5,hesk5,central_t12,utility_ratio,15,-0.7160988239191839,-0.7300711447852575,-0.7010955939891609,6.103515625e-05,0.0
latency,lat=1,hesk5,central_t12,utility_ratio,15,-0.44416346456714495,-0.4782460388725518,-0.41121297059371736,6.103515625e-05,0.0
latency,lat=2,hesk5,central_t12,utility_ratio,15,-0.14127852100704705,-0.16376998625608394,-0.11761091700448346,6.103515625e-05,0.0
latency,lat=0.02,hesk5,cnp,utility_ratio,15,0.11775070424027918,0.0999075423127984,0.13619503707583686,6.103515625e-05,1.0
latency,lat=0.1,hesk5,cnp,utility_ratio,15,0.11095996063487402,0.08775244820639862,0.1319648045110965,6.103515625e-05,1.0
latency,lat=0.25,hesk5,cnp,utility_ratio,15,0.0,0.0,0.0,1.0,0.0
latency,lat=0.5,hesk5,cnp,utility_ratio,15,0.0,0.0,0.0,1.0,0.0
latency,lat=1,hesk5,cnp,utility_ratio,15,-0.06454326215416625,-0.12194169624772272,-0.008369410214153303,0.083251953125,0.4666666666666667
latency,lat=2,hesk5,cnp,utility_ratio,15,0.058944666791151706,0.025903805905961155,0.09238896165474994,0.01025390625,0.8
latency,lat=0.02,hesk5,hesk3,utility_ratio,15,0.0,0.0,0.0,1.0,0.0
latency,lat=0.1,hesk5,hesk3,utility_ratio,15,0.0,0.0,0.0,1.0,0.0
latency,lat=0.25,hesk5,hesk3,utility_ratio,15,0.0,0.0,0.0,1.0,0.0
latency,lat=0.5,hesk5,hesk3,utility_ratio,15,0.0,0.0,0.0,1.0,0.0
latency,lat=1,hesk5,hesk3,utility_ratio,15,0.0,0.0,0.0,1.0,0.0
latency,lat=2,hesk5,hesk3,utility_ratio,15,0.05212052836786487,0.03166631236613697,0.07278405940419196,0.00030517578125,0.9333333333333333
latency,lat=0.02,hesk6,cbba,utility_ratio,15,0.09454883012142899,0.0767952955233133,0.11358009635121612,6.103515625e-05,1.0
latency,lat=0.1,hesk6,cbba,utility_ratio,15,0.06947718981160157,0.051380059653682995,0.08828949212466516,0.0001220703125,0.9333333333333333
latency,lat=0.25,hesk6,cbba,utility_ratio,15,0.0250704424003977,0.004233913968702499,0.04745350550563678,0.02557373046875,0.6666666666666666
latency,lat=0.5,hesk6,cbba,utility_ratio,15,0.03397786305392084,0.017549276231997608,0.051567533586162166,0.0042724609375,0.8
latency,lat=1,hesk6,cbba,utility_ratio,15,0.00901815952109198,-0.014060227031946634,0.032890847007685076,0.638671875,0.5333333333333333
latency,lat=2,hesk6,cbba,utility_ratio,15,-0.09753654904014407,-0.12303733180670369,-0.07131418042889189,0.0001220703125,0.06666666666666667
latency,lat=0.02,hesk6,central,utility_ratio,15,0.07389472903655318,0.061783846413502166,0.08674267971631036,6.103515625e-05,1.0
latency,lat=0.1,hesk6,central,utility_ratio,15,0.060904221405484654,0.04849467680240348,0.07257991409192817,6.103515625e-05,1.0
latency,lat=0.25,hesk6,central,utility_ratio,15,0.012071939257496722,-0.012466803885347022,0.036471723185641514,0.389404296875,0.5333333333333333
latency,lat=0.5,hesk6,central,utility_ratio,15,0.02190163121669546,0.005990027232519813,0.03964672857515578,0.0301513671875,0.7333333333333333
latency,lat=1,hesk6,central,utility_ratio,15,0.0005779858023147769,-0.015674808982136728,0.018235260881769695,0.890380859375,0.4666666666666667
latency,lat=2,hesk6,central,utility_ratio,15,-0.10044522381978047,-0.12402348250125463,-0.07727938019176099,6.103515625e-05,0.0
latency,lat=0.02,hesk6,central_t12,utility_ratio,15,0.07389472903655318,0.061783846413502166,0.08674267971631036,6.103515625e-05,1.0
latency,lat=0.1,hesk6,central_t12,utility_ratio,15,0.060904221405484654,0.04849467680240348,0.07257991409192817,6.103515625e-05,1.0
latency,lat=0.25,hesk6,central_t12,utility_ratio,15,0.012071939257496722,-0.012466803885347022,0.036471723185641514,0.389404296875,0.5333333333333333
latency,lat=0.5,hesk6,central_t12,utility_ratio,15,0.02190163121669546,0.005990027232519813,0.03964672857515578,0.0301513671875,0.7333333333333333
latency,lat=1,hesk6,central_t12,utility_ratio,15,0.0005779858023147769,-0.015674808982136728,0.018235260881769695,0.890380859375,0.4666666666666667
latency,lat=2,hesk6,central_t12,utility_ratio,15,-0.10374170531585838,-0.12693614514765558,-0.08080351521701779,6.103515625e-05,0.0
latency,lat=0.02,hesk6,cnp,utility_ratio,15,0.11775070424027918,0.0999075423127984,0.13619503707583686,6.103515625e-05,1.0
latency,lat=0.1,hesk6,cnp,utility_ratio,15,0.10370549725346329,0.09001343195225682,0.1168419319201683,6.103515625e-05,1.0
latency,lat=0.25,hesk6,cnp,utility_ratio,15,0.723976462999471,0.6981372000919274,0.7465968011854192,6.103515625e-05,1.0
latency,lat=0.5,hesk6,cnp,utility_ratio,15,0.7380004551358792,0.7208553537272824,0.7568652710195427,6.103515625e-05,1.0
latency,lat=1,hesk6,cnp,utility_ratio,15,0.38019818821529344,0.32789948127061064,0.427676582503967,6.103515625e-05,1.0
latency,lat=2,hesk6,cnp,utility_ratio,15,0.09648148248234036,0.05932555213874655,0.13422202662124252,0.00030517578125,0.8666666666666667
latency,lat=0.02,hesk6,hesk3,utility_ratio,15,0.0,0.0,0.0,1.0,0.0
latency,lat=0.1,hesk6,hesk3,utility_ratio,15,-0.007254463381410736,-0.02822126502425153,0.01973927280874707,0.33026123046875,0.26666666666666666
latency,lat=0.25,hesk6,hesk3,utility_ratio,15,0.723976462999471,0.6981372000919274,0.7465968011854192,6.103515625e-05,1.0
latency,lat=0.5,hesk6,hesk3,utility_ratio,15,0.7380004551358792,0.7208553537272824,0.7568652710195427,6.103515625e-05,1.0
latency,lat=1,hesk6,hesk3,utility_ratio,15,0.4447414503694597,0.40710520653329757,0.4882433366841294,6.103515625e-05,1.0
latency,lat=2,hesk6,hesk3,utility_ratio,15,0.08965734405905357,0.05811022092551451,0.12370566295070598,0.00018310546875,0.9333333333333333
fd,"fd_k=1.5,loss=0.0",hesk3,cbba,utility_ratio,10,0.07941419076991174,0.047509391922868426,0.1127399708562029,0.00390625,0.9
fd,"fd_k=1.5,loss=0.3",hesk3,cbba,utility_ratio,10,0.012579816199649253,-0.004462286892098481,0.029887006711875524,0.275390625,0.6
fd,"fd_k=1.5,loss=0.5",hesk3,cbba,utility_ratio,10,-0.10155525816978998,-0.12382089944499211,-0.0835537083345699,0.001953125,0.0
fd,"fd_k=1.5,loss=0.7",hesk3,cbba,utility_ratio,10,-0.16264470804076833,-0.18683762913441906,-0.13853700161718446,0.001953125,0.0
fd,"fd_k=12,loss=0.0",hesk3,cbba,utility_ratio,10,0.0877727234304824,0.05947191663899582,0.11591886069069193,0.00390625,0.9
fd,"fd_k=12,loss=0.3",hesk3,cbba,utility_ratio,10,-0.03791096269424169,-0.0641768590624009,-0.012357859336319358,0.01953125,0.1
fd,"fd_k=12,loss=0.5",hesk3,cbba,utility_ratio,10,-0.15030411490911785,-0.18276913969587366,-0.12140653966142526,0.001953125,0.0
fd,"fd_k=12,loss=0.7",hesk3,cbba,utility_ratio,10,-0.22399978443406748,-0.2563614519935977,-0.1913294776568648,0.001953125,0.0
fd,"fd_k=3,loss=0.0",hesk3,cbba,utility_ratio,10,0.08348484036620565,0.0734223616960951,0.09286467122887693,0.001953125,1.0
fd,"fd_k=3,loss=0.3",hesk3,cbba,utility_ratio,10,-0.0025911346378750476,-0.0327618819642246,0.028285010235600868,0.921875,0.4
fd,"fd_k=3,loss=0.5",hesk3,cbba,utility_ratio,10,-0.058056404349117366,-0.09684247615900934,-0.02795961553923935,0.00390625,0.1
fd,"fd_k=3,loss=0.7",hesk3,cbba,utility_ratio,10,-0.18065210031825815,-0.20614184020535464,-0.15144297620839506,0.001953125,0.0
fd,"fd_k=6,loss=0.0",hesk3,cbba,utility_ratio,10,0.08616530978540674,0.0512294874385109,0.11264438478442888,0.00390625,0.9
fd,"fd_k=6,loss=0.3",hesk3,cbba,utility_ratio,10,-0.03403675906138302,-0.0810678226170335,0.009105538370061474,0.322265625,0.5
fd,"fd_k=6,loss=0.5",hesk3,cbba,utility_ratio,10,-0.09131313005306275,-0.12057146268415068,-0.06384444776221088,0.001953125,0.0
fd,"fd_k=6,loss=0.7",hesk3,cbba,utility_ratio,10,-0.21566039626821948,-0.23262442586643325,-0.19591506501253375,0.001953125,0.0
fd,"fd_k=1.5,loss=0.0",hesk3,central,utility_ratio,10,0.05772097392114123,0.028675007273805883,0.08269836578323746,0.009765625,0.8
fd,"fd_k=1.5,loss=0.3",hesk3,central,utility_ratio,10,0.17988185676493035,0.1651424924068064,0.19696195302106484,0.001953125,1.0
fd,"fd_k=1.5,loss=0.5",hesk3,central,utility_ratio,10,0.18603466514506856,0.158928763723315,0.20805494630376514,0.001953125,1.0
fd,"fd_k=1.5,loss=0.7",hesk3,central,utility_ratio,10,0.156265816007569,0.12633572571113208,0.18078760022253806,0.001953125,1.0
fd,"fd_k=12,loss=0.0",hesk3,central,utility_ratio,10,0.0624861863378766,0.03174759060193999,0.08944075666296632,0.005859375,0.9
fd,"fd_k=12,loss=0.3",hesk3,central,utility_ratio,10,-0.0331550895682296,-0.05662177435002515,-0.010474475986723878,0.037109375,0.2
fd,"fd_k=12,loss=0.5",hesk3,central,utility_ratio,10,-0.1632339270405403,-0.18992640886546594,-0.13934897550510003,0.001953125,0.0
fd,"fd_k=12,loss=0.7",hesk3,central,utility_ratio,10,-0.20202339189072377,-0.22708802102376144,-0.17778683168023984,0.001953125,0.0
fd,"fd_k=3,loss=0.0",hesk3,central,utility_ratio,10,0.06354839200928575,0.049258087394804084,0.07851764179088525,0.001953125,1.0
fd,"fd_k=3,loss=0.3",hesk3,central,utility_ratio,10,0.0438727667807844,0.02041951445510017,0.06758600891546884,0.009765625,0.9
fd,"fd_k=3,loss=0.5",hesk3,central,utility_ratio,10,0.08692039808305255,0.05012835535892126,0.11750926112440875,0.00390625,0.9
fd,"fd_k=3,loss=0.7",hesk3,central,utility_ratio,10,0.12046779355286856,0.09471095732109601,0.1531241121151842,0.001953125,1.0
fd,"fd_k=6,loss=0.0",hesk3,central,utility_ratio,10,0.08009999003760353,0.050180360846713346,0.10335939981336106,0.00390625,0.9
fd,"fd_k=6,loss=0.3",hesk3,central,utility_ratio,10,-0.03899965029270426,-0.07990581226834519,0.002814422612881808,0.10546875,0.3
fd,"fd_k=6,loss=0.5",hesk3,central,utility_ratio,10,-0.07619108718852657,-0.10299113635402496,-0.049982093463892034,0.001953125,0.0
fd,"fd_k=6,loss=0.7",hesk3,central,utility_ratio,10,-0.052205456624404165,-0.07521804192796927,-0.028893391044172396,0.009765625,0.2
fd,"fd_k=1.5,loss=0.0",hesk5,cbba,utility_ratio,10,0.07941419076991174,0.047509391922868426,0.1127399708562029,0.00390625,0.9
fd,"fd_k=1.5,loss=0.3",hesk5,cbba,utility_ratio,10,-0.01620136859168947,-0.05593032476808285,0.023397174141418564,0.556640625,0.5
fd,"fd_k=1.5,loss=0.5",hesk5,cbba,utility_ratio,10,-0.010542708980413673,-0.030643552050887417,0.009006040562691225,0.375,0.3
fd,"fd_k=1.5,loss=0.7",hesk5,cbba,utility_ratio,10,0.008900295155056803,-0.010165979428411973,0.031761466206597,0.845703125,0.5
fd,"fd_k=12,loss=0.0",hesk5,cbba,utility_ratio,10,0.0877727234304824,0.05947191663899582,0.11591886069069193,0.00390625,0.9
fd,"fd_k=12,loss=0.3",hesk5,cbba,utility_ratio,10,0.012092620973875446,-0.0038435887994175254,0.028519582542875597,0.232421875,0.7
fd,"fd_k=12,loss=0.5",hesk5,cbba,utility_ratio,10,0.0022761154147675987,-0.009283230177004106,0.014345930541450497,1.0,0.5
fd,"fd_k=12,loss=0.7",hesk5,cbba,utility_ratio,10,-0.009886591078801965,-0.02291806157204816,0.004760901697060198,0.130859375,0.2
fd,"fd_k=3,loss=0.0",hesk5,cbba,utility_ratio,10,0.08348484036620565,0.0734223616960951,0.09286467122887693,0.001953125,1.0
fd,"fd_k=3,loss=0.3",hesk5,cbba,utility_ratio,10,0.03714098210659268,0.021725213540177972,0.055045113878471504,0.001953125,1.0
fd,"fd_k=3,loss=0.5",hesk5,cbba,utility_ratio,10,-0.007826145756623392,-0.029194763850929537,0.011422580114574058,0.845703125,0.5
fd,"fd_k=3,loss=0.7",hesk5,cbba,utility_ratio,10,-0.017798163614087224,-0.037281875496907,0.005201902351648412,0.232421875,0.2
fd,"fd_k=6,loss=0.0",hesk5,cbba,utility_ratio,10,0.08616530978540674,0.0512294874385109,0.11264438478442888,0.00390625,0.9
fd,"fd_k=6,loss=0.3",hesk5,cbba,utility_ratio,10,0.02697456956265625,0.0012373921238729936,0.05779629932621753,0.232421875,0.6
fd,"fd_k=6,loss=0.5",hesk5,cbba,utility_ratio,10,-0.017066464702397522,-0.041639766786385916,0.009162387632328834,0.375,0.3
fd,"fd_k=6,loss=0.7",hesk5,cbba,utility_ratio,10,-0.01841416973827579,-0.033608029789824176,-0.0026477531134640074,0.083984375,0.3
fd,"fd_k=1.5,loss=0.0",hesk5,central,utility_ratio,10,0.05772097392114123,0.028675007273805883,0.08269836578323746,0.009765625,0.8
fd,"fd_k=1.5,loss=0.3",hesk5,central,utility_ratio,10,0.15110067197359162,0.11171328335221921,0.1848351695983286,0.001953125,1.0
fd,"fd_k=1.5,loss=0.5",hesk5,central,utility_ratio,10,0.27704721433444485,0.26233203309273107,0.2920181029681537,0.001953125,1.0
fd,"fd_k=1.5,loss=0.7",hesk5,central,utility_ratio,10,0.32781081920339417,0.3151890755842124,0.33986180237628394,0.001953125,1.0
fd,"fd_k=12,loss=0.0",hesk5,central,utility_ratio,10,0.0624861863378766,0.03174759060193999,0.08944075666296632,0.005859375,0.9
fd,"fd_k=12,loss=0.3",hesk5,central,utility_ratio,10,0.016848494099887534,0.003046108214437606,0.030645105807021022,0.048828125,0.8
fd,"fd_k=12,loss=0.5",hesk5,central,utility_ratio,10,-0.01065369671665486,-0.026040224072267724,0.005140906479181977,0.10546875,0.2
fd,"fd_k=12,loss=0.7",hesk5,central,utility_ratio,10,0.012089801464541704,0.00468111383646036,0.01897063412306262,0.01953125,0.8
fd,"fd_k=3,loss=0.0",hesk5,central,utility_ratio,10,0.06354839200928575,0.049258087394804084,0.07851764179088525,0.001953125,1.0
fd,"fd_k=3,loss=0.3",hesk5,central,utility_ratio,10,0.08360488352525212,0.07457691610017965,0.09264491998025617,0.001953125,1.0
fd,"fd_k=3,loss=0.5",hesk5,central,utility_ratio,10,0.13715065667554652,0.12599813123744164,0.14698146683320418,0.001953125,1.0
fd,"fd_k=3,loss=0.7",hesk5,central,utility_ratio,10,0.2833217302570395,0.2665775016562306,0.3013378595252841,0.001953125,1.0
fd,"fd_k=6,loss=0.0",hesk5,central,utility_ratio,10,0.08009999003760353,0.050180360846713346,0.10335939981336106,0.00390625,0.9
fd,"fd_k=6,loss=0.3",hesk5,central,utility_ratio,10,0.022011678331335015,0.006807706611465704,0.03844265199329825,0.048828125,0.7
fd,"fd_k=6,loss=0.5",hesk5,central,utility_ratio,10,-0.0019444218378613432,-0.023355940163730982,0.01650000156694468,0.845703125,0.5
fd,"fd_k=6,loss=0.7",hesk5,central,utility_ratio,10,0.14504076990553957,0.13542954725332282,0.15458804903339476,0.001953125,1.0
fd,"fd_k=1.5,loss=0.0",hesk5,hesk3,utility_ratio,10,0.0,0.0,0.0,1.0,0.0
fd,"fd_k=1.5,loss=0.3",hesk5,hesk3,utility_ratio,10,-0.02878118479133872,-0.06122459481566759,0.004661567302453283,0.16015625,0.3
fd,"fd_k=1.5,loss=0.5",hesk5,hesk3,utility_ratio,10,0.09101254918937632,0.06858439840957696,0.11439725458482668,0.001953125,1.0
fd,"fd_k=1.5,loss=0.7",hesk5,hesk3,utility_ratio,10,0.17154500319582516,0.1434220786464239,0.20015985607184406,0.001953125,1.0
fd,"fd_k=12,loss=0.0",hesk5,hesk3,utility_ratio,10,0.0,0.0,0.0,1.0,0.0
fd,"fd_k=12,loss=0.3",hesk5,hesk3,utility_ratio,10,0.050003583668117135,0.021524095018191986,0.08118762911356696,0.013671875,0.9
fd,"fd_k=12,loss=0.5",hesk5,hesk3,utility_ratio,10,0.15258023032388546,0.12430250141039297,0.1817671134953396,0.001953125,1.0
fd,"fd_k=12,loss=0.7",hesk5,hesk3,utility_ratio,10,0.2141131933552655,0.19185556633546655,0.2364150915700306,0.001953125,1.0
fd,"fd_k=3,loss=0.0",hesk5,hesk3,utility_ratio,10,0.0,0.0,0.0,1.0,0.0
fd,"fd_k=3,loss=0.3",hesk5,hesk3,utility_ratio,10,0.03973211674446773,0.012008187590983647,0.06776733046463344,0.083984375,0.6
fd,"fd_k=3,loss=0.5",hesk5,hesk3,utility_ratio,10,0.05023025859249397,0.019394349412899626,0.09029999209504094,0.013671875,0.8
fd,"fd_k=3,loss=0.7",hesk5,hesk3,utility_ratio,10,0.16285393670417092,0.14066723145984875,0.18447838471749148,0.001953125,1.0
fd,"fd_k=6,loss=0.0",hesk5,hesk3,utility_ratio,10,0.0,0.0,0.0,1.0,0.0
fd,"fd_k=6,loss=0.3",hesk5,hesk3,utility_ratio,10,0.061011328624039275,0.02508795529807036,0.09696179108532996,0.02734375,0.7
fd,"fd_k=6,loss=0.5",hesk5,hesk3,utility_ratio,10,0.07424666535066524,0.034900651504692744,0.1104998531862621,0.009765625,0.9
fd,"fd_k=6,loss=0.7",hesk5,hesk3,utility_ratio,10,0.19724622652994372,0.17781390945651354,0.21660728040213365,0.001953125,1.0
scale,n=12,hesk3,cbba,utility_ratio,5,0.03125651766743753,-0.02264077976122807,0.07648510938866937,0.3125,0.8
scale,n=24,hesk3,cbba,utility_ratio,5,0.07394157314269503,0.04102351952288711,0.10174253827442221,0.0625,1.0
scale,n=48,hesk3,cbba,utility_ratio,5,0.08280365098914488,0.06825784662412715,0.09854963519933913,0.0625,1.0
scale,n=96,hesk3,cbba,utility_ratio,5,0.05986439234261345,0.046038572315083924,0.07015527249295184,0.0625,1.0
scale,n=12,hesk3,central,utility_ratio,5,0.035643806052553594,-0.017800930061855104,0.08045859066844427,0.3125,0.8
scale,n=24,hesk3,central,utility_ratio,5,0.04065870933216238,0.0017526309959713818,0.06803599897326218,0.125,0.8
scale,n=48,hesk3,central,utility_ratio,5,0.07032358239368156,0.060174784643182336,0.0794926089312821,0.0625,1.0
scale,n=96,hesk3,central,utility_ratio,5,0.054417664839936264,0.04316280089079574,0.06594617860311125,0.0625,1.0
scale,n=12,hesk3,oracle,utility_ratio,5,0.03385386568258029,-0.019241147951783954,0.07856015962630306,0.3125,0.8
scale,n=24,hesk3,oracle,utility_ratio,5,0.0396013724130045,0.001052727703664913,0.06654277007301972,0.125,0.8
scale,n=48,hesk3,oracle,utility_ratio,5,0.06940774501939688,0.06017174744519251,0.07810845547330467,0.0625,1.0
scale,n=96,hesk3,oracle,utility_ratio,5,0.05266530929956974,0.04134909910633178,0.06411787948259644,0.0625,1.0
scale,n=12,hesk5,cbba,utility_ratio,5,0.03125651766743753,-0.02264077976122807,0.07648510938866937,0.3125,0.8
scale,n=24,hesk5,cbba,utility_ratio,5,0.07394157314269503,0.04102351952288711,0.10174253827442221,0.0625,1.0
scale,n=48,hesk5,cbba,utility_ratio,5,0.08280365098914488,0.06825784662412715,0.09854963519933913,0.0625,1.0
scale,n=96,hesk5,cbba,utility_ratio,5,0.05986439234261345,0.046038572315083924,0.07015527249295184,0.0625,1.0
scale,n=12,hesk5,central,utility_ratio,5,0.035643806052553594,-0.017800930061855104,0.08045859066844427,0.3125,0.8
scale,n=24,hesk5,central,utility_ratio,5,0.04065870933216238,0.0017526309959713818,0.06803599897326218,0.125,0.8
scale,n=48,hesk5,central,utility_ratio,5,0.07032358239368156,0.060174784643182336,0.0794926089312821,0.0625,1.0
scale,n=96,hesk5,central,utility_ratio,5,0.054417664839936264,0.04316280089079574,0.06594617860311125,0.0625,1.0
scale,n=12,hesk5,oracle,utility_ratio,5,0.03385386568258029,-0.019241147951783954,0.07856015962630306,0.3125,0.8
scale,n=24,hesk5,oracle,utility_ratio,5,0.0396013724130045,0.001052727703664913,0.06654277007301972,0.125,0.8
scale,n=48,hesk5,oracle,utility_ratio,5,0.06940774501939688,0.06017174744519251,0.07810845547330467,0.0625,1.0
scale,n=96,hesk5,oracle,utility_ratio,5,0.05266530929956974,0.04134909910633178,0.06411787948259644,0.0625,1.0
scale,n=12,hesk5,hesk3,utility_ratio,5,0.0,0.0,0.0,1.0,0.0
scale,n=24,hesk5,hesk3,utility_ratio,5,0.0,0.0,0.0,1.0,0.0
scale,n=48,hesk5,hesk3,utility_ratio,5,0.0,0.0,0.0,1.0,0.0
scale,n=96,hesk5,hesk3,utility_ratio,5,0.0,0.0,0.0,1.0,0.0
decomp,all-minus=burstloss,hesk3,cbba,utility_ratio,30,-0.018769728632483506,-0.029167546190256757,-0.007782513267414415,0.0021877754479646683,0.36666666666666664
decomp,all-minus=degrade,hesk3,cbba,utility_ratio,30,-0.036775372426247704,-0.04772948337620985,-0.024869230201113597,5.718320608139038e-07,0.1
decomp,all-minus=partition,hesk3,cbba,utility_ratio,30,-0.041297627677571364,-0.05445583042485144,-0.02864510267870247,2.551823854446411e-07,0.1
decomp,all-minus=scarcekill,hesk3,cbba,utility_ratio,30,-0.032462754137686775,-0.049181536788470995,-0.017980597492309895,0.0003449581563472748,0.2
decomp,only=burstloss,hesk3,cbba,utility_ratio,30,0.03319799100064572,0.01750953058638555,0.04849626729562764,0.0006665531545877457,0.8
decomp,only=degrade,hesk3,cbba,utility_ratio,30,0.04355863793560998,0.020640532043315167,0.06539748259938105,0.00023163668811321259,0.8
decomp,only=partition,hesk3,cbba,utility_ratio,30,0.03518929060594737,0.02302074637047048,0.04734520387866593,1.218356192111969e-05,0.9333333333333333
decomp,only=scarcekill,hesk3,cbba,utility_ratio,30,0.007428130194139461,-0.00494720307645688,0.019790477067775567,0.18396909348666668,0.7
decomp,all-minus=burstloss,hesk3,central,utility_ratio,30,-0.0021455659386282336,-0.012951472234084757,0.009456349963147804,0.7000329215079546,0.43333333333333335
decomp,all-minus=degrade,hesk3,central,utility_ratio,30,0.08458198558752023,0.07183856872995943,0.09844002159949647,1.862645149230957e-09,1.0
decomp,all-minus=partition,hesk3,central,utility_ratio,30,0.07430528371990971,0.05938168657798903,0.08826014055248152,9.313225746154785e-09,0.9666666666666667
decomp,all-minus=scarcekill,hesk3,central,utility_ratio,30,0.10651962804564648,0.09016147324452023,0.12111892410024577,3.725290298461914e-09,0.9666666666666667
decomp,only=burstloss,hesk3,central,utility_ratio,30,0.16744339285842938,0.15129718283505977,0.18321408952109683,1.862645149230957e-09,1.0
decomp,only=degrade,hesk3,central,utility_ratio,30,0.01870647529513071,0.0011349985968099486,0.033161324319360606,0.005382779985666275,0.7666666666666667
decomp,only=partition,hesk3,central,utility_ratio,30,0.04152450039102223,0.02962253802748683,0.05332118695484589,6.910413503646851e-07,0.8666666666666667
decomp,only=scarcekill,hesk3,central,utility_ratio,30,-0.008571717339148414,-0.01887822894249993,0.00035846269794932197,0.19807579927146435,0.4
decomp,all-minus=burstloss,hesk3,central_t12,utility_ratio,30,-0.0027463607484659075,-0.013312066515238042,0.008827675204593563,0.6408254038542509,0.43333333333333335
decomp,all-minus=degrade,hesk3,central_t12,utility_ratio,30,0.005558613965089077,-0.006578320638167811,0.018289200510967257,0.3817984350025654,0.5666666666666667
decomp,all-minus=partition,hesk3,central_t12,utility_ratio,30,-0.012383121918757066,-0.024916821645035506,-0.0009074909953854259,0.15794767439365387,0.43333333333333335
decomp,all-minus=scarcekill,hesk3,central_t12,utility_ratio,30,0.009437930034996704,-0.008502887504080764,0.026417789293784157,0.25343610532581806,0.5666666666666667
decomp,only=burstloss,hesk3,central_t12,utility_ratio,30,0.058153332511595775,0.042656744884489936,0.07220503667503102,3.855675458908081e-07,0.9333333333333333
decomp,only=degrade,hesk3,central_t12,utility_ratio,30,0.01870647529513071,0.0011349985968099486,0.033161324319360606,0.005382779985666275,0.7666666666666667
decomp,only=partition,hesk3,central_t12,utility_ratio,30,0.03914494364773401,0.027733353252282655,0.05063214559530093,1.4193356037139893e-06,0.8666666666666667
decomp,only=scarcekill,hesk3,central_t12,utility_ratio,30,-0.005956167935969747,-0.016330422727070255,0.003034757517761324,0.5027610473334789,0.43333333333333335
decomp,all-minus=burstloss,hesk5,cbba,utility_ratio,30,-0.01310816345301433,-0.022779468655748116,-0.0030908899017391155,0.07672121562063694,0.43333333333333335
decomp,all-minus=degrade,hesk5,cbba,utility_ratio,30,-0.015439182064564232,-0.022367468417023226,-0.008348651549397864,0.0005548261106014252,0.3
decomp,all-minus=partition,hesk5,cbba,utility_ratio,30,-0.042542969604228806,-0.05394538456199259,-0.03154229150186078,5.587935447692871e-09,0.03333333333333333
decomp,all-minus=scarcekill,hesk5,cbba,utility_ratio,30,-0.007233553336386937,-0.020177148704361044,0.005024986765836976,0.23665234446525574,0.4
decomp,only=burstloss,hesk5,cbba,utility_ratio,30,0.03145541717305945,0.016399706168538652,0.04591489673042995,0.0007296018302440643,0.8333333333333334
decomp,only=degrade,hesk5,cbba,utility_ratio,30,0.04355863793560998,0.020640532043315167,0.06539748259938105,0.00023163668811321259,0.8
decomp,only=partition,hesk5,cbba,utility_ratio,30,0.0394172353141778,0.026976122672540587,0.05200374764530041,6.917864084243774e-06,0.8333333333333334
decomp,only=scarcekill,hesk5,cbba,utility_ratio,30,0.007428130194139461,-0.00494720307645688,0.019790477067775567,0.18396909348666668,0.7
decomp,all-minus=burstloss,hesk5,central,utility_ratio,30,0.003515999240840943,-0.006487609461152317,0.013707720180891376,0.4771064817905426,0.6333333333333333
decomp,all-minus=degrade,hesk5,central,utility_ratio,30,0.10591817594920369,0.09810663572316944,0.1140114436404601,1.862645149230957e-09,1.0
decomp,all-minus=partition,hesk5,central,utility_ratio,30,0.07305994179325227,0.05923320351067694,0.0857452424800625,9.313225746154785e-09,0.9333333333333333
decomp,all-minus=scarcekill,hesk5,central,utility_ratio,30,0.13174882884694633,0.11949416239642881,0.143343575232761,1.862645149230957e-09,1.0
decomp,only=burstloss,hesk5,central,utility_ratio,30,0.16570081903084316,0.14985615871444347,0.18074871758132732,1.862645149230957e-09,1.0
decomp,only=degrade,hesk5,central,utility_ratio,30,0.01870647529513071,0.0011349985968099486,0.033161324319360606,0.005382779985666275,0.7666666666666667
decomp,only=partition,hesk5,central,utility_ratio,30,0.04575244509925267,0.03362259174805861,0.05760397941263775,4.7124922275543213e-07,0.9
decomp,only=scarcekill,hesk5,central,utility_ratio,30,-0.008571717339148414,-0.01887822894249993,0.00035846269794932197,0.19807579927146435,0.4
decomp,all-minus=burstloss,hesk5,central_t12,utility_ratio,30,0.0029152044310032693,-0.007503064181079431,0.013393698865484697,0.5291051845997572,0.5666666666666667
decomp,all-minus=degrade,hesk5,central_t12,utility_ratio,30,0.02689480432677255,0.019512767591520423,0.034445471620444444,3.1478703022003174e-07,0.9
decomp,all-minus=partition,hesk5,central_t12,utility_ratio,30,-0.013628463845414513,-0.02391546572221874,-0.0039028563596103876,0.044907208532094955,0.4
decomp,all-minus=scarcekill,hesk5,central_t12,utility_ratio,30,0.03466713083629654,0.020955921951783085,0.04776771813136312,4.4075772166252136e-05,0.8
decomp,only=burstloss,hesk5,central_t12,utility_ratio,30,0.05641075868400951,0.04129688948075825,0.070369062003935,4.7124922275543213e-07,0.9333333333333333
decomp,only=degrade,hesk5,central_t12,utility_ratio,30,0.01870647529513071,0.0011349985968099486,0.033161324319360606,0.005382779985666275,0.7666666666666667
decomp,only=partition,hesk5,central_t12,utility_ratio,30,0.04337288835596443,0.03135675587661146,0.05534859946157234,6.910413503646851e-07,0.8666666666666667
decomp,only=scarcekill,hesk5,central_t12,utility_ratio,30,-0.005956167935969747,-0.016330422727070255,0.003034757517761324,0.5027610473334789,0.43333333333333335
decomp,all-minus=burstloss,hesk5,hesk3,utility_ratio,30,0.005661565179469177,-0.003161142658346337,0.014767152520422844,0.3817984350025654,0.5333333333333333
decomp,all-minus=degrade,hesk5,hesk3,utility_ratio,30,0.021336190361683476,0.011090150336864784,0.03142295753108503,0.0012321043759584427,0.6666666666666666
decomp,all-minus=partition,hesk5,hesk3,utility_ratio,30,-0.0012453419266574468,-0.008515326063434612,0.006638422684662985,0.18396909348666668,0.3
decomp,all-minus=scarcekill,hesk5,hesk3,utility_ratio,30,0.025229200801299836,0.01557790167956705,0.03490422583956762,3.049522638320923e-05,0.8333333333333334
decomp,only=burstloss,hesk5,hesk3,utility_ratio,30,-0.0017425738275862765,-0.004935350939465708,0.0021290427921144576,0.013870680857770913,0.06666666666666667
decomp,only=degrade,hesk5,hesk3,utility_ratio,30,0.0,0.0,0.0,1.0,0.0
decomp,only=partition,hesk5,hesk3,utility_ratio,30,0.0042279447082304205,-0.004341710261706069,0.013363365533139472,0.5425279382616282,0.4666666666666667
decomp,only=scarcekill,hesk5,hesk3,utility_ratio,30,0.0,0.0,0.0,1.0,0.0
decomp,all-minus=burstloss,hesk6,cbba,utility_ratio,30,-0.01310816345301433,-0.022779468655748116,-0.0030908899017391155,0.07672121562063694,0.43333333333333335
decomp,all-minus=degrade,hesk6,cbba,utility_ratio,30,-0.015439182064564232,-0.022367468417023226,-0.008348651549397864,0.0005548261106014252,0.3
decomp,all-minus=partition,hesk6,cbba,utility_ratio,30,-0.042542969604228806,-0.05394538456199259,-0.03154229150186078,5.587935447692871e-09,0.03333333333333333
decomp,all-minus=scarcekill,hesk6,cbba,utility_ratio,30,-0.007233553336386937,-0.020177148704361044,0.005024986765836976,0.23665234446525574,0.4
decomp,only=burstloss,hesk6,cbba,utility_ratio,30,0.03145541717305945,0.016399706168538652,0.04591489673042995,0.0007296018302440643,0.8333333333333334
decomp,only=degrade,hesk6,cbba,utility_ratio,30,0.04355863793560998,0.020640532043315167,0.06539748259938105,0.00023163668811321259,0.8
decomp,only=partition,hesk6,cbba,utility_ratio,30,0.0394172353141778,0.026976122672540587,0.05200374764530041,6.917864084243774e-06,0.8333333333333334
decomp,only=scarcekill,hesk6,cbba,utility_ratio,30,0.007428130194139461,-0.00494720307645688,0.019790477067775567,0.18396909348666668,0.7
decomp,all-minus=burstloss,hesk6,central,utility_ratio,30,0.003515999240840943,-0.006487609461152317,0.013707720180891376,0.4771064817905426,0.6333333333333333
decomp,all-minus=degrade,hesk6,central,utility_ratio,30,0.10591817594920369,0.09810663572316944,0.1140114436404601,1.862645149230957e-09,1.0
decomp,all-minus=partition,hesk6,central,utility_ratio,30,0.07305994179325227,0.05923320351067694,0.0857452424800625,9.313225746154785e-09,0.9333333333333333
decomp,all-minus=scarcekill,hesk6,central,utility_ratio,30,0.13174882884694633,0.11949416239642881,0.143343575232761,1.862645149230957e-09,1.0
decomp,only=burstloss,hesk6,central,utility_ratio,30,0.16570081903084316,0.14985615871444347,0.18074871758132732,1.862645149230957e-09,1.0
decomp,only=degrade,hesk6,central,utility_ratio,30,0.01870647529513071,0.0011349985968099486,0.033161324319360606,0.005382779985666275,0.7666666666666667
decomp,only=partition,hesk6,central,utility_ratio,30,0.04575244509925267,0.03362259174805861,0.05760397941263775,4.7124922275543213e-07,0.9
decomp,only=scarcekill,hesk6,central,utility_ratio,30,-0.008571717339148414,-0.01887822894249993,0.00035846269794932197,0.19807579927146435,0.4
decomp,all-minus=burstloss,hesk6,central_t12,utility_ratio,30,0.0029152044310032693,-0.007503064181079431,0.013393698865484697,0.5291051845997572,0.5666666666666667
decomp,all-minus=degrade,hesk6,central_t12,utility_ratio,30,0.02689480432677255,0.019512767591520423,0.034445471620444444,3.1478703022003174e-07,0.9
decomp,all-minus=partition,hesk6,central_t12,utility_ratio,30,-0.013628463845414513,-0.02391546572221874,-0.0039028563596103876,0.044907208532094955,0.4
decomp,all-minus=scarcekill,hesk6,central_t12,utility_ratio,30,0.03466713083629654,0.020955921951783085,0.04776771813136312,4.4075772166252136e-05,0.8
decomp,only=burstloss,hesk6,central_t12,utility_ratio,30,0.05641075868400951,0.04129688948075825,0.070369062003935,4.7124922275543213e-07,0.9333333333333333
decomp,only=degrade,hesk6,central_t12,utility_ratio,30,0.01870647529513071,0.0011349985968099486,0.033161324319360606,0.005382779985666275,0.7666666666666667
decomp,only=partition,hesk6,central_t12,utility_ratio,30,0.04337288835596443,0.03135675587661146,0.05534859946157234,6.910413503646851e-07,0.8666666666666667
decomp,only=scarcekill,hesk6,central_t12,utility_ratio,30,-0.005956167935969747,-0.016330422727070255,0.003034757517761324,0.5027610473334789,0.43333333333333335
decomp,all-minus=burstloss,hesk6,hesk3,utility_ratio,30,0.005661565179469177,-0.003161142658346337,0.014767152520422844,0.3817984350025654,0.5333333333333333
decomp,all-minus=degrade,hesk6,hesk3,utility_ratio,30,0.021336190361683476,0.011090150336864784,0.03142295753108503,0.0012321043759584427,0.6666666666666666
decomp,all-minus=partition,hesk6,hesk3,utility_ratio,30,-0.0012453419266574468,-0.008515326063434612,0.006638422684662985,0.18396909348666668,0.3
decomp,all-minus=scarcekill,hesk6,hesk3,utility_ratio,30,0.025229200801299836,0.01557790167956705,0.03490422583956762,3.049522638320923e-05,0.8333333333333334
decomp,only=burstloss,hesk6,hesk3,utility_ratio,30,-0.0017425738275862765,-0.004935350939465708,0.0021290427921144576,0.013870680857770913,0.06666666666666667
decomp,only=degrade,hesk6,hesk3,utility_ratio,30,0.0,0.0,0.0,1.0,0.0
decomp,only=partition,hesk6,hesk3,utility_ratio,30,0.0042279447082304205,-0.004341710261706069,0.013363365533139472,0.5425279382616282,0.4666666666666667
decomp,only=scarcekill,hesk6,hesk3,utility_ratio,30,0.0,0.0,0.0,1.0,0.0
fdkill,"fd_k=12,loss=0.3",hesk5,cbba,utility_ratio,20,0.0039564098001177665,-0.012504895803602438,0.019123879820719083,0.4523754119873047,0.55
fdkill,"fd_k=12,loss=0.5",hesk5,cbba,utility_ratio,20,-0.0019123121559130429,-0.02095709954794457,0.01632873795458835,0.5958194732666016,0.4
fdkill,"fd_k=3,loss=0.3",hesk5,cbba,utility_ratio,20,0.005889271416572856,-0.011599736023459055,0.020973034931896267,0.2305126190185547,0.7
fdkill,"fd_k=3,loss=0.5",hesk5,cbba,utility_ratio,20,-0.0052684770420001244,-0.02459292883164084,0.015601502595501339,0.3117942810058594,0.3
fdkill,"fd_k=6,loss=0.3",hesk5,cbba,utility_ratio,20,0.010053776960726114,-0.0040838374874617575,0.023676659160808113,0.14290618896484375,0.7
fdkill,"fd_k=6,loss=0.5",hesk5,cbba,utility_ratio,20,0.007765572387535252,-0.006820015129477149,0.022996578600079618,0.5958194732666016,0.55
fdkill,"fd_k=12,loss=0.3",hesk5,central,utility_ratio,20,-0.022915960948713936,-0.03657953990545868,-0.010229877333205841,0.0023250579833984375,0.2
fdkill,"fd_k=12,loss=0.5",hesk5,central,utility_ratio,20,-0.02730096217193002,-0.04515622051469187,-0.01232215435138659,8.20159912109375e-05,0.15
fdkill,"fd_k=3,loss=0.3",hesk5,central,utility_ratio,20,0.014485221102022567,0.0030443519342463125,0.024786554820869493,0.00830841064453125,0.75
fdkill,"fd_k=3,loss=0.5",hesk5,central,utility_ratio,20,0.09850872212763329,0.08593123260829581,0.11066061675504432,1.9073486328125e-06,1.0
fdkill,"fd_k=6,loss=0.3",hesk5,central,utility_ratio,20,-0.010421516879489617,-0.022491489863475687,0.00047898368845667295,0.24548721313476562,0.35
fdkill,"fd_k=6,loss=0.5",hesk5,central,utility_ratio,20,0.0012933349322774624,-0.006004795639510695,0.008688612487987073,0.6476554870605469,0.65
fdkill,"fd_k=12,loss=0.3",hesk6,cbba,utility_ratio,20,0.0039564098001177665,-0.012504895803602438,0.019123879820719083,0.4523754119873047,0.55
fdkill,"fd_k=12,loss=0.5",hesk6,cbba,utility_ratio,20,-0.0019123121559130429,-0.02095709954794457,0.01632873795458835,0.5958194732666016,0.4
fdkill,"fd_k=3,loss=0.3",hesk6,cbba,utility_ratio,20,0.005889271416572856,-0.011599736023459055,0.020973034931896267,0.2305126190185547,0.7
fdkill,"fd_k=3,loss=0.5",hesk6,cbba,utility_ratio,20,-0.0052684770420001244,-0.02459292883164084,0.015601502595501339,0.3117942810058594,0.3
fdkill,"fd_k=6,loss=0.3",hesk6,cbba,utility_ratio,20,0.010053776960726114,-0.0040838374874617575,0.023676659160808113,0.14290618896484375,0.7
fdkill,"fd_k=6,loss=0.5",hesk6,cbba,utility_ratio,20,0.007765572387535252,-0.006820015129477149,0.022996578600079618,0.5958194732666016,0.55
fdkill,"fd_k=12,loss=0.3",hesk6,central,utility_ratio,20,-0.022915960948713936,-0.03657953990545868,-0.010229877333205841,0.0023250579833984375,0.2
fdkill,"fd_k=12,loss=0.5",hesk6,central,utility_ratio,20,-0.02730096217193002,-0.04515622051469187,-0.01232215435138659,8.20159912109375e-05,0.15
fdkill,"fd_k=3,loss=0.3",hesk6,central,utility_ratio,20,0.014485221102022567,0.0030443519342463125,0.024786554820869493,0.00830841064453125,0.75
fdkill,"fd_k=3,loss=0.5",hesk6,central,utility_ratio,20,0.09850872212763329,0.08593123260829581,0.11066061675504432,1.9073486328125e-06,1.0
fdkill,"fd_k=6,loss=0.3",hesk6,central,utility_ratio,20,-0.010421516879489617,-0.022491489863475687,0.00047898368845667295,0.24548721313476562,0.35
fdkill,"fd_k=6,loss=0.5",hesk6,central,utility_ratio,20,0.0012933349322774624,-0.006004795639510695,0.008688612487987073,0.6476554870605469,0.65
threshold,adversarial,hesk5,cbba,utility_ratio,30,-0.01880072920956489,-0.027074459333331174,-0.009647034441967114,0.0003800932317972183,0.16666666666666666
threshold,loss30,hesk5,cbba,utility_ratio,30,0.03946939043858075,0.023856923452196685,0.054566341155764884,2.0798295736312866e-05,0.8
threshold,nominal,hesk5,cbba,utility_ratio,30,0.08747403557762203,0.07196009549482386,0.10271972785673762,1.862645149230957e-09,1.0
threshold,adversarial,hesk5,central_t12,utility_ratio,30,0.023141746787646703,0.014640522561875846,0.03172463017796042,9.220093488693237e-06,0.8
threshold,loss30,hesk5,central_t12,utility_ratio,30,0.029693848607760854,0.01855538391025281,0.03982962575041233,3.453157842159271e-05,0.8333333333333334
threshold,nominal,hesk5,central_t12,utility_ratio,30,0.07176056309364598,0.058562863387956215,0.08474846992069325,1.862645149230957e-09,1.0
threshold,adversarial,hesk5_t0.05,cbba,utility_ratio,30,-0.009413883829925435,-0.016842606931338194,-0.001728329633329642,0.019660815596580505,0.3333333333333333
threshold,loss30,hesk5_t0.05,cbba,utility_ratio,30,-0.006238955198513159,-0.02172529219968974,0.010284790911651964,0.4771064817905426,0.43333333333333335
threshold,nominal,hesk5_t0.05,cbba,utility_ratio,30,0.0874673089649661,0.07195992732950747,0.10271939152610482,1.862645149230957e-09,1.0
threshold,adversarial,hesk5_t0.05,central_t12,utility_ratio,30,0.03252859216728616,0.025016746155075112,0.04098533309369739,2.60770320892334e-08,0.9
threshold,loss30,hesk5_t0.05,central_t12,utility_ratio,30,-0.016014497029333056,-0.03345686218645326,0.00036946705671225865,0.13473508320748806,0.36666666666666664
threshold,nominal,hesk5_t0.05,central_t12,utility_ratio,30,0.07175383648099004,0.0585475227208402,0.08474168022380847,1.862645149230957e-09,1.0
threshold,adversarial,hesk5_t0.1,cbba,utility_ratio,30,-0.0170292699996025,-0.026669367710769682,-0.008182946899644203,0.0011314544826745987,0.23333333333333334
threshold,loss30,hesk5_t0.1,cbba,utility_ratio,30,-0.006238955198513159,-0.02172529219968974,0.010284790911651964,0.4771064817905426,0.43333333333333335
threshold,nominal,hesk5_t0.1,cbba,utility_ratio,30,0.08747403557762203,0.07196009549482386,0.10271972785673762,1.862645149230957e-09,1.0
threshold,adversarial,hesk5_t0.1,central_t12,utility_ratio,30,0.024913205997609093,0.015055571564595428,0.03557205069803703,1.8244609236717224e-05,0.8333333333333334
threshold,loss30,hesk5_t0.1,central_t12,utility_ratio,30,-0.016014497029333056,-0.03345686218645326,0.00036946705671225865,0.13473508320748806,0.36666666666666664
threshold,nominal,hesk5_t0.1,central_t12,utility_ratio,30,0.07176056309364598,0.058562863387956215,0.08474846992069325,1.862645149230957e-09,1.0
threshold,adversarial,hesk5_t0.2,cbba,utility_ratio,30,-0.03437171648378908,-0.04377272031907197,-0.025154148273046496,2.0489096641540527e-07,0.06666666666666667
threshold,loss30,hesk5_t0.2,cbba,utility_ratio,30,0.007578660195024079,-0.008084204388842166,0.023793834634523878,0.3817984350025654,0.5666666666666667
threshold,nominal,hesk5_t0.2,cbba,utility_ratio,30,0.08747403557762203,0.07196009549482386,0.10271972785673762,1.862645149230957e-09,1.0
threshold,adversarial,hesk5_t0.2,central_t12,utility_ratio,30,0.007570759513422517,-0.002319870310958342,0.018534913068654325,0.21293285302817822,0.5333333333333333
threshold,loss30,hesk5_t0.2,central_t12,utility_ratio,30,-0.0021968816357958183,-0.01998439363561283,0.013802500882744656,0.6701805889606476,0.5
threshold,nominal,hesk5_t0.2,central_t12,utility_ratio,30,0.07176056309364598,0.058562863387956215,0.08474846992069325,1.862645149230957e-09,1.0
threshold,adversarial,hesk5_t0.5,cbba,utility_ratio,30,-0.040624652822470804,-0.05150920767820265,-0.030373093304421103,2.551823854446411e-07,0.06666666666666667
threshold,loss30,hesk5_t0.5,cbba,utility_ratio,30,0.006229096558421965,-0.011730442286391512,0.023691074891559135,0.31839608028531075,0.6
threshold,nominal,hesk5_t0.5,cbba,utility_ratio,30,0.08747403557762203,0.07196009549482386,0.10271972785673762,1.862645149230957e-09,1.0
threshold,adversarial,hesk5_t0.5,central_t12,utility_ratio,30,0.0013178231747407953,-0.010295969733875832,0.012411544006164984,0.7000329215079546,0.5333333333333333
threshold,loss30,hesk5_t0.5,central_t12,utility_ratio,30,-0.003546445272397932,-0.018526684918689914,0.010995562198505086,0.7303419969975948,0.4666666666666667
threshold,nominal,hesk5_t0.5,central_t12,utility_ratio,30,0.07176056309364598,0.058562863387956215,0.08474846992069325,1.862645149230957e-09,1.0
ablation,adversarial,abl-coalitions,hesk3,utility_ratio,30,0.019543863597694996,0.007572942389460272,0.03133655975901316,0.010598260909318924,0.6666666666666666
ablation,loss30,abl-coalitions,hesk3,utility_ratio,30,-0.0345459281204531,-0.05332034758169255,-0.016182086680669384,0.0018640067428350449,0.26666666666666666
ablation,nominal,abl-coalitions,hesk3,utility_ratio,30,-0.08687586073215248,-0.09735317663552397,-0.07539988699725697,1.862645149230957e-09,0.0
ablation,adversarial,abl-coalscarcity,hesk3,utility_ratio,30,-0.000665472646435609,-0.014796812896036642,0.013605615626194698,0.7703529786474997,0.43333333333333335
ablation,loss30,abl-coalscarcity,hesk3,utility_ratio,30,0.019990613695275036,0.0026681586817781516,0.03726669505648582,0.06937721794870326,0.5333333333333333
ablation,nominal,abl-coalscarcity,hesk3,utility_ratio,30,-0.055970858679151636,-0.06803134657948574,-0.044083686581392,5.606116527496013e-06,0.0
ablation,adversarial,abl-gossip,hesk3,utility_ratio,30,-0.020896160028653063,-0.032467406218383066,-0.009099095627136468,0.002560090273618698,0.3333333333333333
ablation,loss30,abl-gossip,hesk3,utility_ratio,30,-0.11339504963739885,-0.13617952348483117,-0.09218254388368118,1.862645149230957e-09,0.0
ablation,nominal,abl-gossip,hesk3,utility_ratio,30,1.5925350357696526e-06,0.0,4.777605107308958e-06,0.31731050786291415,0.03333333333333333
ablation,adversarial,abl-lease,hesk3,utility_ratio,30,-0.0754301297584911,-0.08905092368982849,-0.06136539065784577,9.313225746154785e-09,0.03333333333333333
ablation,loss30,abl-lease,hesk3,utility_ratio,30,-0.22813778763563994,-0.2467872013371099,-0.20920435834618104,1.862645149230957e-09,0.0
ablation,nominal,abl-lease,hesk3,utility_ratio,30,0.0,0.0,0.0,1.0,0.0
ablation,adversarial,abl-lww,hesk3,utility_ratio,30,-0.006152603428319316,-0.016784411886922302,0.004465535591761606,0.2621222734451294,0.4
ablation,loss30,abl-lww,hesk3,utility_ratio,30,0.0,0.0,0.0,1.0,0.0
ablation,nominal,abl-lww,hesk3,utility_ratio,30,0.0,0.0,0.0,1.0,0.0
ablation,adversarial,abl-raw008,hesk3,utility_ratio,30,-0.10920608345374291,-0.13224290213673107,-0.08733735801050782,3.725290298461914e-09,0.03333333333333333
ablation,loss30,abl-raw008,hesk3,utility_ratio,30,-0.13624434360048854,-0.16410338371731367,-0.1087250131761948,1.862645149230957e-09,0.0
ablation,nominal,abl-raw008,hesk3,utility_ratio,30,-0.050822072631469886,-0.06729529116822844,-0.03595150756513139,1.2280378206640874e-05,0.06666666666666667
ablation,adversarial,abl-reconcile,hesk3,utility_ratio,30,-0.014933641351821481,-0.022498913395088097,-0.007539755310403205,0.0004790201685429912,0.1
ablation,loss30,abl-reconcile,hesk3,utility_ratio,30,0.0,0.0,0.0,1.0,0.0
ablation,nominal,abl-reconcile,hesk3,utility_ratio,30,0.0,0.0,0.0,1.0,0.0
ablation,adversarial,abl-scarcity,hesk3,utility_ratio,30,-0.018065860404016136,-0.030154093244808857,-0.0052026365520642815,0.01283373311161995,0.3
ablation,loss30,abl-scarcity,hesk3,utility_ratio,30,-0.06371129182358,-0.08328951190731322,-0.044294382204751404,1.1920928955078125e-06,0.16666666666666666
ablation,nominal,abl-scarcity,hesk3,utility_ratio,30,-0.10771456586249656,-0.12279401654469078,-0.09222577850133105,1.862645149230957e-09,0.0
ablation,adversarial,abl-tiers,hesk3,utility_ratio,30,-0.1965013778383257,-0.21173744755433543,-0.1812241647819881,1.862645149230957e-09,0.0
ablation,loss30,abl-tiers,hesk3,utility_ratio,30,-0.036357233156549734,-0.059764389520004936,-0.011882042179518265,0.012047622352838516,0.4
ablation,nominal,abl-tiers,hesk3,utility_ratio,30,-0.06230804780890591,-0.07328163494339174,-0.05187146730545372,5.587935447692871e-09,0.03333333333333333
ablation,adversarial,abl-upgrade,hesk3,utility_ratio,30,-0.009744473338506563,-0.021458146580594688,0.0020899171302182725,0.140283040702343,0.4
ablation,loss30,abl-upgrade,hesk3,utility_ratio,30,-0.0393653576942901,-0.05798683446396206,-0.020862132386433016,0.0006084088236093521,0.23333333333333334
ablation,nominal,abl-upgrade,hesk3,utility_ratio,30,-0.044081288281042776,-0.06140400864741597,-0.02934592275713347,1.3181208948734449e-05,0.13333333333333333
