exp,cell,impl,metric,n,mean,ci_lo,ci_hi
E1_audit,workload=main,hesk-l,conv_all,100,1,0.963005,1
E1_audit,workload=main,hesk-l/-all,conv_all,100,0,0,0.0369948
E1_audit,workload=main,hesk-l/-dedup,conv_all,100,1,0.963005,1
E1_audit,workload=main,hesk-l/-gcounter,conv_all,100,1,0.963005,1
E1_audit,workload=main,hesk-l/-lww,conv_all,100,0,0,0.0369948
E1_audit,workload=main,hesk-l/eps-resolver,conv_all,100,1,0.963005,1
E1_audit,workload=main,hesk-l/exact,conv_all,100,1,0.963005,1
E1_audit,workload=main,legacy/gossip/direct,conv_all,100,0,0,0.0369948
E1_audit,workload=main,legacy/gossip/relay,conv_all,100,0,0,0.0369948
E1_audit,workload=main,legacy/reconcile/direct,conv_all,100,0,0,0.0369948
E1_audit,workload=main,legacy/reconcile/relay,conv_all,100,0.02,0.00550185,0.0700132
E1_audit,workload=obs,hesk-l,conv_all,100,1,0.963005,1
E1_audit,workload=obs,hesk-l/-all,conv_all,100,1,0.963005,1
E1_audit,workload=obs,hesk-l/-dedup,conv_all,100,1,0.963005,1
E1_audit,workload=obs,hesk-l/-gcounter,conv_all,100,1,0.963005,1
E1_audit,workload=obs,hesk-l/-lww,conv_all,100,1,0.963005,1
E1_audit,workload=obs,hesk-l/eps-resolver,conv_all,100,1,0.963005,1
E1_audit,workload=obs,hesk-l/exact,conv_all,100,1,0.963005,1
E1_audit,workload=obs,legacy/gossip/direct,conv_all,100,0,0,0.0369948
E1_audit,workload=obs,legacy/gossip/relay,conv_all,100,0,0,0.0369948
E1_audit,workload=obs,legacy/reconcile/direct,conv_all,100,0,0,0.0369948
E1_audit,workload=obs,legacy/reconcile/relay,conv_all,100,0,0,0.0369948
E1_audit,workload=main,hesk-l,conv_own,100,1,0.963005,1
E1_audit,workload=main,hesk-l/-all,conv_own,100,1,0.963005,1
E1_audit,workload=main,hesk-l/-dedup,conv_own,100,1,0.963005,1
E1_audit,workload=main,hesk-l/-gcounter,conv_own,100,1,0.963005,1
E1_audit,workload=main,hesk-l/-lww,conv_own,100,1,0.963005,1
E1_audit,workload=main,hesk-l/eps-resolver,conv_own,100,1,0.963005,1
E1_audit,workload=main,hesk-l/exact,conv_own,100,1,0.963005,1
E1_audit,workload=main,legacy/gossip/direct,conv_own,100,0,0,0.0369948
E1_audit,workload=main,legacy/gossip/relay,conv_own,100,0,0,0.0369948
E1_audit,workload=main,legacy/reconcile/direct,conv_own,100,0,0,0.0369948
E1_audit,workload=main,legacy/reconcile/relay,conv_own,100,0.05,0.0215434,0.111752
E1_audit,workload=main,hesk-l,conv_ctr,100,1,0.963005,1
E1_audit,workload=main,hesk-l/-all,conv_ctr,100,1,0.963005,1
E1_audit,workload=main,hesk-l/-dedup,conv_ctr,100,1,0.963005,1
E1_audit,workload=main,hesk-l/-gcounter,conv_ctr,100,1,0.963005,1
E1_audit,workload=main,hesk-l/-lww,conv_ctr,100,1,0.963005,1
E1_audit,workload=main,hesk-l/eps-resolver,conv_ctr,100,1,0.963005,1
E1_audit,workload=main,hesk-l/exact,conv_ctr,100,1,0.963005,1
E1_audit,workload=main,legacy/gossip/direct,conv_ctr,100,0.96,0.901628,0.984337
E1_audit,workload=main,legacy/gossip/relay,conv_ctr,100,1,0.963005,1
E1_audit,workload=main,legacy/reconcile/direct,conv_ctr,100,0.96,0.901628,0.984337
E1_audit,workload=main,legacy/reconcile/relay,conv_ctr,100,1,0.963005,1
E1_audit,workload=obs,hesk-l,conv_obs,100,1,0.963005,1
E1_audit,workload=obs,hesk-l/-all,conv_obs,100,1,0.963005,1
E1_audit,workload=obs,hesk-l/-dedup,conv_obs,100,1,0.963005,1
E1_audit,workload=obs,hesk-l/-gcounter,conv_obs,100,1,0.963005,1
E1_audit,workload=obs,hesk-l/-lww,conv_obs,100,1,0.963005,1
E1_audit,workload=obs,hesk-l/eps-resolver,conv_obs,100,1,0.963005,1
E1_audit,workload=obs,hesk-l/exact,conv_obs,100,1,0.963005,1
E1_audit,workload=obs,legacy/gossip/direct,conv_obs,100,0,0,0.0369948
E1_audit,workload=obs,legacy/gossip/relay,conv_obs,100,0,0,0.0369948
E1_audit,workload=obs,legacy/reconcile/direct,conv_obs,100,0,0,0.0369948
E1_audit,workload=obs,legacy/reconcile/relay,conv_obs,100,0,0,0.0369948
E1_audit,workload=main,hesk-l,conv_res,100,1,0.963005,1
E1_audit,workload=main,hesk-l/-all,conv_res,100,0,0,0.0369948
E1_audit,workload=main,hesk-l/-dedup,conv_res,100,1,0.963005,1
E1_audit,workload=main,hesk-l/-gcounter,conv_res,100,1,0.963005,1
E1_audit,workload=main,hesk-l/-lww,conv_res,100,0,0,0.0369948
E1_audit,workload=main,hesk-l/eps-resolver,conv_res,100,1,0.963005,1
E1_audit,workload=main,hesk-l/exact,conv_res,100,1,0.963005,1
E1_audit,workload=main,legacy/gossip/direct,conv_res,100,0,0,0.0369948
E1_audit,workload=main,legacy/gossip/relay,conv_res,100,0,0,0.0369948
E1_audit,workload=main,legacy/reconcile/direct,conv_res,100,0.06,0.0277857,0.12477
E1_audit,workload=main,legacy/reconcile/relay,conv_res,100,0.41,0.318672,0.507987
E1_audit,workload=main,hesk-l,chain_stale,100,0,0,0
E1_audit,workload=main,hesk-l/-all,chain_stale,100,0,0,0
E1_audit,workload=main,hesk-l/-dedup,chain_stale,100,0,0,0
E1_audit,workload=main,hesk-l/-gcounter,chain_stale,100,0,0,0
E1_audit,workload=main,hesk-l/-lww,chain_stale,100,0,0,0
E1_audit,workload=main,hesk-l/eps-resolver,chain_stale,100,0,0,0
E1_audit,workload=main,hesk-l/exact,chain_stale,100,0,0,0
E1_audit,workload=main,legacy/gossip/direct,chain_stale,100,0.509167,0.478542,0.539167
E1_audit,workload=main,legacy/gossip/relay,chain_stale,100,0.913542,0.911667,0.915
E1_audit,workload=main,legacy/reconcile/direct,chain_stale,100,0.369583,0.331859,0.4075
E1_audit,workload=main,legacy/reconcile/relay,chain_stale,100,0.608958,0.556458,0.6625
E1_audit,workload=main,hesk-l,chain_split,100,0,0,0
E1_audit,workload=main,hesk-l/-all,chain_split,100,0,0,0
E1_audit,workload=main,hesk-l/-dedup,chain_split,100,0,0,0
E1_audit,workload=main,hesk-l/-gcounter,chain_split,100,0,0,0
E1_audit,workload=main,hesk-l/-lww,chain_split,100,0,0,0
E1_audit,workload=main,hesk-l/eps-resolver,chain_split,100,0,0,0
E1_audit,workload=main,hesk-l/exact,chain_split,100,0,0,0
E1_audit,workload=main,legacy/gossip/direct,chain_split,100,0.835,0.795,0.8725
E1_audit,workload=main,legacy/gossip/relay,chain_split,100,1,1,1
E1_audit,workload=main,legacy/reconcile/direct,chain_split,100,0.61,0.55,0.6675
E1_audit,workload=main,legacy/reconcile/relay,chain_split,100,0.66,0.602438,0.72
E1_audit,workload=main,hesk-l,contest_split,100,0,0,0
E1_audit,workload=main,hesk-l/-all,contest_split,100,0,0,0
E1_audit,workload=main,hesk-l/-dedup,contest_split,100,0,0,0
E1_audit,workload=main,hesk-l/-gcounter,contest_split,100,0,0,0
E1_audit,workload=main,hesk-l/-lww,contest_split,100,0,0,0
E1_audit,workload=main,hesk-l/eps-resolver,contest_split,100,0,0,0
E1_audit,workload=main,hesk-l/exact,contest_split,100,0,0,0
E1_audit,workload=main,legacy/gossip/direct,contest_split,100,1,1,1
E1_audit,workload=main,legacy/gossip/relay,contest_split,100,1,1,1
E1_audit,workload=main,legacy/reconcile/direct,contest_split,100,0.693333,0.645,0.745
E1_audit,workload=main,legacy/reconcile/relay,contest_split,100,0.196667,0.13,0.273333
E1_audit,workload=main,hesk-l,contest_regret,100,0.00330767,0.00258387,0.00408002
E1_audit,workload=main,hesk-l/-all,contest_regret,100,0.0105395,0.00938815,0.011756
E1_audit,workload=main,hesk-l/-dedup,contest_regret,100,0.00330767,0.00258387,0.00408002
E1_audit,workload=main,hesk-l/-gcounter,contest_regret,100,0.00330767,0.00259752,0.00413618
E1_audit,workload=main,hesk-l/-lww,contest_regret,100,0.00330767,0.00264149,0.00409177
E1_audit,workload=main,hesk-l/eps-resolver,contest_regret,100,0.0105395,0.00937377,0.0117661
E1_audit,workload=main,hesk-l/exact,contest_regret,100,0,0,0
E1_audit,workload=main,legacy/gossip/direct,contest_regret,100,0.0428305,0.0408808,0.0449022
E1_audit,workload=main,legacy/gossip/relay,contest_regret,100,0.0426549,0.0406969,0.0447781
E1_audit,workload=main,legacy/reconcile/direct,contest_regret,100,0.0334296,0.0312182,0.0356532
E1_audit,workload=main,legacy/reconcile/relay,contest_regret,100,0.0218811,0.0192987,0.0246662
E1_audit,workload=main,hesk-l,ctr_loss,100,0,0,0
E1_audit,workload=main,hesk-l/-all,ctr_loss,100,0.555599,0.549642,0.561382
E1_audit,workload=main,hesk-l/-dedup,ctr_loss,100,0,0,0
E1_audit,workload=main,hesk-l/-gcounter,ctr_loss,100,0.555599,0.54982,0.56158
E1_audit,workload=main,hesk-l/-lww,ctr_loss,100,0,0,0
E1_audit,workload=main,hesk-l/eps-resolver,ctr_loss,100,0,0,0
E1_audit,workload=main,hesk-l/exact,ctr_loss,100,0,0,0
E1_audit,workload=main,legacy/gossip/direct,ctr_loss,100,0.618588,0.612992,0.624047
E1_audit,workload=main,legacy/gossip/relay,ctr_loss,100,0.555599,0.54949,0.561679
E1_audit,workload=main,legacy/reconcile/direct,ctr_loss,100,0.618588,0.612824,0.624038
E1_audit,workload=main,legacy/reconcile/relay,ctr_loss,100,0.555599,0.549415,0.56155
E1_audit,workload=obs,hesk-l,obs_dup,100,0,0,0
E1_audit,workload=obs,hesk-l/-all,obs_dup,100,0.8,0.8,0.8
E1_audit,workload=obs,hesk-l/-dedup,obs_dup,100,0.8,0.8,0.8
E1_audit,workload=obs,hesk-l/-gcounter,obs_dup,100,0,0,0
E1_audit,workload=obs,hesk-l/-lww,obs_dup,100,0,0,0
E1_audit,workload=obs,hesk-l/eps-resolver,obs_dup,100,0,0,0
E1_audit,workload=obs,hesk-l/exact,obs_dup,100,0,0,0
E1_audit,workload=obs,legacy/gossip/direct,obs_dup,100,0.562289,0.549428,0.575226
E1_audit,workload=obs,legacy/gossip/relay,obs_dup,100,0.987607,0.986773,0.988392
E1_audit,workload=obs,legacy/reconcile/direct,obs_dup,100,0.562289,0.549428,0.575226
E1_audit,workload=obs,legacy/reconcile/relay,obs_dup,100,0.987607,0.986773,0.988392
E1_audit,workload=obs,hesk-l,obs_recall,100,0.990667,0.985333,0.995333
E1_audit,workload=obs,hesk-l/-all,obs_recall,100,0.2,0.2,0.2
E1_audit,workload=obs,hesk-l/-dedup,obs_recall,100,0.2,0.2,0.2
E1_audit,workload=obs,hesk-l/-gcounter,obs_recall,100,0.990667,0.985333,0.995333
E1_audit,workload=obs,hesk-l/-lww,obs_recall,100,0.990667,0.985333,0.995333
E1_audit,workload=obs,hesk-l/eps-resolver,obs_recall,100,0.990667,0.985333,0.995333
E1_audit,workload=obs,hesk-l/exact,obs_recall,100,0.990667,0.985333,0.995333
E1_audit,workload=obs,legacy/gossip/direct,obs_recall,100,0.280111,0.271165,0.289556
E1_audit,workload=obs,legacy/gossip/relay,obs_recall,100,0.464213,0.436193,0.492135
E1_audit,workload=obs,legacy/reconcile/direct,obs_recall,100,0.280111,0.271165,0.289556
E1_audit,workload=obs,legacy/reconcile/relay,obs_recall,100,0.464213,0.436193,0.492135
E1_audit,workload=main,hesk-l,res_stale,100,0.0966667,0.0699167,0.126667
E1_audit,workload=main,hesk-l/-all,res_stale,100,0.6725,0.651111,0.691951
E1_audit,workload=main,hesk-l/-dedup,res_stale,100,0.0966667,0.0699167,0.126667
E1_audit,workload=main,hesk-l/-gcounter,res_stale,100,0.0966667,0.0666667,0.126667
E1_audit,workload=main,hesk-l/-lww,res_stale,100,0.6725,0.651944,0.692785
E1_audit,workload=main,hesk-l/eps-resolver,res_stale,100,0.0966667,0.07,0.126667
E1_audit,workload=main,hesk-l/exact,res_stale,100,0.0966667,0.0666667,0.123333
E1_audit,workload=main,legacy/gossip/direct,res_stale,100,0.666944,0.654167,0.679444
E1_audit,workload=main,legacy/gossip/relay,res_stale,100,0.6725,0.652778,0.692778
E1_audit,workload=main,legacy/reconcile/direct,res_stale,100,0.671389,0.63916,0.702222
E1_audit,workload=main,legacy/reconcile/relay,res_stale,100,0.690556,0.643049,0.738896
E1_audit,workload=main,hesk-l,res_stale2,100,0,0,0
E1_audit,workload=main,hesk-l/-all,res_stale2,100,0.0119444,0.00582639,0.0186181
E1_audit,workload=main,hesk-l/-dedup,res_stale2,100,0,0,0
E1_audit,workload=main,hesk-l/-gcounter,res_stale2,100,0,0,0
E1_audit,workload=main,hesk-l/-lww,res_stale2,100,0.0119444,0.00583333,0.0188889
E1_audit,workload=main,hesk-l/eps-resolver,res_stale2,100,0,0,0
E1_audit,workload=main,hesk-l/exact,res_stale2,100,0,0,0
E1_audit,workload=main,legacy/gossip/direct,res_stale2,100,0.00416667,0.00249306,0.00611111
E1_audit,workload=main,legacy/gossip/relay,res_stale2,100,0.0119444,0.00610417,0.0188889
E1_audit,workload=main,legacy/reconcile/direct,res_stale2,100,0.00305556,0.000833333,0.00583333
E1_audit,workload=main,legacy/reconcile/relay,res_stale2,100,0.0347222,0.0144444,0.0583333
E1_audit,workload=main,hesk-l,res_lag_s,100,0.0087261,0.00484119,0.0133633
E1_audit,workload=main,hesk-l/-all,res_lag_s,100,0.560477,0.525311,0.597703
E1_audit,workload=main,hesk-l/-dedup,res_lag_s,100,0.0087261,0.00484119,0.0133633
E1_audit,workload=main,hesk-l/-gcounter,res_lag_s,100,0.0087261,0.00488649,0.0134377
E1_audit,workload=main,hesk-l/-lww,res_lag_s,100,0.560477,0.523943,0.597038
E1_audit,workload=main,hesk-l/eps-resolver,res_lag_s,100,0.0087261,0.0048921,0.0133362
E1_audit,workload=main,hesk-l/exact,res_lag_s,100,0.0087261,0.0047768,0.0131559
E1_audit,workload=main,legacy/gossip/direct,res_lag_s,100,0.490078,0.465,0.516856
E1_audit,workload=main,legacy/gossip/relay,res_lag_s,100,0.560477,0.525216,0.598115
E1_audit,workload=main,legacy/reconcile/direct,res_lag_s,100,0.497253,0.454176,0.538825
E1_audit,workload=main,legacy/reconcile/relay,res_lag_s,100,0.676879,0.577558,0.790432
E1_audit,workload=main,hesk-l,aborted,100,0,0,0.0369948
E1_audit,workload=main,hesk-l/-all,aborted,100,0,0,0.0369948
E1_audit,workload=main,hesk-l/-dedup,aborted,100,0,0,0.0369948
E1_audit,workload=main,hesk-l/-gcounter,aborted,100,0,0,0.0369948
E1_audit,workload=main,hesk-l/-lww,aborted,100,0,0,0.0369948
E1_audit,workload=main,hesk-l/eps-resolver,aborted,100,0,0,0.0369948
E1_audit,workload=main,hesk-l/exact,aborted,100,0,0,0.0369948
E1_audit,workload=main,legacy/gossip/direct,aborted,100,0,0,0.0369948
E1_audit,workload=main,legacy/gossip/relay,aborted,100,0,0,0.0369948
E1_audit,workload=main,legacy/reconcile/direct,aborted,100,0,0,0.0369948
E1_audit,workload=main,legacy/reconcile/relay,aborted,100,0,0,0.0369948
E1_audit,workload=obs,hesk-l,aborted,100,0,0,0.0369948
E1_audit,workload=obs,hesk-l/-all,aborted,100,0,0,0.0369948
E1_audit,workload=obs,hesk-l/-dedup,aborted,100,0,0,0.0369948
E1_audit,workload=obs,hesk-l/-gcounter,aborted,100,0,0,0.0369948
E1_audit,workload=obs,hesk-l/-lww,aborted,100,0,0,0.0369948
E1_audit,workload=obs,hesk-l/eps-resolver,aborted,100,0,0,0.0369948
E1_audit,workload=obs,hesk-l/exact,aborted,100,0,0,0.0369948
E1_audit,workload=obs,legacy/gossip/direct,aborted,100,0,0,0.0369948
E1_audit,workload=obs,legacy/gossip/relay,aborted,100,1,0.963005,1
E1_audit,workload=obs,legacy/reconcile/direct,aborted,100,0,0,0.0369948
E1_audit,workload=obs,legacy/reconcile/relay,aborted,100,1,0.963005,1
E1_audit,workload=main,hesk-l,t_conv_own,100,2.83,2.7,2.965
E1_audit,workload=main,hesk-l/-all,t_conv_own,100,2.86,2.73,3
E1_audit,workload=main,hesk-l/-dedup,t_conv_own,100,2.83,2.7,2.965
E1_audit,workload=main,hesk-l/-gcounter,t_conv_own,100,2.83,2.7,2.965
E1_audit,workload=main,hesk-l/-lww,t_conv_own,100,2.83,2.7,2.965
E1_audit,workload=main,hesk-l/eps-resolver,t_conv_own,100,2.86,2.73,3
E1_audit,workload=main,hesk-l/exact,t_conv_own,100,2.85,2.715,2.99
E1_audit,workload=main,legacy/reconcile/relay,t_conv_own,5,11.3,6.8,15.8
E1_audit,workload=main,hesk-l,t_conv_res,100,3.885,3.745,4.035
E1_audit,workload=main,hesk-l/-dedup,t_conv_res,100,3.885,3.745,4.035
E1_audit,workload=main,hesk-l/-gcounter,t_conv_res,100,3.885,3.75,4.035
E1_audit,workload=main,hesk-l/eps-resolver,t_conv_res,100,3.885,3.75,4.04
E1_audit,workload=main,hesk-l/exact,t_conv_res,100,3.885,3.74987,4.035
E1_audit,workload=main,legacy/reconcile/direct,t_conv_res,6,19.3333,16.8313,21.8333
E1_audit,workload=main,legacy/reconcile/relay,t_conv_res,41,11.1341,9.38994,12.9634
E1_audit,workload=main,hesk-l,bytes,100,2330.8,2329.28,2332.12
E1_audit,workload=main,hesk-l/-all,bytes,100,2157.59,2156.7,2158.44
E1_audit,workload=main,hesk-l/-dedup,bytes,100,2330.8,2329.28,2332.12
E1_audit,workload=main,hesk-l/-gcounter,bytes,100,2129.68,2128.8,2130.48
E1_audit,workload=main,hesk-l/-lww,bytes,100,2358.8,2357.36,2360.24
E1_audit,workload=main,hesk-l/eps-resolver,bytes,100,2330.8,2329.36,2332.24
E1_audit,workload=main,hesk-l/exact,bytes,100,2330.8,2329.36,2332.32
E1_audit,workload=main,legacy/gossip/direct,bytes,100,2952.39,2950.92,2953.76
E1_audit,workload=main,legacy/gossip/relay,bytes,100,2957.27,2956.31,2958.26
E1_audit,workload=main,legacy/reconcile/direct,bytes,100,2942.27,2939.93,2944.55
E1_audit,workload=main,legacy/reconcile/relay,bytes,100,2958.1,2956.84,2959.33
E1_audit,workload=obs,hesk-l,bytes,100,639.4,638.2,640.641
E1_audit,workload=obs,hesk-l/-all,bytes,100,115,115,115
E1_audit,workload=obs,hesk-l/-dedup,bytes,100,115,115,115
E1_audit,workload=obs,hesk-l/-gcounter,bytes,100,639.4,638.2,640.641
E1_audit,workload=obs,hesk-l/-lww,bytes,100,639.4,638.2,640.641
E1_audit,workload=obs,hesk-l/eps-resolver,bytes,100,639.4,638.2,640.641
E1_audit,workload=obs,hesk-l/exact,bytes,100,639.4,638.2,640.641
E1_audit,workload=obs,legacy/gossip/direct,bytes,100,1278.69,1274.5,1282.67
E1_audit,workload=obs,legacy/gossip/relay,bytes,100,82461,78662.6,86264.7
E1_audit,workload=obs,legacy/reconcile/direct,bytes,100,1278.69,1274.5,1282.67
E1_audit,workload=obs,legacy/reconcile/relay,bytes,100,82461,78662.6,86264.7
E1_audit,workload=main,hesk-l,t_conv_ctr,100,3.93,3.795,4.08012
E1_audit,workload=main,hesk-l/-all,t_conv_ctr,100,3.35,3.205,3.505
E1_audit,workload=main,hesk-l/-dedup,t_conv_ctr,100,3.93,3.795,4.08012
E1_audit,workload=main,hesk-l/-gcounter,t_conv_ctr,100,3.35,3.2,3.50012
E1_audit,workload=main,hesk-l/-lww,t_conv_ctr,100,3.93,3.795,4.08012
E1_audit,workload=main,hesk-l/eps-resolver,t_conv_ctr,100,3.93,3.79487,4.07
E1_audit,workload=main,hesk-l/exact,t_conv_ctr,100,3.93,3.79,4.075
E1_audit,workload=main,legacy/gossip/direct,t_conv_ctr,95,17.3368,16.2632,18.4475
E1_audit,workload=main,legacy/gossip/relay,t_conv_ctr,100,3.35,3.20487,3.505
E1_audit,workload=main,legacy/reconcile/direct,t_conv_ctr,95,17.3368,16.2632,18.4475
E1_audit,workload=main,legacy/reconcile/relay,t_conv_ctr,100,3.35,3.205,3.505
E1_audit,workload=obs,hesk-l,t_conv_obs,100,3.95,3.815,4.09
E1_audit,workload=obs,hesk-l/-all,t_conv_obs,100,4.695,4.55,4.85
E1_audit,workload=obs,hesk-l/-dedup,t_conv_obs,100,4.695,4.55,4.85
E1_audit,workload=obs,hesk-l/-gcounter,t_conv_obs,100,3.95,3.815,4.09
E1_audit,workload=obs,hesk-l/-lww,t_conv_obs,100,3.95,3.815,4.09
E1_audit,workload=obs,hesk-l/eps-resolver,t_conv_obs,100,3.95,3.815,4.09
E1_audit,workload=obs,hesk-l/exact,t_conv_obs,100,3.95,3.815,4.09
E2_groups,groups=1,hesk-l,conv_all,60,1,0.939826,1
E2_groups,groups=1,hesk-l/eps-resolver,conv_all,60,1,0.939826,1
E2_groups,groups=1,hesk-l/exact,conv_all,60,1,0.939826,1
E2_groups,groups=1,legacy/reconcile/direct,conv_all,60,0.5,0.377348,0.622652
E2_groups,groups=1,legacy/reconcile/relay,conv_all,60,1,0.939826,1
E2_groups,groups=2,hesk-l,conv_all,60,1,0.939826,1
E2_groups,groups=2,hesk-l/eps-resolver,conv_all,60,1,0.939826,1
E2_groups,groups=2,hesk-l/exact,conv_all,60,1,0.939826,1
E2_groups,groups=2,legacy/reconcile/direct,conv_all,60,0.0166667,0.00294808,0.0885534
E2_groups,groups=2,legacy/reconcile/relay,conv_all,60,0.883333,0.77821,0.942324
E2_groups,groups=3,hesk-l,conv_all,60,1,0.939826,1
E2_groups,groups=3,hesk-l/eps-resolver,conv_all,60,1,0.939826,1
E2_groups,groups=3,hesk-l/exact,conv_all,60,1,0.939826,1
E2_groups,groups=3,legacy/reconcile/direct,conv_all,60,0,0,0.0601739
E2_groups,groups=3,legacy/reconcile/relay,conv_all,60,0.75,0.627677,0.842236
E2_groups,groups=4,hesk-l,conv_all,60,1,0.939826,1
E2_groups,groups=4,hesk-l/eps-resolver,conv_all,60,1,0.939826,1
E2_groups,groups=4,hesk-l/exact,conv_all,60,1,0.939826,1
E2_groups,groups=4,legacy/reconcile/direct,conv_all,60,0.0166667,0.00294808,0.0885534
E2_groups,groups=4,legacy/reconcile/relay,conv_all,60,0.683333,0.55766,0.786943
E2_groups,groups=6,hesk-l,conv_all,60,1,0.939826,1
E2_groups,groups=6,hesk-l/eps-resolver,conv_all,60,1,0.939826,1
E2_groups,groups=6,hesk-l/exact,conv_all,60,1,0.939826,1
E2_groups,groups=6,legacy/reconcile/direct,conv_all,60,0.05,0.0171492,0.137007
E2_groups,groups=6,legacy/reconcile/relay,conv_all,60,0.683333,0.55766,0.786943
E2_groups,groups=1,hesk-l,conv_own,60,1,0.939826,1
E2_groups,groups=1,hesk-l/eps-resolver,conv_own,60,1,0.939826,1
E2_groups,groups=1,hesk-l/exact,conv_own,60,1,0.939826,1
E2_groups,groups=1,legacy/reconcile/direct,conv_own,60,0.5,0.377348,0.622652
E2_groups,groups=1,legacy/reconcile/relay,conv_own,60,1,0.939826,1
E2_groups,groups=2,hesk-l,conv_own,60,1,0.939826,1
E2_groups,groups=2,hesk-l/eps-resolver,conv_own,60,1,0.939826,1
E2_groups,groups=2,hesk-l/exact,conv_own,60,1,0.939826,1
E2_groups,groups=2,legacy/reconcile/direct,conv_own,60,0.0166667,0.00294808,0.0885534
E2_groups,groups=2,legacy/reconcile/relay,conv_own,60,0.883333,0.77821,0.942324
E2_groups,groups=3,hesk-l,conv_own,60,1,0.939826,1
E2_groups,groups=3,hesk-l/eps-resolver,conv_own,60,1,0.939826,1
E2_groups,groups=3,hesk-l/exact,conv_own,60,1,0.939826,1
E2_groups,groups=3,legacy/reconcile/direct,conv_own,60,0,0,0.0601739
E2_groups,groups=3,legacy/reconcile/relay,conv_own,60,0.75,0.627677,0.842236
E2_groups,groups=4,hesk-l,conv_own,60,1,0.939826,1
E2_groups,groups=4,hesk-l/eps-resolver,conv_own,60,1,0.939826,1
E2_groups,groups=4,hesk-l/exact,conv_own,60,1,0.939826,1
E2_groups,groups=4,legacy/reconcile/direct,conv_own,60,0.0166667,0.00294808,0.0885534
E2_groups,groups=4,legacy/reconcile/relay,conv_own,60,0.683333,0.55766,0.786943
E2_groups,groups=6,hesk-l,conv_own,60,1,0.939826,1
E2_groups,groups=6,hesk-l/eps-resolver,conv_own,60,1,0.939826,1
E2_groups,groups=6,hesk-l/exact,conv_own,60,1,0.939826,1
E2_groups,groups=6,legacy/reconcile/direct,conv_own,60,0.05,0.0171492,0.137007
E2_groups,groups=6,legacy/reconcile/relay,conv_own,60,0.683333,0.55766,0.786943
E2_groups,groups=1,hesk-l,contest_split,60,0,0,0
E2_groups,groups=1,hesk-l/eps-resolver,contest_split,60,0,0,0
E2_groups,groups=1,hesk-l/exact,contest_split,60,0,0,0
E2_groups,groups=1,legacy/reconcile/direct,contest_split,60,0.0895833,0.0645833,0.116667
E2_groups,groups=1,legacy/reconcile/relay,contest_split,60,0,0,0
E2_groups,groups=2,hesk-l,contest_split,60,0,0,0
E2_groups,groups=2,hesk-l/eps-resolver,contest_split,60,0,0,0
E2_groups,groups=2,hesk-l/exact,contest_split,60,0,0,0
E2_groups,groups=2,legacy/reconcile/direct,contest_split,60,0.73125,0.672917,0.785417
E2_groups,groups=2,legacy/reconcile/relay,contest_split,60,0.102083,0.0354167,0.183385
E2_groups,groups=3,hesk-l,contest_split,60,0,0,0
E2_groups,groups=3,hesk-l/eps-resolver,contest_split,60,0,0,0
E2_groups,groups=3,hesk-l/exact,contest_split,60,0,0,0
E2_groups,groups=3,legacy/reconcile/direct,contest_split,60,0.68125,0.625,0.7375
E2_groups,groups=3,legacy/reconcile/relay,contest_split,60,0.16875,0.0895833,0.252135
E2_groups,groups=4,hesk-l,contest_split,60,0,0,0
E2_groups,groups=4,hesk-l/eps-resolver,contest_split,60,0,0,0
E2_groups,groups=4,hesk-l/exact,contest_split,60,0,0,0
E2_groups,groups=4,legacy/reconcile/direct,contest_split,60,0.60625,0.545833,0.662552
E2_groups,groups=4,legacy/reconcile/relay,contest_split,60,0.2,0.120833,0.285469
E2_groups,groups=6,hesk-l,contest_split,60,0,0,0
E2_groups,groups=6,hesk-l/eps-resolver,contest_split,60,0,0,0
E2_groups,groups=6,hesk-l/exact,contest_split,60,0,0,0
E2_groups,groups=6,legacy/reconcile/direct,contest_split,60,0.477083,0.4125,0.5375
E2_groups,groups=6,legacy/reconcile/relay,contest_split,60,0.216667,0.131198,0.314583
E2_groups,groups=1,hesk-l,contest_regret,60,0,0,0
E2_groups,groups=1,hesk-l/eps-resolver,contest_regret,60,0,0,0
E2_groups,groups=1,hesk-l/exact,contest_regret,60,0,0,0
E2_groups,groups=1,legacy/reconcile/direct,contest_regret,60,0.000809296,0.000582498,0.00106804
E2_groups,groups=1,legacy/reconcile/relay,contest_regret,60,0,0,0
E2_groups,groups=2,hesk-l,contest_regret,60,0.00246108,0.0019391,0.00304411
E2_groups,groups=2,hesk-l/eps-resolver,contest_regret,60,0.00688119,0.0057389,0.00818829
E2_groups,groups=2,hesk-l/exact,contest_regret,60,0,0,0
E2_groups,groups=2,legacy/reconcile/direct,contest_regret,60,0.0217132,0.0197581,0.0236127
E2_groups,groups=2,legacy/reconcile/relay,contest_regret,60,0.00880809,0.00707677,0.0108308
E2_groups,groups=3,hesk-l,contest_regret,60,0.00347047,0.0026067,0.0044006
E2_groups,groups=3,hesk-l/eps-resolver,contest_regret,60,0.010462,0.00924439,0.0117246
E2_groups,groups=3,hesk-l/exact,contest_regret,60,0,0,0
E2_groups,groups=3,legacy/reconcile/direct,contest_regret,60,0.0346931,0.0319454,0.0376461
E2_groups,groups=3,legacy/reconcile/relay,contest_regret,60,0.0223733,0.0194117,0.0257124
E2_groups,groups=4,hesk-l,contest_regret,60,0.00389414,0.00310887,0.00469605
E2_groups,groups=4,hesk-l/eps-resolver,contest_regret,60,0.0109582,0.00968404,0.0122871
E2_groups,groups=4,hesk-l/exact,contest_regret,60,0,0,0
E2_groups,groups=4,legacy/reconcile/direct,contest_regret,60,0.0416044,0.0387607,0.0443411
E2_groups,groups=4,legacy/reconcile/relay,contest_regret,60,0.0291028,0.0259753,0.0325203
E2_groups,groups=6,hesk-l,contest_regret,60,0.00493627,0.00396876,0.00587879
E2_groups,groups=6,hesk-l/eps-resolver,contest_regret,60,0.013526,0.0117416,0.0153322
E2_groups,groups=6,hesk-l/exact,contest_regret,60,0,0,0
E2_groups,groups=6,legacy/reconcile/direct,contest_regret,60,0.0475407,0.0442489,0.0507776
E2_groups,groups=6,legacy/reconcile/relay,contest_regret,60,0.0404774,0.0368756,0.0442519
E2_groups,groups=1,hesk-l,aborted,60,0,0,0.0601739
E2_groups,groups=1,hesk-l/eps-resolver,aborted,60,0,0,0.0601739
E2_groups,groups=1,hesk-l/exact,aborted,60,0,0,0.0601739
E2_groups,groups=1,legacy/reconcile/direct,aborted,60,0,0,0.0601739
E2_groups,groups=1,legacy/reconcile/relay,aborted,60,0,0,0.0601739
E2_groups,groups=2,hesk-l,aborted,60,0,0,0.0601739
E2_groups,groups=2,hesk-l/eps-resolver,aborted,60,0,0,0.0601739
E2_groups,groups=2,hesk-l/exact,aborted,60,0,0,0.0601739
E2_groups,groups=2,legacy/reconcile/direct,aborted,60,0,0,0.0601739
E2_groups,groups=2,legacy/reconcile/relay,aborted,60,0,0,0.0601739
E2_groups,groups=3,hesk-l,aborted,60,0,0,0.0601739
E2_groups,groups=3,hesk-l/eps-resolver,aborted,60,0,0,0.0601739
E2_groups,groups=3,hesk-l/exact,aborted,60,0,0,0.0601739
E2_groups,groups=3,legacy/reconcile/direct,aborted,60,0,0,0.0601739
E2_groups,groups=3,legacy/reconcile/relay,aborted,60,0,0,0.0601739
E2_groups,groups=4,hesk-l,aborted,60,0,0,0.0601739
E2_groups,groups=4,hesk-l/eps-resolver,aborted,60,0,0,0.0601739
E2_groups,groups=4,hesk-l/exact,aborted,60,0,0,0.0601739
E2_groups,groups=4,legacy/reconcile/direct,aborted,60,0,0,0.0601739
E2_groups,groups=4,legacy/reconcile/relay,aborted,60,0,0,0.0601739
E2_groups,groups=6,hesk-l,aborted,60,0,0,0.0601739
E2_groups,groups=6,hesk-l/eps-resolver,aborted,60,0,0,0.0601739
E2_groups,groups=6,hesk-l/exact,aborted,60,0,0,0.0601739
E2_groups,groups=6,legacy/reconcile/direct,aborted,60,0,0,0.0601739
E2_groups,groups=6,legacy/reconcile/relay,aborted,60,0,0,0.0601739
E2_groups,groups=1,hesk-l,t_conv_own,60,0,0,0
E2_groups,groups=1,hesk-l/eps-resolver,t_conv_own,60,0,0,0
E2_groups,groups=1,hesk-l/exact,t_conv_own,60,0,0,0
E2_groups,groups=1,legacy/reconcile/direct,t_conv_own,30,10.5,8.76625,12.3333
E2_groups,groups=1,legacy/reconcile/relay,t_conv_own,60,0,0,0
E2_groups,groups=2,hesk-l,t_conv_own,60,2.51667,2.33333,2.70833
E2_groups,groups=2,hesk-l/eps-resolver,t_conv_own,60,2.51667,2.33333,2.70833
E2_groups,groups=2,hesk-l/exact,t_conv_own,60,2.51667,2.33333,2.70833
E2_groups,groups=2,legacy/reconcile/direct,t_conv_own,1,15.5,15.5,15.5
E2_groups,groups=2,legacy/reconcile/relay,t_conv_own,53,7.34906,6.46226,8.33019
E2_groups,groups=3,hesk-l,t_conv_own,60,2.84167,2.66667,3.01667
E2_groups,groups=3,hesk-l/eps-resolver,t_conv_own,60,2.825,2.65,3
E2_groups,groups=3,hesk-l/exact,t_conv_own,60,2.84167,2.66667,3.01667
E2_groups,groups=3,legacy/reconcile/relay,t_conv_own,45,8.2,6.75528,9.8
E2_groups,groups=4,hesk-l,t_conv_own,60,3.29167,3.15833,3.43333
E2_groups,groups=4,hesk-l/eps-resolver,t_conv_own,60,3.30833,3.175,3.44167
E2_groups,groups=4,hesk-l/exact,t_conv_own,60,3.275,3.14146,3.41667
E2_groups,groups=4,legacy/reconcile/direct,t_conv_own,1,29.5,29.5,29.5
E2_groups,groups=4,legacy/reconcile/relay,t_conv_own,41,7.07317,5.90244,8.35366
E2_groups,groups=6,hesk-l,t_conv_own,60,3.70833,3.54167,3.88333
E2_groups,groups=6,hesk-l/eps-resolver,t_conv_own,60,3.75,3.575,3.925
E2_groups,groups=6,hesk-l/exact,t_conv_own,60,3.74167,3.575,3.91667
E2_groups,groups=6,legacy/reconcile/direct,t_conv_own,3,23.8333,19.5,28.5
E2_groups,groups=6,legacy/reconcile/relay,t_conv_own,41,8.46341,6.92683,10.0738
E2_groups,groups=1,hesk-l,bytes,60,982.083,980.733,983.417
E2_groups,groups=1,hesk-l/eps-resolver,bytes,60,982.083,980.733,983.417
E2_groups,groups=1,hesk-l/exact,bytes,60,982.083,980.733,983.417
E2_groups,groups=1,legacy/reconcile/direct,bytes,60,1922.97,1921.65,1924.21
E2_groups,groups=1,legacy/reconcile/relay,bytes,60,1966.79,1965.67,1967.89
E2_groups,groups=2,hesk-l,bytes,60,1483.07,1481.47,1484.53
E2_groups,groups=2,hesk-l/eps-resolver,bytes,60,1483.07,1481.6,1484.6
E2_groups,groups=2,hesk-l/exact,bytes,60,1483.07,1481.6,1484.6
E2_groups,groups=2,legacy/reconcile/direct,bytes,60,1961.21,1959.53,1962.85
E2_groups,groups=2,legacy/reconcile/relay,bytes,60,1963.08,1962.12,1964.06
E2_groups,groups=3,hesk-l,bytes,60,1971.4,1969.93,1972.93
E2_groups,groups=3,hesk-l/eps-resolver,bytes,60,1971.4,1969.8,1973
E2_groups,groups=3,hesk-l/exact,bytes,60,1971.4,1969.87,1972.93
E2_groups,groups=3,legacy/reconcile/direct,bytes,60,1957.25,1954.85,1959.64
E2_groups,groups=3,legacy/reconcile/relay,bytes,60,1959.48,1958.48,1960.49
E2_groups,groups=4,hesk-l,bytes,60,2457.87,2456.47,2459.2
E2_groups,groups=4,hesk-l/eps-resolver,bytes,60,2457.87,2456.47,2459.33
E2_groups,groups=4,hesk-l/exact,bytes,60,2457.87,2456.4,2459.27
E2_groups,groups=4,legacy/reconcile/direct,bytes,60,1952.87,1950.76,1955.05
E2_groups,groups=4,legacy/reconcile/relay,bytes,60,1957.42,1956.46,1958.46
E2_groups,groups=6,hesk-l,bytes,60,3428.8,3427.67,3429.93
E2_groups,groups=6,hesk-l/eps-resolver,bytes,60,3428.8,3427.6,3429.93
E2_groups,groups=6,hesk-l/exact,bytes,60,3428.8,3427.6,3430
E2_groups,groups=6,legacy/reconcile/direct,bytes,60,1946.32,1943.64,1949.09
E2_groups,groups=6,legacy/reconcile/relay,bytes,60,1953.92,1952.69,1955.16
E3_spread,spread=0.0,hesk-l,conv_all,60,1,0.939826,1
E3_spread,spread=0.0,hesk-l/eps-resolver,conv_all,60,1,0.939826,1
E3_spread,spread=0.0,hesk-l/exact,conv_all,60,1,0.939826,1
E3_spread,spread=0.0,legacy/reconcile/direct,conv_all,60,0.0166667,0.00294808,0.0885534
E3_spread,spread=0.0,legacy/reconcile/relay,conv_all,60,0.683333,0.55766,0.786943
E3_spread,spread=0.01,hesk-l,conv_all,60,1,0.939826,1
E3_spread,spread=0.01,hesk-l/eps-resolver,conv_all,60,1,0.939826,1
E3_spread,spread=0.01,hesk-l/exact,conv_all,60,1,0.939826,1
E3_spread,spread=0.01,legacy/reconcile/direct,conv_all,60,0.0166667,0.00294808,0.0885534
E3_spread,spread=0.01,legacy/reconcile/relay,conv_all,60,0.683333,0.55766,0.786943
E3_spread,spread=0.02,hesk-l,conv_all,60,1,0.939826,1
E3_spread,spread=0.02,hesk-l/eps-resolver,conv_all,60,1,0.939826,1
E3_spread,spread=0.02,hesk-l/exact,conv_all,60,1,0.939826,1
E3_spread,spread=0.02,legacy/reconcile/direct,conv_all,60,0.0166667,0.00294808,0.0885534
E3_spread,spread=0.02,legacy/reconcile/relay,conv_all,60,0.683333,0.55766,0.786943
E3_spread,spread=0.05,hesk-l,conv_all,60,1,0.939826,1
E3_spread,spread=0.05,hesk-l/eps-resolver,conv_all,60,1,0.939826,1
E3_spread,spread=0.05,hesk-l/exact,conv_all,60,1,0.939826,1
E3_spread,spread=0.05,legacy/reconcile/direct,conv_all,60,0.0166667,0.00294808,0.0885534
E3_spread,spread=0.05,legacy/reconcile/relay,conv_all,60,0.683333,0.55766,0.786943
E3_spread,spread=0.1,hesk-l,conv_all,60,1,0.939826,1
E3_spread,spread=0.1,hesk-l/eps-resolver,conv_all,60,1,0.939826,1
E3_spread,spread=0.1,hesk-l/exact,conv_all,60,1,0.939826,1
E3_spread,spread=0.1,legacy/reconcile/direct,conv_all,60,0.0166667,0.00294808,0.0885534
E3_spread,spread=0.1,legacy/reconcile/relay,conv_all,60,0.683333,0.55766,0.786943
E3_spread,spread=0.2,hesk-l,conv_all,60,1,0.939826,1
E3_spread,spread=0.2,hesk-l/eps-resolver,conv_all,60,1,0.939826,1
E3_spread,spread=0.2,hesk-l/exact,conv_all,60,1,0.939826,1
E3_spread,spread=0.2,legacy/reconcile/direct,conv_all,60,0.0166667,0.00294808,0.0885534
E3_spread,spread=0.2,legacy/reconcile/relay,conv_all,60,0.7,0.574911,0.80102
E3_spread,spread=0.4,hesk-l,conv_all,60,1,0.939826,1
E3_spread,spread=0.4,hesk-l/eps-resolver,conv_all,60,1,0.939826,1
E3_spread,spread=0.4,hesk-l/exact,conv_all,60,1,0.939826,1
E3_spread,spread=0.4,legacy/reconcile/direct,conv_all,60,0.0166667,0.00294808,0.0885534
E3_spread,spread=0.4,legacy/reconcile/relay,conv_all,60,0.7,0.574911,0.80102
E3_spread,spread=0.0,hesk-l,conv_own,60,1,0.939826,1
E3_spread,spread=0.0,hesk-l/eps-resolver,conv_own,60,1,0.939826,1
E3_spread,spread=0.0,hesk-l/exact,conv_own,60,1,0.939826,1
E3_spread,spread=0.0,legacy/reconcile/direct,conv_own,60,0.0166667,0.00294808,0.0885534
E3_spread,spread=0.0,legacy/reconcile/relay,conv_own,60,0.683333,0.55766,0.786943
E3_spread,spread=0.01,hesk-l,conv_own,60,1,0.939826,1
E3_spread,spread=0.01,hesk-l/eps-resolver,conv_own,60,1,0.939826,1
E3_spread,spread=0.01,hesk-l/exact,conv_own,60,1,0.939826,1
E3_spread,spread=0.01,legacy/reconcile/direct,conv_own,60,0.0166667,0.00294808,0.0885534
E3_spread,spread=0.01,legacy/reconcile/relay,conv_own,60,0.683333,0.55766,0.786943
E3_spread,spread=0.02,hesk-l,conv_own,60,1,0.939826,1
E3_spread,spread=0.02,hesk-l/eps-resolver,conv_own,60,1,0.939826,1
E3_spread,spread=0.02,hesk-l/exact,conv_own,60,1,0.939826,1
E3_spread,spread=0.02,legacy/reconcile/direct,conv_own,60,0.0166667,0.00294808,0.0885534
E3_spread,spread=0.02,legacy/reconcile/relay,conv_own,60,0.683333,0.55766,0.786943
E3_spread,spread=0.05,hesk-l,conv_own,60,1,0.939826,1
E3_spread,spread=0.05,hesk-l/eps-resolver,conv_own,60,1,0.939826,1
E3_spread,spread=0.05,hesk-l/exact,conv_own,60,1,0.939826,1
E3_spread,spread=0.05,legacy/reconcile/direct,conv_own,60,0.0166667,0.00294808,0.0885534
E3_spread,spread=0.05,legacy/reconcile/relay,conv_own,60,0.683333,0.55766,0.786943
E3_spread,spread=0.1,hesk-l,conv_own,60,1,0.939826,1
E3_spread,spread=0.1,hesk-l/eps-resolver,conv_own,60,1,0.939826,1
E3_spread,spread=0.1,hesk-l/exact,conv_own,60,1,0.939826,1
E3_spread,spread=0.1,legacy/reconcile/direct,conv_own,60,0.0166667,0.00294808,0.0885534
E3_spread,spread=0.1,legacy/reconcile/relay,conv_own,60,0.683333,0.55766,0.786943
E3_spread,spread=0.2,hesk-l,conv_own,60,1,0.939826,1
E3_spread,spread=0.2,hesk-l/eps-resolver,conv_own,60,1,0.939826,1
E3_spread,spread=0.2,hesk-l/exact,conv_own,60,1,0.939826,1
E3_spread,spread=0.2,legacy/reconcile/direct,conv_own,60,0.0166667,0.00294808,0.0885534
E3_spread,spread=0.2,legacy/reconcile/relay,conv_own,60,0.7,0.574911,0.80102
E3_spread,spread=0.4,hesk-l,conv_own,60,1,0.939826,1
E3_spread,spread=0.4,hesk-l/eps-resolver,conv_own,60,1,0.939826,1
E3_spread,spread=0.4,hesk-l/exact,conv_own,60,1,0.939826,1
E3_spread,spread=0.4,legacy/reconcile/direct,conv_own,60,0.0166667,0.00294808,0.0885534
E3_spread,spread=0.4,legacy/reconcile/relay,conv_own,60,0.7,0.574911,0.80102
E3_spread,spread=0.0,hesk-l,contest_split,60,0,0,0
E3_spread,spread=0.0,hesk-l/eps-resolver,contest_split,60,0,0,0
E3_spread,spread=0.0,hesk-l/exact,contest_split,60,0,0,0
E3_spread,spread=0.0,legacy/reconcile/direct,contest_split,60,0.60625,0.547917,0.664583
E3_spread,spread=0.0,legacy/reconcile/relay,contest_split,60,0.18125,0.10625,0.2625
E3_spread,spread=0.01,hesk-l,contest_split,60,0,0,0
E3_spread,spread=0.01,hesk-l/eps-resolver,contest_split,60,0,0,0
E3_spread,spread=0.01,hesk-l/exact,contest_split,60,0,0,0
E3_spread,spread=0.01,legacy/reconcile/direct,contest_split,60,0.608333,0.547917,0.666667
E3_spread,spread=0.01,legacy/reconcile/relay,contest_split,60,0.18125,0.10625,0.2625
E3_spread,spread=0.02,hesk-l,contest_split,60,0,0,0
E3_spread,spread=0.02,hesk-l/eps-resolver,contest_split,60,0,0,0
E3_spread,spread=0.02,hesk-l/exact,contest_split,60,0,0,0
E3_spread,spread=0.02,legacy/reconcile/direct,contest_split,60,0.60625,0.545833,0.664583
E3_spread,spread=0.02,legacy/reconcile/relay,contest_split,60,0.183333,0.108333,0.266667
E3_spread,spread=0.05,hesk-l,contest_split,60,0,0,0
E3_spread,spread=0.05,hesk-l/eps-resolver,contest_split,60,0,0,0
E3_spread,spread=0.05,hesk-l/exact,contest_split,60,0,0,0
E3_spread,spread=0.05,legacy/reconcile/direct,contest_split,60,0.60625,0.545833,0.662552
E3_spread,spread=0.05,legacy/reconcile/relay,contest_split,60,0.2,0.120833,0.285469
E3_spread,spread=0.1,hesk-l,contest_split,60,0,0,0
E3_spread,spread=0.1,hesk-l/eps-resolver,contest_split,60,0,0,0
E3_spread,spread=0.1,hesk-l/exact,contest_split,60,0,0,0
E3_spread,spread=0.1,legacy/reconcile/direct,contest_split,60,0.597917,0.539583,0.654167
E3_spread,spread=0.1,legacy/reconcile/relay,contest_split,60,0.20625,0.127083,0.295833
E3_spread,spread=0.2,hesk-l,contest_split,60,0,0,0
E3_spread,spread=0.2,hesk-l/eps-resolver,contest_split,60,0,0,0
E3_spread,spread=0.2,hesk-l/exact,contest_split,60,0,0,0
E3_spread,spread=0.2,legacy/reconcile/direct,contest_split,60,0.597917,0.539583,0.654167
E3_spread,spread=0.2,legacy/reconcile/relay,contest_split,60,0.195833,0.114583,0.283333
E3_spread,spread=0.4,hesk-l,contest_split,60,0,0,0
E3_spread,spread=0.4,hesk-l/eps-resolver,contest_split,60,0,0,0
E3_spread,spread=0.4,hesk-l/exact,contest_split,60,0,0,0
E3_spread,spread=0.4,legacy/reconcile/direct,contest_split,60,0.597917,0.541615,0.652083
E3_spread,spread=0.4,legacy/reconcile/relay,contest_split,60,0.191667,0.114583,0.277083
E3_spread,spread=0.0,hesk-l,contest_regret,60,0,0,0
E3_spread,spread=0.0,hesk-l/eps-resolver,contest_regret,60,0,0,0
E3_spread,spread=0.0,hesk-l/exact,contest_regret,60,0,0,0
E3_spread,spread=0.0,legacy/reconcile/direct,contest_regret,60,3.47222e-05,0,8.68056e-05
E3_spread,spread=0.0,legacy/reconcile/relay,contest_regret,60,0,0,0
E3_spread,spread=0.01,hesk-l,contest_regret,60,0.00330389,0.00289701,0.00374239
E3_spread,spread=0.01,hesk-l/eps-resolver,contest_regret,60,0.0103175,0.00963434,0.011
E3_spread,spread=0.01,hesk-l/exact,contest_regret,60,0,0,0
E3_spread,spread=0.01,legacy/reconcile/direct,contest_regret,60,0.0104376,0.0098165,0.0110595
E3_spread,spread=0.01,legacy/reconcile/relay,contest_regret,60,0.0108508,0.00993615,0.0117829
E3_spread,spread=0.02,hesk-l,contest_regret,60,0.00630446,0.00548555,0.00714645
E3_spread,spread=0.02,hesk-l/eps-resolver,contest_regret,60,0.0165457,0.0152429,0.0178959
E3_spread,spread=0.02,hesk-l/exact,contest_regret,60,0,0,0
E3_spread,spread=0.02,legacy/reconcile/direct,contest_regret,60,0.0200386,0.018836,0.021217
E3_spread,spread=0.02,legacy/reconcile/relay,contest_regret,60,0.0187338,0.017281,0.0202397
E3_spread,spread=0.05,hesk-l,contest_regret,60,0.00389414,0.00310887,0.00469605
E3_spread,spread=0.05,hesk-l/eps-resolver,contest_regret,60,0.0109582,0.00968404,0.0122871
E3_spread,spread=0.05,hesk-l/exact,contest_regret,60,0,0,0
E3_spread,spread=0.05,legacy/reconcile/direct,contest_regret,60,0.0416044,0.0387607,0.0443411
E3_spread,spread=0.05,legacy/reconcile/relay,contest_regret,60,0.0291028,0.0259753,0.0325203
E3_spread,spread=0.1,hesk-l,contest_regret,60,0.0021231,0.00155485,0.00272015
E3_spread,spread=0.1,hesk-l/eps-resolver,contest_regret,60,0.00524576,0.00412028,0.00650005
E3_spread,spread=0.1,hesk-l/exact,contest_regret,60,0,0,0
E3_spread,spread=0.1,legacy/reconcile/direct,contest_regret,60,0.0768272,0.0713015,0.0819115
E3_spread,spread=0.1,legacy/reconcile/relay,contest_regret,60,0.0483439,0.0420705,0.0546001
E3_spread,spread=0.2,hesk-l,contest_regret,60,0.00132654,0.000845981,0.0018661
E3_spread,spread=0.2,hesk-l/eps-resolver,contest_regret,60,0.00305623,0.00225583,0.0038979
E3_spread,spread=0.2,hesk-l/exact,contest_regret,60,0,0,0
E3_spread,spread=0.2,legacy/reconcile/direct,contest_regret,60,0.15038,0.139508,0.160787
E3_spread,spread=0.2,legacy/reconcile/relay,contest_regret,60,0.0940118,0.0818817,0.106689
E3_spread,spread=0.4,hesk-l,contest_regret,60,0.000437872,0.000209574,0.000685956
E3_spread,spread=0.4,hesk-l/eps-resolver,contest_regret,60,0.0019889,0.0013848,0.00260956
E3_spread,spread=0.4,hesk-l/exact,contest_regret,60,0,0,0
E3_spread,spread=0.4,legacy/reconcile/direct,contest_regret,60,0.246299,0.227248,0.264157
E3_spread,spread=0.4,legacy/reconcile/relay,contest_regret,60,0.158001,0.136112,0.180311
E3_spread,spread=0.0,hesk-l,aborted,60,0,0,0.0601739
E3_spread,spread=0.0,hesk-l/eps-resolver,aborted,60,0,0,0.0601739
E3_spread,spread=0.0,hesk-l/exact,aborted,60,0,0,0.0601739
E3_spread,spread=0.0,legacy/reconcile/direct,aborted,60,0,0,0.0601739
E3_spread,spread=0.0,legacy/reconcile/relay,aborted,60,0,0,0.0601739
E3_spread,spread=0.01,hesk-l,aborted,60,0,0,0.0601739
E3_spread,spread=0.01,hesk-l/eps-resolver,aborted,60,0,0,0.0601739
E3_spread,spread=0.01,hesk-l/exact,aborted,60,0,0,0.0601739
E3_spread,spread=0.01,legacy/reconcile/direct,aborted,60,0,0,0.0601739
E3_spread,spread=0.01,legacy/reconcile/relay,aborted,60,0,0,0.0601739
E3_spread,spread=0.02,hesk-l,aborted,60,0,0,0.0601739
E3_spread,spread=0.02,hesk-l/eps-resolver,aborted,60,0,0,0.0601739
E3_spread,spread=0.02,hesk-l/exact,aborted,60,0,0,0.0601739
E3_spread,spread=0.02,legacy/reconcile/direct,aborted,60,0,0,0.0601739
E3_spread,spread=0.02,legacy/reconcile/relay,aborted,60,0,0,0.0601739
E3_spread,spread=0.05,hesk-l,aborted,60,0,0,0.0601739
E3_spread,spread=0.05,hesk-l/eps-resolver,aborted,60,0,0,0.0601739
E3_spread,spread=0.05,hesk-l/exact,aborted,60,0,0,0.0601739
E3_spread,spread=0.05,legacy/reconcile/direct,aborted,60,0,0,0.0601739
E3_spread,spread=0.05,legacy/reconcile/relay,aborted,60,0,0,0.0601739
E3_spread,spread=0.1,hesk-l,aborted,60,0,0,0.0601739
E3_spread,spread=0.1,hesk-l/eps-resolver,aborted,60,0,0,0.0601739
E3_spread,spread=0.1,hesk-l/exact,aborted,60,0,0,0.0601739
E3_spread,spread=0.1,legacy/reconcile/direct,aborted,60,0,0,0.0601739
E3_spread,spread=0.1,legacy/reconcile/relay,aborted,60,0,0,0.0601739
E3_spread,spread=0.2,hesk-l,aborted,60,0,0,0.0601739
E3_spread,spread=0.2,hesk-l/eps-resolver,aborted,60,0,0,0.0601739
E3_spread,spread=0.2,hesk-l/exact,aborted,60,0,0,0.0601739
E3_spread,spread=0.2,legacy/reconcile/direct,aborted,60,0,0,0.0601739
E3_spread,spread=0.2,legacy/reconcile/relay,aborted,60,0,0,0.0601739
E3_spread,spread=0.4,hesk-l,aborted,60,0,0,0.0601739
E3_spread,spread=0.4,hesk-l/eps-resolver,aborted,60,0,0,0.0601739
E3_spread,spread=0.4,hesk-l/exact,aborted,60,0,0,0.0601739
E3_spread,spread=0.4,legacy/reconcile/direct,aborted,60,0,0,0.0601739
E3_spread,spread=0.4,legacy/reconcile/relay,aborted,60,0,0,0.0601739
E3_spread,spread=0.0,hesk-l,t_conv_own,60,3.29167,3.15833,3.42521
E3_spread,spread=0.0,hesk-l/eps-resolver,t_conv_own,60,3.30833,3.175,3.45
E3_spread,spread=0.0,hesk-l/exact,t_conv_own,60,3.29167,3.15833,3.42521
E3_spread,spread=0.0,legacy/reconcile/direct,t_conv_own,1,29.5,29.5,29.5
E3_spread,spread=0.0,legacy/reconcile/relay,t_conv_own,41,7.2439,6.07287,8.45122
E3_spread,spread=0.01,hesk-l,t_conv_own,60,3.28333,3.14167,3.425
E3_spread,spread=0.01,hesk-l/eps-resolver,t_conv_own,60,3.30833,3.175,3.45
E3_spread,spread=0.01,hesk-l/exact,t_conv_own,60,3.275,3.14146,3.41667
E3_spread,spread=0.01,legacy/reconcile/direct,t_conv_own,1,29.5,29.5,29.5
E3_spread,spread=0.01,legacy/reconcile/relay,t_conv_own,41,7.2439,6.07287,8.45122
E3_spread,spread=0.02,hesk-l,t_conv_own,60,3.28333,3.14167,3.425
E3_spread,spread=0.02,hesk-l/eps-resolver,t_conv_own,60,3.30833,3.175,3.45
E3_spread,spread=0.02,hesk-l/exact,t_conv_own,60,3.275,3.14146,3.41667
E3_spread,spread=0.02,legacy/reconcile/direct,t_conv_own,1,29.5,29.5,29.5
E3_spread,spread=0.02,legacy/reconcile/relay,t_conv_own,41,7.07317,5.90244,8.35366
E3_spread,spread=0.05,hesk-l,t_conv_own,60,3.29167,3.15833,3.43333
E3_spread,spread=0.05,hesk-l/eps-resolver,t_conv_own,60,3.30833,3.175,3.44167
E3_spread,spread=0.05,hesk-l/exact,t_conv_own,60,3.275,3.14146,3.41667
E3_spread,spread=0.05,legacy/reconcile/direct,t_conv_own,1,29.5,29.5,29.5
E3_spread,spread=0.05,legacy/reconcile/relay,t_conv_own,41,7.07317,5.90244,8.35366
E3_spread,spread=0.1,hesk-l,t_conv_own,60,3.3,3.16667,3.43333
E3_spread,spread=0.1,hesk-l/eps-resolver,t_conv_own,60,3.3,3.16667,3.43333
E3_spread,spread=0.1,hesk-l/exact,t_conv_own,60,3.275,3.14146,3.41667
E3_spread,spread=0.1,legacy/reconcile/direct,t_conv_own,1,29.5,29.5,29.5
E3_spread,spread=0.1,legacy/reconcile/relay,t_conv_own,41,7.07317,5.90244,8.35366
E3_spread,spread=0.2,hesk-l,t_conv_own,60,3.3,3.16667,3.43333
E3_spread,spread=0.2,hesk-l/eps-resolver,t_conv_own,60,3.28333,3.14167,3.425
E3_spread,spread=0.2,hesk-l/exact,t_conv_own,60,3.275,3.14146,3.41667
E3_spread,spread=0.2,legacy/reconcile/direct,t_conv_own,1,29.5,29.5,29.5
E3_spread,spread=0.2,legacy/reconcile/relay,t_conv_own,42,6.97619,5.82143,8.22649
E3_spread,spread=0.4,hesk-l,t_conv_own,60,3.29167,3.15833,3.43333
E3_spread,spread=0.4,hesk-l/eps-resolver,t_conv_own,60,3.3,3.16667,3.43333
E3_spread,spread=0.4,hesk-l/exact,t_conv_own,60,3.275,3.14146,3.41667
E3_spread,spread=0.4,legacy/reconcile/direct,t_conv_own,1,29.5,29.5,29.5
E3_spread,spread=0.4,legacy/reconcile/relay,t_conv_own,42,6.97619,5.82143,8.22649
E3_spread,spread=0.0,hesk-l,bytes,60,2457.87,2456.47,2459.34
E3_spread,spread=0.0,hesk-l/eps-resolver,bytes,60,2457.87,2456.4,2459.33
E3_spread,spread=0.0,hesk-l/exact,bytes,60,2457.87,2456.47,2459.34
E3_spread,spread=0.0,legacy/reconcile/direct,bytes,60,1952.75,1950.7,1954.95
E3_spread,spread=0.0,legacy/reconcile/relay,bytes,60,1957.41,1956.43,1958.48
E3_spread,spread=0.01,hesk-l,bytes,60,2457.87,2456.47,2459.27
E3_spread,spread=0.01,hesk-l/eps-resolver,bytes,60,2457.87,2456.4,2459.33
E3_spread,spread=0.01,hesk-l/exact,bytes,60,2457.87,2456.4,2459.27
E3_spread,spread=0.01,legacy/reconcile/direct,bytes,60,1952.75,1950.6,1954.9
E3_spread,spread=0.01,legacy/reconcile/relay,bytes,60,1957.41,1956.44,1958.46
E3_spread,spread=0.02,hesk-l,bytes,60,2457.87,2456.47,2459.2
E3_spread,spread=0.02,hesk-l/eps-resolver,bytes,60,2457.87,2456.33,2459.27
E3_spread,spread=0.02,hesk-l/exact,bytes,60,2457.87,2456.4,2459.27
E3_spread,spread=0.02,legacy/reconcile/direct,bytes,60,1952.66,1950.45,1954.75
E3_spread,spread=0.02,legacy/reconcile/relay,bytes,60,1957.08,1956.06,1958.14
E3_spread,spread=0.05,hesk-l,bytes,60,2457.87,2456.47,2459.2
E3_spread,spread=0.05,hesk-l/eps-resolver,bytes,60,2457.87,2456.47,2459.33
E3_spread,spread=0.05,hesk-l/exact,bytes,60,2457.87,2456.4,2459.27
E3_spread,spread=0.05,legacy/reconcile/direct,bytes,60,1952.87,1950.76,1955.05
E3_spread,spread=0.05,legacy/reconcile/relay,bytes,60,1957.42,1956.46,1958.46
E3_spread,spread=0.1,hesk-l,bytes,60,2457.87,2456.47,2459.27
E3_spread,spread=0.1,hesk-l/eps-resolver,bytes,60,2457.87,2456.4,2459.27
E3_spread,spread=0.1,hesk-l/exact,bytes,60,2457.87,2456.4,2459.27
E3_spread,spread=0.1,legacy/reconcile/direct,bytes,60,1952.81,1950.53,1955.13
E3_spread,spread=0.1,legacy/reconcile/relay,bytes,60,1957.52,1956.5,1958.56
E3_spread,spread=0.2,hesk-l,bytes,60,2457.87,2456.47,2459.2
E3_spread,spread=0.2,hesk-l/eps-resolver,bytes,60,2457.87,2456.4,2459.27
E3_spread,spread=0.2,hesk-l/exact,bytes,60,2457.87,2456.4,2459.27
E3_spread,spread=0.2,legacy/reconcile/direct,bytes,60,1952.67,1950.44,1955.06
E3_spread,spread=0.2,legacy/reconcile/relay,bytes,60,1957.34,1956.34,1958.39
E3_spread,spread=0.4,hesk-l,bytes,60,2457.87,2456.4,2459.27
E3_spread,spread=0.4,hesk-l/eps-resolver,bytes,60,2457.87,2456.47,2459.27
E3_spread,spread=0.4,hesk-l/exact,bytes,60,2457.87,2456.4,2459.27
E3_spread,spread=0.4,legacy/reconcile/direct,bytes,60,1952.81,1950.45,1955.18
E3_spread,spread=0.4,legacy/reconcile/relay,bytes,60,1957.17,1956.22,1958.16
E4_handoff_gap,gap=0.5,hesk-l,conv_all,60,1,0.939826,1
E4_handoff_gap,gap=0.5,legacy/gossip/direct,conv_all,60,0,0,0.0601739
E4_handoff_gap,gap=0.5,legacy/gossip/relay,conv_all,60,0,0,0.0601739
E4_handoff_gap,gap=0.5,legacy/reconcile/relay,conv_all,60,0.0833333,0.0361199,0.180692
E4_handoff_gap,gap=1.0,hesk-l,conv_all,60,1,0.939826,1
E4_handoff_gap,gap=1.0,legacy/gossip/direct,conv_all,60,0.0166667,0.00294808,0.0885534
E4_handoff_gap,gap=1.0,legacy/gossip/relay,conv_all,60,0,0,0.0601739
E4_handoff_gap,gap=1.0,legacy/reconcile/relay,conv_all,60,0.0666667,0.0262283,0.159256
E4_handoff_gap,gap=12.0,hesk-l,conv_all,60,1,0.939826,1
E4_handoff_gap,gap=12.0,legacy/gossip/direct,conv_all,60,0.1,0.0466422,0.201497
E4_handoff_gap,gap=12.0,legacy/gossip/relay,conv_all,60,1,0.939826,1
E4_handoff_gap,gap=12.0,legacy/reconcile/relay,conv_all,60,1,0.939826,1
E4_handoff_gap,gap=2.0,hesk-l,conv_all,60,1,0.939826,1
E4_handoff_gap,gap=2.0,legacy/gossip/direct,conv_all,60,0,0,0.0601739
E4_handoff_gap,gap=2.0,legacy/gossip/relay,conv_all,60,0,0,0.0601739
E4_handoff_gap,gap=2.0,legacy/reconcile/relay,conv_all,60,0.0666667,0.0262283,0.159256
E4_handoff_gap,gap=20.0,hesk-l,conv_all,60,1,0.939826,1
E4_handoff_gap,gap=20.0,legacy/gossip/direct,conv_all,60,0.683333,0.55766,0.786943
E4_handoff_gap,gap=20.0,legacy/gossip/relay,conv_all,60,1,0.939826,1
E4_handoff_gap,gap=20.0,legacy/reconcile/relay,conv_all,60,1,0.939826,1
E4_handoff_gap,gap=3.0,hesk-l,conv_all,60,1,0.939826,1
E4_handoff_gap,gap=3.0,legacy/gossip/direct,conv_all,60,0,0,0.0601739
E4_handoff_gap,gap=3.0,legacy/gossip/relay,conv_all,60,0,0,0.0601739
E4_handoff_gap,gap=3.0,legacy/reconcile/relay,conv_all,60,0.0333333,0.00918913,0.11364
E4_handoff_gap,gap=4.0,hesk-l,conv_all,60,1,0.939826,1
E4_handoff_gap,gap=4.0,legacy/gossip/direct,conv_all,60,0,0,0.0601739
E4_handoff_gap,gap=4.0,legacy/gossip/relay,conv_all,60,0,0,0.0601739
E4_handoff_gap,gap=4.0,legacy/reconcile/relay,conv_all,60,0,0,0.0601739
E4_handoff_gap,gap=5.5,hesk-l,conv_all,60,1,0.939826,1
E4_handoff_gap,gap=5.5,legacy/gossip/direct,conv_all,60,0.05,0.0171492,0.137007
E4_handoff_gap,gap=5.5,legacy/gossip/relay,conv_all,60,0.966667,0.88636,0.990811
E4_handoff_gap,gap=5.5,legacy/reconcile/relay,conv_all,60,0.966667,0.88636,0.990811
E4_handoff_gap,gap=8.0,hesk-l,conv_all,60,1,0.939826,1
E4_handoff_gap,gap=8.0,legacy/gossip/direct,conv_all,60,0.0666667,0.0262283,0.159256
E4_handoff_gap,gap=8.0,legacy/gossip/relay,conv_all,60,1,0.939826,1
E4_handoff_gap,gap=8.0,legacy/reconcile/relay,conv_all,60,1,0.939826,1
E4_handoff_gap,gap=0.5,hesk-l,conv_own,60,1,0.939826,1
E4_handoff_gap,gap=0.5,legacy/gossip/direct,conv_own,60,0,0,0.0601739
E4_handoff_gap,gap=0.5,legacy/gossip/relay,conv_own,60,0,0,0.0601739
E4_handoff_gap,gap=0.5,legacy/reconcile/relay,conv_own,60,0.0833333,0.0361199,0.180692
E4_handoff_gap,gap=1.0,hesk-l,conv_own,60,1,0.939826,1
E4_handoff_gap,gap=1.0,legacy/gossip/direct,conv_own,60,0.0166667,0.00294808,0.0885534
E4_handoff_gap,gap=1.0,legacy/gossip/relay,conv_own,60,0,0,0.0601739
E4_handoff_gap,gap=1.0,legacy/reconcile/relay,conv_own,60,0.0666667,0.0262283,0.159256
E4_handoff_gap,gap=12.0,hesk-l,conv_own,60,1,0.939826,1
E4_handoff_gap,gap=12.0,legacy/gossip/direct,conv_own,60,0.1,0.0466422,0.201497
E4_handoff_gap,gap=12.0,legacy/gossip/relay,conv_own,60,1,0.939826,1
E4_handoff_gap,gap=12.0,legacy/reconcile/relay,conv_own,60,1,0.939826,1
E4_handoff_gap,gap=2.0,hesk-l,conv_own,60,1,0.939826,1
E4_handoff_gap,gap=2.0,legacy/gossip/direct,conv_own,60,0,0,0.0601739
E4_handoff_gap,gap=2.0,legacy/gossip/relay,conv_own,60,0,0,0.0601739
E4_handoff_gap,gap=2.0,legacy/reconcile/relay,conv_own,60,0.0666667,0.0262283,0.159256
E4_handoff_gap,gap=20.0,hesk-l,conv_own,60,1,0.939826,1
E4_handoff_gap,gap=20.0,legacy/gossip/direct,conv_own,60,0.683333,0.55766,0.786943
E4_handoff_gap,gap=20.0,legacy/gossip/relay,conv_own,60,1,0.939826,1
E4_handoff_gap,gap=20.0,legacy/reconcile/relay,conv_own,60,1,0.939826,1
E4_handoff_gap,gap=3.0,hesk-l,conv_own,60,1,0.939826,1
E4_handoff_gap,gap=3.0,legacy/gossip/direct,conv_own,60,0,0,0.0601739
E4_handoff_gap,gap=3.0,legacy/gossip/relay,conv_own,60,0,0,0.0601739
E4_handoff_gap,gap=3.0,legacy/reconcile/relay,conv_own,60,0.0333333,0.00918913,0.11364
E4_handoff_gap,gap=4.0,hesk-l,conv_own,60,1,0.939826,1
E4_handoff_gap,gap=4.0,legacy/gossip/direct,conv_own,60,0,0,0.0601739
E4_handoff_gap,gap=4.0,legacy/gossip/relay,conv_own,60,0,0,0.0601739
E4_handoff_gap,gap=4.0,legacy/reconcile/relay,conv_own,60,0,0,0.0601739
E4_handoff_gap,gap=5.5,hesk-l,conv_own,60,1,0.939826,1
E4_handoff_gap,gap=5.5,legacy/gossip/direct,conv_own,60,0.05,0.0171492,0.137007
E4_handoff_gap,gap=5.5,legacy/gossip/relay,conv_own,60,0.966667,0.88636,0.990811
E4_handoff_gap,gap=5.5,legacy/reconcile/relay,conv_own,60,0.966667,0.88636,0.990811
E4_handoff_gap,gap=8.0,hesk-l,conv_own,60,1,0.939826,1
E4_handoff_gap,gap=8.0,legacy/gossip/direct,conv_own,60,0.0666667,0.0262283,0.159256
E4_handoff_gap,gap=8.0,legacy/gossip/relay,conv_own,60,1,0.939826,1
E4_handoff_gap,gap=8.0,legacy/reconcile/relay,conv_own,60,1,0.939826,1
E4_handoff_gap,gap=0.5,hesk-l,chain_stale,60,0,0,0
E4_handoff_gap,gap=0.5,legacy/gossip/direct,chain_stale,60,0.536458,0.502075,0.56875
E4_handoff_gap,gap=0.5,legacy/gossip/relay,chain_stale,60,0.891319,0.882639,0.899653
E4_handoff_gap,gap=0.5,legacy/reconcile/relay,chain_stale,60,0.551389,0.486806,0.618759
E4_handoff_gap,gap=1.0,hesk-l,chain_stale,60,0,0,0
E4_handoff_gap,gap=1.0,legacy/gossip/direct,chain_stale,60,0.532986,0.494792,0.568056
E4_handoff_gap,gap=1.0,legacy/gossip/relay,chain_stale,60,0.903819,0.89895,0.907986
E4_handoff_gap,gap=1.0,legacy/reconcile/relay,chain_stale,60,0.587153,0.52013,0.651406
E4_handoff_gap,gap=12.0,hesk-l,chain_stale,60,0,0,0
E4_handoff_gap,gap=12.0,legacy/gossip/direct,chain_stale,60,0.0402778,0.0340278,0.046875
E4_handoff_gap,gap=12.0,legacy/gossip/relay,chain_stale,60,0,0,0
E4_handoff_gap,gap=12.0,legacy/reconcile/relay,chain_stale,60,0,0,0
E4_handoff_gap,gap=2.0,hesk-l,chain_stale,60,0,0,0
E4_handoff_gap,gap=2.0,legacy/gossip/direct,chain_stale,60,0.519444,0.48125,0.55625
E4_handoff_gap,gap=2.0,legacy/gossip/relay,chain_stale,60,0.913194,0.910417,0.915278
E4_handoff_gap,gap=2.0,legacy/reconcile/relay,chain_stale,60,0.606597,0.538194,0.671181
E4_handoff_gap,gap=20.0,hesk-l,chain_stale,60,0,0,0
E4_handoff_gap,gap=20.0,legacy/gossip/direct,chain_stale,60,0.00763889,0.00486111,0.0107639
E4_handoff_gap,gap=20.0,legacy/gossip/relay,chain_stale,60,0,0,0
E4_handoff_gap,gap=20.0,legacy/reconcile/relay,chain_stale,60,0,0,0
E4_handoff_gap,gap=3.0,hesk-l,chain_stale,60,0,0,0
E4_handoff_gap,gap=3.0,legacy/gossip/direct,chain_stale,60,0.471875,0.434375,0.509028
E4_handoff_gap,gap=3.0,legacy/gossip/relay,chain_stale,60,0.915278,0.913889,0.916319
E4_handoff_gap,gap=3.0,legacy/reconcile/relay,chain_stale,60,0.698264,0.632986,0.759722
E4_handoff_gap,gap=4.0,hesk-l,chain_stale,60,0,0,0
E4_handoff_gap,gap=4.0,legacy/gossip/direct,chain_stale,60,0.401042,0.362839,0.439583
E4_handoff_gap,gap=4.0,legacy/gossip/relay,chain_stale,60,0.916667,0.916667,0.916667
E4_handoff_gap,gap=4.0,legacy/reconcile/relay,chain_stale,60,0.802083,0.752431,0.847917
E4_handoff_gap,gap=5.5,hesk-l,chain_stale,60,0,0,0
E4_handoff_gap,gap=5.5,legacy/gossip/direct,chain_stale,60,0.0923611,0.0791667,0.105208
E4_handoff_gap,gap=5.5,legacy/gossip/relay,chain_stale,60,0.00208333,0,0.00590278
E4_handoff_gap,gap=5.5,legacy/reconcile/relay,chain_stale,60,0.00208333,0,0.00590278
E4_handoff_gap,gap=8.0,hesk-l,chain_stale,60,0,0,0
E4_handoff_gap,gap=8.0,legacy/gossip/direct,chain_stale,60,0.0708333,0.0600694,0.0822917
E4_handoff_gap,gap=8.0,legacy/gossip/relay,chain_stale,60,0,0,0
E4_handoff_gap,gap=8.0,legacy/reconcile/relay,chain_stale,60,0,0,0
E4_handoff_gap,gap=0.5,hesk-l,chain_split,60,0,0,0
E4_handoff_gap,gap=0.5,legacy/gossip/direct,chain_split,60,0.866667,0.820833,0.908437
E4_handoff_gap,gap=0.5,legacy/gossip/relay,chain_split,60,1,1,1
E4_handoff_gap,gap=0.5,legacy/reconcile/relay,chain_split,60,0.6,0.525,0.679167
E4_handoff_gap,gap=1.0,hesk-l,chain_split,60,0,0,0
E4_handoff_gap,gap=1.0,legacy/gossip/direct,chain_split,60,0.8625,0.808333,0.908333
E4_handoff_gap,gap=1.0,legacy/gossip/relay,chain_split,60,1,1,1
E4_handoff_gap,gap=1.0,legacy/reconcile/relay,chain_split,60,0.6375,0.5625,0.7125
E4_handoff_gap,gap=12.0,hesk-l,chain_split,60,0,0,0
E4_handoff_gap,gap=12.0,legacy/gossip/direct,chain_split,60,0.408333,0.345833,0.475
E4_handoff_gap,gap=12.0,legacy/gossip/relay,chain_split,60,0,0,0
E4_handoff_gap,gap=12.0,legacy/reconcile/relay,chain_split,60,0,0,0
E4_handoff_gap,gap=2.0,hesk-l,chain_split,60,0,0,0
E4_handoff_gap,gap=2.0,legacy/gossip/direct,chain_split,60,0.854167,0.804063,0.9
E4_handoff_gap,gap=2.0,legacy/gossip/relay,chain_split,60,1,1,1
E4_handoff_gap,gap=2.0,legacy/reconcile/relay,chain_split,60,0.654167,0.579167,0.725104
E4_handoff_gap,gap=20.0,hesk-l,chain_split,60,0,0,0
E4_handoff_gap,gap=20.0,legacy/gossip/direct,chain_split,60,0.0875,0.0541667,0.120833
E4_handoff_gap,gap=20.0,legacy/gossip/relay,chain_split,60,0,0,0
E4_handoff_gap,gap=20.0,legacy/reconcile/relay,chain_split,60,0,0,0
E4_handoff_gap,gap=3.0,hesk-l,chain_split,60,0,0,0
E4_handoff_gap,gap=3.0,legacy/gossip/direct,chain_split,60,0.8125,0.7625,0.8625
E4_handoff_gap,gap=3.0,legacy/gossip/relay,chain_split,60,1,1,1
E4_handoff_gap,gap=3.0,legacy/reconcile/relay,chain_split,60,0.7625,0.691667,0.829167
E4_handoff_gap,gap=4.0,hesk-l,chain_split,60,0,0,0
E4_handoff_gap,gap=4.0,legacy/gossip/direct,chain_split,60,0.783333,0.729167,0.833333
E4_handoff_gap,gap=4.0,legacy/gossip/relay,chain_split,60,1,1,1
E4_handoff_gap,gap=4.0,legacy/reconcile/relay,chain_split,60,0.875,0.820833,0.925
E4_handoff_gap,gap=5.5,hesk-l,chain_split,60,0,0,0
E4_handoff_gap,gap=5.5,legacy/gossip/direct,chain_split,60,0.604167,0.533333,0.670833
E4_handoff_gap,gap=5.5,legacy/gossip/relay,chain_split,60,0.00833333,0,0.0208333
E4_handoff_gap,gap=5.5,legacy/reconcile/relay,chain_split,60,0.00833333,0,0.0208333
E4_handoff_gap,gap=8.0,hesk-l,chain_split,60,0,0,0
E4_handoff_gap,gap=8.0,legacy/gossip/direct,chain_split,60,0.5625,0.495833,0.629167
E4_handoff_gap,gap=8.0,legacy/gossip/relay,chain_split,60,0,0,0
E4_handoff_gap,gap=8.0,legacy/reconcile/relay,chain_split,60,0,0,0
E4_handoff_gap,gap=0.5,hesk-l,aborted,60,0,0,0.0601739
E4_handoff_gap,gap=0.5,legacy/gossip/direct,aborted,60,0,0,0.0601739
E4_handoff_gap,gap=0.5,legacy/gossip/relay,aborted,60,0,0,0.0601739
E4_handoff_gap,gap=0.5,legacy/reconcile/relay,aborted,60,0,0,0.0601739
E4_handoff_gap,gap=1.0,hesk-l,aborted,60,0,0,0.0601739
E4_handoff_gap,gap=1.0,legacy/gossip/direct,aborted,60,0,0,0.0601739
E4_handoff_gap,gap=1.0,legacy/gossip/relay,aborted,60,0,0,0.0601739
E4_handoff_gap,gap=1.0,legacy/reconcile/relay,aborted,60,0,0,0.0601739
E4_handoff_gap,gap=12.0,hesk-l,aborted,60,0,0,0.0601739
E4_handoff_gap,gap=12.0,legacy/gossip/direct,aborted,60,0,0,0.0601739
E4_handoff_gap,gap=12.0,legacy/gossip/relay,aborted,60,0,0,0.0601739
E4_handoff_gap,gap=12.0,legacy/reconcile/relay,aborted,60,0,0,0.0601739
E4_handoff_gap,gap=2.0,hesk-l,aborted,60,0,0,0.0601739
E4_handoff_gap,gap=2.0,legacy/gossip/direct,aborted,60,0,0,0.0601739
E4_handoff_gap,gap=2.0,legacy/gossip/relay,aborted,60,0,0,0.0601739
E4_handoff_gap,gap=2.0,legacy/reconcile/relay,aborted,60,0,0,0.0601739
E4_handoff_gap,gap=20.0,hesk-l,aborted,60,0,0,0.0601739
E4_handoff_gap,gap=20.0,legacy/gossip/direct,aborted,60,0,0,0.0601739
E4_handoff_gap,gap=20.0,legacy/gossip/relay,aborted,60,0,0,0.0601739
E4_handoff_gap,gap=20.0,legacy/reconcile/relay,aborted,60,0,0,0.0601739
E4_handoff_gap,gap=3.0,hesk-l,aborted,60,0,0,0.0601739
E4_handoff_gap,gap=3.0,legacy/gossip/direct,aborted,60,0,0,0.0601739
E4_handoff_gap,gap=3.0,legacy/gossip/relay,aborted,60,0,0,0.0601739
E4_handoff_gap,gap=3.0,legacy/reconcile/relay,aborted,60,0,0,0.0601739
E4_handoff_gap,gap=4.0,hesk-l,aborted,60,0,0,0.0601739
E4_handoff_gap,gap=4.0,legacy/gossip/direct,aborted,60,0,0,0.0601739
E4_handoff_gap,gap=4.0,legacy/gossip/relay,aborted,60,0,0,0.0601739
E4_handoff_gap,gap=4.0,legacy/reconcile/relay,aborted,60,0,0,0.0601739
E4_handoff_gap,gap=5.5,hesk-l,aborted,60,0,0,0.0601739
E4_handoff_gap,gap=5.5,legacy/gossip/direct,aborted,60,0,0,0.0601739
E4_handoff_gap,gap=5.5,legacy/gossip/relay,aborted,60,0,0,0.0601739
E4_handoff_gap,gap=5.5,legacy/reconcile/relay,aborted,60,0,0,0.0601739
E4_handoff_gap,gap=8.0,hesk-l,aborted,60,0,0,0.0601739
E4_handoff_gap,gap=8.0,legacy/gossip/direct,aborted,60,0,0,0.0601739
E4_handoff_gap,gap=8.0,legacy/gossip/relay,aborted,60,0,0,0.0601739
E4_handoff_gap,gap=8.0,legacy/reconcile/relay,aborted,60,0,0,0.0601739
E4_handoff_gap,gap=0.5,hesk-l,t_conv_own,60,0,0,0
E4_handoff_gap,gap=0.5,legacy/reconcile/relay,t_conv_own,5,12.4,8,16.8
E4_handoff_gap,gap=1.0,hesk-l,t_conv_own,60,0,0,0
E4_handoff_gap,gap=1.0,legacy/gossip/direct,t_conv_own,1,20.5,20.5,20.5
E4_handoff_gap,gap=1.0,legacy/reconcile/relay,t_conv_own,4,14.375,10.625,17.5
E4_handoff_gap,gap=12.0,hesk-l,t_conv_own,60,0,0,0
E4_handoff_gap,gap=12.0,legacy/gossip/direct,t_conv_own,6,0,0,0
E4_handoff_gap,gap=12.0,legacy/gossip/relay,t_conv_own,60,0,0,0
E4_handoff_gap,gap=12.0,legacy/reconcile/relay,t_conv_own,60,0,0,0
E4_handoff_gap,gap=2.0,hesk-l,t_conv_own,60,0,0,0
E4_handoff_gap,gap=2.0,legacy/reconcile/relay,t_conv_own,4,12.25,7,17.5
E4_handoff_gap,gap=20.0,hesk-l,t_conv_own,60,0,0,0
E4_handoff_gap,gap=20.0,legacy/gossip/direct,t_conv_own,41,0.414634,0.0487805,0.878049
E4_handoff_gap,gap=20.0,legacy/gossip/relay,t_conv_own,60,0,0,0
E4_handoff_gap,gap=20.0,legacy/reconcile/relay,t_conv_own,60,0,0,0
E4_handoff_gap,gap=3.0,hesk-l,t_conv_own,60,0,0,0
E4_handoff_gap,gap=3.0,legacy/reconcile/relay,t_conv_own,2,11.75,5,18.5
E4_handoff_gap,gap=4.0,hesk-l,t_conv_own,60,0,0,0
E4_handoff_gap,gap=5.5,hesk-l,t_conv_own,60,0,0,0
E4_handoff_gap,gap=5.5,legacy/gossip/direct,t_conv_own,3,10.8333,4,20
E4_handoff_gap,gap=5.5,legacy/gossip/relay,t_conv_own,58,0,0,0
E4_handoff_gap,gap=5.5,legacy/reconcile/relay,t_conv_own,58,0,0,0
E4_handoff_gap,gap=8.0,hesk-l,t_conv_own,60,0,0,0
E4_handoff_gap,gap=8.0,legacy/gossip/direct,t_conv_own,4,13.75,8.75,21
E4_handoff_gap,gap=8.0,legacy/gossip/relay,t_conv_own,60,0,0,0
E4_handoff_gap,gap=8.0,legacy/reconcile/relay,t_conv_own,60,0,0,0
E4_handoff_gap,gap=0.5,hesk-l,bytes,60,596.133,595.133,597.133
E4_handoff_gap,gap=0.5,legacy/gossip/direct,bytes,60,1187.59,1185.99,1189.09
E4_handoff_gap,gap=0.5,legacy/gossip/relay,bytes,60,1188.57,1188.02,1189.08
E4_handoff_gap,gap=0.5,legacy/reconcile/relay,bytes,60,1189.71,1188.89,1190.51
E4_handoff_gap,gap=1.0,hesk-l,bytes,60,596.133,595.133,597.133
E4_handoff_gap,gap=1.0,legacy/gossip/direct,bytes,60,1187.55,1185.95,1189.08
E4_handoff_gap,gap=1.0,legacy/gossip/relay,bytes,60,1188.45,1187.89,1188.96
E4_handoff_gap,gap=1.0,legacy/reconcile/relay,bytes,60,1189.32,1188.52,1190.09
E4_handoff_gap,gap=12.0,hesk-l,bytes,60,573.933,573,574.867
E4_handoff_gap,gap=12.0,legacy/gossip/direct,bytes,60,1171.34,1170.23,1172.34
E4_handoff_gap,gap=12.0,legacy/gossip/relay,bytes,60,1190.4,1189.87,1190.93
E4_handoff_gap,gap=12.0,legacy/reconcile/relay,bytes,60,1190.4,1189.87,1190.93
E4_handoff_gap,gap=2.0,hesk-l,bytes,60,596.133,595.133,597.133
E4_handoff_gap,gap=2.0,legacy/gossip/direct,bytes,60,1186.88,1185.19,1188.56
E4_handoff_gap,gap=2.0,legacy/gossip/relay,bytes,60,1188.36,1187.87,1188.85
E4_handoff_gap,gap=2.0,legacy/reconcile/relay,bytes,60,1189.2,1188.38,1190.01
E4_handoff_gap,gap=20.0,hesk-l,bytes,60,573.933,573,574.867
E4_handoff_gap,gap=20.0,legacy/gossip/direct,bytes,60,1171.25,1170.58,1171.86
E4_handoff_gap,gap=20.0,legacy/gossip/relay,bytes,60,1190.4,1189.87,1190.93
E4_handoff_gap,gap=20.0,legacy/reconcile/relay,bytes,60,1190.4,1189.87,1190.93
E4_handoff_gap,gap=3.0,hesk-l,bytes,60,596.133,595.133,597.133
E4_handoff_gap,gap=3.0,legacy/gossip/direct,bytes,60,1183.35,1181.46,1185.12
E4_handoff_gap,gap=3.0,legacy/gossip/relay,bytes,60,1188.32,1187.82,1188.81
E4_handoff_gap,gap=3.0,legacy/reconcile/relay,bytes,60,1188.84,1187.96,1189.7
E4_handoff_gap,gap=4.0,hesk-l,bytes,60,596.133,595.133,597.133
E4_handoff_gap,gap=4.0,legacy/gossip/direct,bytes,60,1180.1,1177.66,1182.52
E4_handoff_gap,gap=4.0,legacy/gossip/relay,bytes,60,1187.67,1187.04,1188.29
E4_handoff_gap,gap=4.0,legacy/reconcile/relay,bytes,60,1187.81,1187.12,1188.46
E4_handoff_gap,gap=5.5,hesk-l,bytes,60,596.133,595.133,597.133
E4_handoff_gap,gap=5.5,legacy/gossip/direct,bytes,60,1165.15,1163.54,1166.74
E4_handoff_gap,gap=5.5,legacy/gossip/relay,bytes,60,1188.4,1187.61,1189.15
E4_handoff_gap,gap=5.5,legacy/reconcile/relay,bytes,60,1188.4,1187.61,1189.15
E4_handoff_gap,gap=8.0,hesk-l,bytes,60,596.133,595.133,597.133
E4_handoff_gap,gap=8.0,legacy/gossip/direct,bytes,60,1168.2,1166.45,1169.73
E4_handoff_gap,gap=8.0,legacy/gossip/relay,bytes,60,1189.91,1189.33,1190.47
E4_handoff_gap,gap=8.0,legacy/reconcile/relay,bytes,60,1189.91,1189.33,1190.47
E5_skew,skew=0.0,hesk-l,conv_all,60,1,0.939826,1
E5_skew,skew=0.0,hesk-l/-lww,conv_all,60,0,0,0.0601739
E5_skew,skew=0.0,legacy/reconcile/direct,conv_all,60,0.0833333,0.0361199,0.180692
E5_skew,skew=0.0,legacy/reconcile/relay,conv_all,60,0.383333,0.270881,0.509826
E5_skew,skew=0.1,hesk-l,conv_all,60,1,0.939826,1
E5_skew,skew=0.1,hesk-l/-lww,conv_all,60,0,0,0.0601739
E5_skew,skew=0.1,legacy/reconcile/direct,conv_all,60,0.0833333,0.0361199,0.180692
E5_skew,skew=0.1,legacy/reconcile/relay,conv_all,60,0.383333,0.270881,0.509826
E5_skew,skew=0.5,hesk-l,conv_all,60,1,0.939826,1
E5_skew,skew=0.5,hesk-l/-lww,conv_all,60,0,0,0.0601739
E5_skew,skew=0.5,legacy/reconcile/direct,conv_all,60,0.05,0.0171492,0.137007
E5_skew,skew=0.5,legacy/reconcile/relay,conv_all,60,0.35,0.241676,0.476376
E5_skew,skew=1.0,hesk-l,conv_all,60,1,0.939826,1
E5_skew,skew=1.0,hesk-l/-lww,conv_all,60,0.0166667,0.00294808,0.0885534
E5_skew,skew=1.0,legacy/reconcile/direct,conv_all,60,0.0833333,0.0361199,0.180692
E5_skew,skew=1.0,legacy/reconcile/relay,conv_all,60,0.3,0.19898,0.425089
E5_skew,skew=2.0,hesk-l,conv_all,60,1,0.939826,1
E5_skew,skew=2.0,hesk-l/-lww,conv_all,60,0.0166667,0.00294808,0.0885534
E5_skew,skew=2.0,legacy/reconcile/direct,conv_all,60,0.116667,0.0576765,0.22179
E5_skew,skew=2.0,legacy/reconcile/relay,conv_all,60,0.366667,0.256207,0.493172
E5_skew,skew=5.0,hesk-l,conv_all,60,1,0.939826,1
E5_skew,skew=5.0,hesk-l/-lww,conv_all,60,0.1,0.0466422,0.201497
E5_skew,skew=5.0,legacy/reconcile/direct,conv_all,60,0.133333,0.0691403,0.241654
E5_skew,skew=5.0,legacy/reconcile/relay,conv_all,60,0.416667,0.300641,0.542721
E5_skew,skew=0.0,hesk-l,conv_res,60,1,0.939826,1
E5_skew,skew=0.0,hesk-l/-lww,conv_res,60,0,0,0.0601739
E5_skew,skew=0.0,legacy/reconcile/direct,conv_res,60,0.0833333,0.0361199,0.180692
E5_skew,skew=0.0,legacy/reconcile/relay,conv_res,60,0.383333,0.270881,0.509826
E5_skew,skew=0.1,hesk-l,conv_res,60,1,0.939826,1
E5_skew,skew=0.1,hesk-l/-lww,conv_res,60,0,0,0.0601739
E5_skew,skew=0.1,legacy/reconcile/direct,conv_res,60,0.0833333,0.0361199,0.180692
E5_skew,skew=0.1,legacy/reconcile/relay,conv_res,60,0.383333,0.270881,0.509826
E5_skew,skew=0.5,hesk-l,conv_res,60,1,0.939826,1
E5_skew,skew=0.5,hesk-l/-lww,conv_res,60,0,0,0.0601739
E5_skew,skew=0.5,legacy/reconcile/direct,conv_res,60,0.05,0.0171492,0.137007
E5_skew,skew=0.5,legacy/reconcile/relay,conv_res,60,0.35,0.241676,0.476376
E5_skew,skew=1.0,hesk-l,conv_res,60,1,0.939826,1
E5_skew,skew=1.0,hesk-l/-lww,conv_res,60,0.0166667,0.00294808,0.0885534
E5_skew,skew=1.0,legacy/reconcile/direct,conv_res,60,0.0833333,0.0361199,0.180692
E5_skew,skew=1.0,legacy/reconcile/relay,conv_res,60,0.3,0.19898,0.425089
E5_skew,skew=2.0,hesk-l,conv_res,60,1,0.939826,1
E5_skew,skew=2.0,hesk-l/-lww,conv_res,60,0.0166667,0.00294808,0.0885534
E5_skew,skew=2.0,legacy/reconcile/direct,conv_res,60,0.116667,0.0576765,0.22179
E5_skew,skew=2.0,legacy/reconcile/relay,conv_res,60,0.366667,0.256207,0.493172
E5_skew,skew=5.0,hesk-l,conv_res,60,1,0.939826,1
E5_skew,skew=5.0,hesk-l/-lww,conv_res,60,0.1,0.0466422,0.201497
E5_skew,skew=5.0,legacy/reconcile/direct,conv_res,60,0.133333,0.0691403,0.241654
E5_skew,skew=5.0,legacy/reconcile/relay,conv_res,60,0.416667,0.300641,0.542721
E5_skew,skew=0.0,hesk-l,res_stale,60,0,0,0
E5_skew,skew=0.0,hesk-l/-lww,res_stale,60,0.680093,0.653704,0.705556
E5_skew,skew=0.0,legacy/reconcile/direct,res_stale,60,0.678704,0.637037,0.716678
E5_skew,skew=0.0,legacy/reconcile/relay,res_stale,60,0.665278,0.607396,0.719931
E5_skew,skew=0.1,hesk-l,res_stale,60,0.0944444,0.0555556,0.133333
E5_skew,skew=0.1,hesk-l/-lww,res_stale,60,0.666667,0.641204,0.69213
E5_skew,skew=0.1,legacy/reconcile/direct,res_stale,60,0.668519,0.627303,0.706956
E5_skew,skew=0.1,legacy/reconcile/relay,res_stale,60,0.649074,0.586563,0.704167
E5_skew,skew=0.5,hesk-l,res_stale,60,0.366667,0.3,0.433333
E5_skew,skew=0.5,hesk-l/-lww,res_stale,60,0.651389,0.624074,0.677778
E5_skew,skew=0.5,legacy/reconcile/direct,res_stale,60,0.650463,0.607407,0.691204
E5_skew,skew=0.5,legacy/reconcile/relay,res_stale,60,0.6375,0.57963,0.694456
E5_skew,skew=1.0,hesk-l,res_stale,60,0.494444,0.422222,0.561111
E5_skew,skew=1.0,hesk-l/-lww,res_stale,60,0.633333,0.599537,0.666215
E5_skew,skew=1.0,legacy/reconcile/direct,res_stale,60,0.624537,0.578229,0.670833
E5_skew,skew=1.0,legacy/reconcile/relay,res_stale,60,0.637963,0.581944,0.694907
E5_skew,skew=2.0,hesk-l,res_stale,60,0.588889,0.527778,0.65
E5_skew,skew=2.0,hesk-l/-lww,res_stale,60,0.670833,0.630544,0.710197
E5_skew,skew=2.0,legacy/reconcile/direct,res_stale,60,0.623611,0.570359,0.678252
E5_skew,skew=2.0,legacy/reconcile/relay,res_stale,60,0.678241,0.628704,0.729641
E5_skew,skew=5.0,hesk-l,res_stale,60,0.644444,0.577778,0.705556
E5_skew,skew=5.0,hesk-l/-lww,res_stale,60,0.728704,0.681933,0.778241
E5_skew,skew=5.0,legacy/reconcile/direct,res_stale,60,0.660648,0.604167,0.718993
E5_skew,skew=5.0,legacy/reconcile/relay,res_stale,60,0.707407,0.653704,0.758345
E5_skew,skew=0.0,hesk-l,res_stale2,60,0,0,0
E5_skew,skew=0.0,hesk-l/-lww,res_stale2,60,0,0,0
E5_skew,skew=0.0,legacy/reconcile/direct,res_stale2,60,0,0,0
E5_skew,skew=0.0,legacy/reconcile/relay,res_stale2,60,0.0305556,0.00555556,0.0648148
E5_skew,skew=0.1,hesk-l,res_stale2,60,0,0,0
E5_skew,skew=0.1,hesk-l/-lww,res_stale2,60,0.00740741,0.00185185,0.0143519
E5_skew,skew=0.1,legacy/reconcile/direct,res_stale2,60,0.00277778,0,0.00740741
E5_skew,skew=0.1,legacy/reconcile/relay,res_stale2,60,0.0384259,0.0106481,0.0731481
E5_skew,skew=0.5,hesk-l,res_stale2,60,0,0,0
E5_skew,skew=0.5,hesk-l/-lww,res_stale2,60,0.0162037,0.00694444,0.0277778
E5_skew,skew=0.5,legacy/reconcile/direct,res_stale2,60,0.00555556,0.00185185,0.0106481
E5_skew,skew=0.5,legacy/reconcile/relay,res_stale2,60,0.0393519,0.0111111,0.0740856
E5_skew,skew=1.0,hesk-l,res_stale2,60,0,0,0
E5_skew,skew=1.0,hesk-l/-lww,res_stale2,60,0.0277778,0.0157407,0.0402778
E5_skew,skew=1.0,legacy/reconcile/direct,res_stale2,60,0.0087963,0.00324074,0.0166667
E5_skew,skew=1.0,legacy/reconcile/relay,res_stale2,60,0.05,0.0240741,0.081956
E5_skew,skew=2.0,hesk-l,res_stale2,60,0,0,0
E5_skew,skew=2.0,hesk-l/-lww,res_stale2,60,0.0402778,0.024537,0.0583333
E5_skew,skew=2.0,legacy/reconcile/direct,res_stale2,60,0.0152778,0.00648148,0.0291667
E5_skew,skew=2.0,legacy/reconcile/relay,res_stale2,60,0.0638889,0.0333333,0.0962963
E5_skew,skew=5.0,hesk-l,res_stale2,60,0,0,0
E5_skew,skew=5.0,hesk-l/-lww,res_stale2,60,0.0643519,0.0402778,0.0921296
E5_skew,skew=5.0,legacy/reconcile/direct,res_stale2,60,0.0148148,0.00925926,0.0226852
E5_skew,skew=5.0,legacy/reconcile/relay,res_stale2,60,0.0796296,0.0472106,0.115278
E5_skew,skew=0.0,hesk-l,res_lag_s,60,0,0,0
E5_skew,skew=0.0,hesk-l/-lww,res_lag_s,60,0.557797,0.513226,0.605298
E5_skew,skew=0.0,legacy/reconcile/direct,res_lag_s,60,0.509448,0.455366,0.56673
E5_skew,skew=0.0,legacy/reconcile/relay,res_lag_s,60,0.647804,0.517866,0.810242
E5_skew,skew=0.1,hesk-l,res_lag_s,60,0.0105872,0.00496525,0.01708
E5_skew,skew=0.1,hesk-l/-lww,res_lag_s,60,0.534187,0.488744,0.579241
E5_skew,skew=0.1,legacy/reconcile/direct,res_lag_s,60,0.500325,0.445734,0.559608
E5_skew,skew=0.1,legacy/reconcile/relay,res_lag_s,60,0.64755,0.51496,0.807957
E5_skew,skew=0.5,hesk-l,res_lag_s,60,0.113272,0.0834117,0.145263
E5_skew,skew=0.5,hesk-l/-lww,res_lag_s,60,0.503713,0.458765,0.549652
E5_skew,skew=0.5,legacy/reconcile/direct,res_lag_s,60,0.458081,0.405148,0.515243
E5_skew,skew=0.5,legacy/reconcile/relay,res_lag_s,60,0.628383,0.49768,0.775856
E5_skew,skew=1.0,hesk-l,res_lag_s,60,0.218355,0.172584,0.267795
E5_skew,skew=1.0,hesk-l/-lww,res_lag_s,60,0.49687,0.447293,0.54561
E5_skew,skew=1.0,legacy/reconcile/direct,res_lag_s,60,0.415749,0.368618,0.466091
E5_skew,skew=1.0,legacy/reconcile/relay,res_lag_s,60,0.637547,0.492629,0.805289
E5_skew,skew=2.0,hesk-l,res_lag_s,60,0.326113,0.275755,0.374132
E5_skew,skew=2.0,hesk-l/-lww,res_lag_s,60,0.555139,0.497709,0.61551
E5_skew,skew=2.0,legacy/reconcile/direct,res_lag_s,60,0.416751,0.362193,0.47635
E5_skew,skew=2.0,legacy/reconcile/relay,res_lag_s,60,0.727879,0.571008,0.899989
E5_skew,skew=5.0,hesk-l,res_lag_s,60,0.379922,0.325057,0.431793
E5_skew,skew=5.0,hesk-l/-lww,res_lag_s,60,0.678644,0.601713,0.757426
E5_skew,skew=5.0,legacy/reconcile/direct,res_lag_s,60,0.458611,0.403377,0.522796
E5_skew,skew=5.0,legacy/reconcile/relay,res_lag_s,60,0.784154,0.64701,0.933132
E5_skew,skew=0.0,hesk-l,aborted,60,0,0,0.0601739
E5_skew,skew=0.0,hesk-l/-lww,aborted,60,0,0,0.0601739
E5_skew,skew=0.0,legacy/reconcile/direct,aborted,60,0,0,0.0601739
E5_skew,skew=0.0,legacy/reconcile/relay,aborted,60,0,0,0.0601739
E5_skew,skew=0.1,hesk-l,aborted,60,0,0,0.0601739
E5_skew,skew=0.1,hesk-l/-lww,aborted,60,0,0,0.0601739
E5_skew,skew=0.1,legacy/reconcile/direct,aborted,60,0,0,0.0601739
E5_skew,skew=0.1,legacy/reconcile/relay,aborted,60,0,0,0.0601739
E5_skew,skew=0.5,hesk-l,aborted,60,0,0,0.0601739
E5_skew,skew=0.5,hesk-l/-lww,aborted,60,0,0,0.0601739
E5_skew,skew=0.5,legacy/reconcile/direct,aborted,60,0,0,0.0601739
E5_skew,skew=0.5,legacy/reconcile/relay,aborted,60,0,0,0.0601739
E5_skew,skew=1.0,hesk-l,aborted,60,0,0,0.0601739
E5_skew,skew=1.0,hesk-l/-lww,aborted,60,0,0,0.0601739
E5_skew,skew=1.0,legacy/reconcile/direct,aborted,60,0,0,0.0601739
E5_skew,skew=1.0,legacy/reconcile/relay,aborted,60,0,0,0.0601739
E5_skew,skew=2.0,hesk-l,aborted,60,0,0,0.0601739
E5_skew,skew=2.0,hesk-l/-lww,aborted,60,0,0,0.0601739
E5_skew,skew=2.0,legacy/reconcile/direct,aborted,60,0,0,0.0601739
E5_skew,skew=2.0,legacy/reconcile/relay,aborted,60,0,0,0.0601739
E5_skew,skew=5.0,hesk-l,aborted,60,0,0,0.0601739
E5_skew,skew=5.0,hesk-l/-lww,aborted,60,0,0,0.0601739
E5_skew,skew=5.0,legacy/reconcile/direct,aborted,60,0,0,0.0601739
E5_skew,skew=5.0,legacy/reconcile/relay,aborted,60,0,0,0.0601739
E5_skew,skew=0.0,hesk-l,t_conv_res,60,3.88333,3.71667,4.05
E5_skew,skew=0.0,legacy/reconcile/direct,t_conv_res,5,19.5,16.5,22.5
E5_skew,skew=0.0,legacy/reconcile/relay,t_conv_res,23,8.67391,7.26087,10.3261
E5_skew,skew=0.1,hesk-l,t_conv_res,60,3.86667,3.70813,4.03333
E5_skew,skew=0.1,legacy/reconcile/direct,t_conv_res,5,19.5,16.5,22.5
E5_skew,skew=0.1,legacy/reconcile/relay,t_conv_res,23,9.43478,7.47826,11.7185
E5_skew,skew=0.5,hesk-l,t_conv_res,60,3.75,3.575,3.925
E5_skew,skew=0.5,legacy/reconcile/direct,t_conv_res,3,17.6667,15,22.5
E5_skew,skew=0.5,legacy/reconcile/relay,t_conv_res,21,9.28571,7.2619,11.7863
E5_skew,skew=1.0,hesk-l,t_conv_res,60,3.58333,3.43333,3.73333
E5_skew,skew=1.0,hesk-l/-lww,t_conv_res,1,2.5,2.5,2.5
E5_skew,skew=1.0,legacy/reconcile/direct,t_conv_res,5,20,16.6,23.4
E5_skew,skew=1.0,legacy/reconcile/relay,t_conv_res,18,10,7,13.7229
E5_skew,skew=2.0,hesk-l,t_conv_res,60,3.60833,3.45833,3.76667
E5_skew,skew=2.0,hesk-l/-lww,t_conv_res,1,2.5,2.5,2.5
E5_skew,skew=2.0,legacy/reconcile/direct,t_conv_res,7,18.7857,15.2857,22.0018
E5_skew,skew=2.0,legacy/reconcile/relay,t_conv_res,22,10.1364,7.95455,12.4545
E5_skew,skew=5.0,hesk-l,t_conv_res,60,3.56667,3.40833,3.725
E5_skew,skew=5.0,hesk-l/-lww,t_conv_res,6,3.08333,2.66667,3.5
E5_skew,skew=5.0,legacy/reconcile/direct,t_conv_res,8,20.5,17.1234,24
E5_skew,skew=5.0,legacy/reconcile/relay,t_conv_res,25,9.52,7.2,11.9805
E5_skew,skew=0.0,hesk-l,bytes,60,196.467,196.067,196.8
E5_skew,skew=0.0,hesk-l/-lww,bytes,60,203.244,202.955,203.522
E5_skew,skew=0.0,legacy/reconcile/direct,bytes,60,598.667,598.189,599.106
E5_skew,skew=0.0,legacy/reconcile/relay,bytes,60,596.222,595.594,596.867
E5_skew,skew=0.1,hesk-l,bytes,60,196.533,196.2,196.8
E5_skew,skew=0.1,hesk-l/-lww,bytes,60,203.261,202.955,203.55
E5_skew,skew=0.1,legacy/reconcile/direct,bytes,60,598.744,598.267,599.183
E5_skew,skew=0.1,legacy/reconcile/relay,bytes,60,595.983,595.378,596.606
E5_skew,skew=0.5,hesk-l,bytes,60,195.733,195.2,196.202
E5_skew,skew=0.5,hesk-l/-lww,bytes,60,203.333,203.028,203.611
E5_skew,skew=0.5,legacy/reconcile/direct,bytes,60,598.928,598.5,599.322
E5_skew,skew=0.5,legacy/reconcile/relay,bytes,60,596.389,595.717,597.1
E5_skew,skew=1.0,hesk-l,bytes,60,195.733,195.267,196.2
E5_skew,skew=1.0,hesk-l/-lww,bytes,60,203.4,203.094,203.683
E5_skew,skew=1.0,legacy/reconcile/direct,bytes,60,598.939,598.5,599.328
E5_skew,skew=1.0,legacy/reconcile/relay,bytes,60,596.878,596.256,597.506
E5_skew,skew=2.0,hesk-l,bytes,60,195.467,194.933,195.933
E5_skew,skew=2.0,hesk-l/-lww,bytes,60,203.45,203.061,203.817
E5_skew,skew=2.0,legacy/reconcile/direct,bytes,60,599.096,598.64,599.525
E5_skew,skew=2.0,legacy/reconcile/relay,bytes,60,597.722,597.061,598.367
E5_skew,skew=5.0,hesk-l,bytes,60,195.4,194.933,195.868
E5_skew,skew=5.0,hesk-l/-lww,bytes,60,203.489,203.061,203.9
E5_skew,skew=5.0,legacy/reconcile/direct,bytes,60,599.018,598.501,599.51
E5_skew,skew=5.0,legacy/reconcile/relay,bytes,60,598.228,597.605,598.856
E6_scale,nodes=12,hesk-l,conv_all,60,1,0.939826,1
E6_scale,nodes=12,legacy/reconcile/direct,conv_all,60,0,0,0.0601739
E6_scale,nodes=24,hesk-l,conv_all,60,1,0.939826,1
E6_scale,nodes=24,legacy/reconcile/direct,conv_all,60,0,0,0.0601739
E6_scale,nodes=48,hesk-l,conv_all,60,1,0.939826,1
E6_scale,nodes=48,legacy/reconcile/direct,conv_all,60,0,0,0.0601739
E6_scale,nodes=6,hesk-l,conv_all,60,1,0.939826,1
E6_scale,nodes=6,legacy/reconcile/direct,conv_all,60,0,0,0.0601739
E6_scale,nodes=12,hesk-l,conv_own,60,1,0.939826,1
E6_scale,nodes=12,legacy/reconcile/direct,conv_own,60,0,0,0.0601739
E6_scale,nodes=24,hesk-l,conv_own,60,1,0.939826,1
E6_scale,nodes=24,legacy/reconcile/direct,conv_own,60,0,0,0.0601739
E6_scale,nodes=48,hesk-l,conv_own,60,1,0.939826,1
E6_scale,nodes=48,legacy/reconcile/direct,conv_own,60,0.0333333,0.00918913,0.11364
E6_scale,nodes=6,hesk-l,conv_own,60,1,0.939826,1
E6_scale,nodes=6,legacy/reconcile/direct,conv_own,60,0,0,0.0601739
E6_scale,nodes=12,hesk-l,conv_ctr,60,1,0.939826,1
E6_scale,nodes=12,legacy/reconcile/direct,conv_ctr,60,0.95,0.862993,0.982851
E6_scale,nodes=24,hesk-l,conv_ctr,60,1,0.939826,1
E6_scale,nodes=24,legacy/reconcile/direct,conv_ctr,60,0.133333,0.0691403,0.241654
E6_scale,nodes=48,hesk-l,conv_ctr,60,1,0.939826,1
E6_scale,nodes=48,legacy/reconcile/direct,conv_ctr,60,0,0,0.0601739
E6_scale,nodes=6,hesk-l,conv_ctr,60,1,0.939826,1
E6_scale,nodes=6,legacy/reconcile/direct,conv_ctr,60,1,0.939826,1
E6_scale,nodes=12,hesk-l,conv_res,60,1,0.939826,1
E6_scale,nodes=12,legacy/reconcile/direct,conv_res,60,0.0833333,0.0361199,0.180692
E6_scale,nodes=24,hesk-l,conv_res,60,1,0.939826,1
E6_scale,nodes=24,legacy/reconcile/direct,conv_res,60,0.15,0.0809735,0.261148
E6_scale,nodes=48,hesk-l,conv_res,60,1,0.939826,1
E6_scale,nodes=48,legacy/reconcile/direct,conv_res,60,0,0,0.0601739
E6_scale,nodes=6,hesk-l,conv_res,60,1,0.939826,1
E6_scale,nodes=6,legacy/reconcile/direct,conv_res,60,0,0,0.0601739
E6_scale,nodes=12,hesk-l,chain_stale,60,0,0,0
E6_scale,nodes=12,legacy/reconcile/direct,chain_stale,60,0.357292,0.309366,0.405903
E6_scale,nodes=24,hesk-l,chain_stale,60,0,0,0
E6_scale,nodes=24,legacy/reconcile/direct,chain_stale,60,0.0263889,0.0173568,0.0376736
E6_scale,nodes=48,hesk-l,chain_stale,60,0,0,0
E6_scale,nodes=48,legacy/reconcile/direct,chain_stale,60,0.0689236,0.0603299,0.0773438
E6_scale,nodes=6,hesk-l,chain_stale,60,0,0,0
E6_scale,nodes=6,legacy/reconcile/direct,chain_stale,60,0.75625,0.734028,0.774306
E6_scale,nodes=12,hesk-l,chain_split,60,0,0,0
E6_scale,nodes=12,legacy/reconcile/direct,chain_split,60,0.6,0.529167,0.675
E6_scale,nodes=24,hesk-l,chain_split,60,0,0,0
E6_scale,nodes=24,legacy/reconcile/direct,chain_split,60,0.3125,0.25,0.379167
E6_scale,nodes=48,hesk-l,chain_split,60,0,0,0
E6_scale,nodes=48,legacy/reconcile/direct,chain_split,60,0.633333,0.575,0.6875
E6_scale,nodes=6,hesk-l,chain_split,60,0,0,0
E6_scale,nodes=6,legacy/reconcile/direct,chain_split,60,0.975,0.95,0.995833
E6_scale,nodes=12,hesk-l,contest_split,60,0,0,0
E6_scale,nodes=12,legacy/reconcile/direct,contest_split,60,0.663889,0.599931,0.733333
E6_scale,nodes=24,hesk-l,contest_split,60,0,0,0
E6_scale,nodes=24,legacy/reconcile/direct,contest_split,60,0.508333,0.458333,0.555556
E6_scale,nodes=48,hesk-l,contest_split,60,0,0,0
E6_scale,nodes=48,legacy/reconcile/direct,contest_split,60,0.2,0.158333,0.244444
E6_scale,nodes=6,hesk-l,contest_split,60,0,0,0
E6_scale,nodes=6,legacy/reconcile/direct,contest_split,60,1,1,1
E6_scale,nodes=12,hesk-l,contest_regret,60,0.00356757,0.00256647,0.00472329
E6_scale,nodes=12,legacy/reconcile/direct,contest_regret,60,0.0342059,0.0314865,0.0367937
E6_scale,nodes=24,hesk-l,contest_regret,60,0.00351806,0.00253298,0.00465309
E6_scale,nodes=24,legacy/reconcile/direct,contest_regret,60,0.0145981,0.0125388,0.0165218
E6_scale,nodes=48,hesk-l,contest_regret,60,0.00357259,0.00251445,0.00470568
E6_scale,nodes=48,legacy/reconcile/direct,contest_regret,60,0.0108949,0.00948103,0.0123218
E6_scale,nodes=6,hesk-l,contest_regret,60,0.00357259,0.00257792,0.00468956
E6_scale,nodes=6,legacy/reconcile/direct,contest_regret,60,0.0424125,0.0398082,0.0452349
E6_scale,nodes=12,hesk-l,ctr_loss,60,0,0,0
E6_scale,nodes=12,legacy/reconcile/direct,ctr_loss,60,0.618679,0.611861,0.625997
E6_scale,nodes=24,hesk-l,ctr_loss,60,0,0,0
E6_scale,nodes=24,legacy/reconcile/direct,ctr_loss,60,0.785996,0.781494,0.789929
E6_scale,nodes=48,hesk-l,ctr_loss,60,0,0,0
E6_scale,nodes=48,legacy/reconcile/direct,ctr_loss,60,0.881441,0.879576,0.883316
E6_scale,nodes=6,hesk-l,ctr_loss,60,0,0,0
E6_scale,nodes=6,legacy/reconcile/direct,ctr_loss,60,0.401763,0.387057,0.41613
E6_scale,nodes=12,hesk-l,res_stale,60,0.0944444,0.0555556,0.133333
E6_scale,nodes=12,legacy/reconcile/direct,res_stale,60,0.668519,0.627766,0.707407
E6_scale,nodes=24,hesk-l,res_stale,60,0.0833333,0.05,0.122222
E6_scale,nodes=24,legacy/reconcile/direct,res_stale,60,0.669907,0.606007,0.73265
E6_scale,nodes=48,hesk-l,res_stale,60,0.0722222,0.0388889,0.105694
E6_scale,nodes=48,legacy/reconcile/direct,res_stale,60,0.672569,0.625807,0.71934
E6_scale,nodes=6,hesk-l,res_stale,60,0.0888889,0.05,0.133333
E6_scale,nodes=6,legacy/reconcile/direct,res_stale,60,0.691667,0.674074,0.708333
E6_scale,nodes=12,hesk-l,res_stale2,60,0,0,0
E6_scale,nodes=12,legacy/reconcile/direct,res_stale2,60,0.00277778,0,0.00694444
E6_scale,nodes=24,hesk-l,res_stale2,60,0,0,0
E6_scale,nodes=24,legacy/reconcile/direct,res_stale2,60,0.0291667,0.00925926,0.0523148
E6_scale,nodes=48,hesk-l,res_stale2,60,0,0,0
E6_scale,nodes=48,legacy/reconcile/direct,res_stale2,60,0.003125,0,0.00856771
E6_scale,nodes=6,hesk-l,res_stale2,60,0,0,0
E6_scale,nodes=6,legacy/reconcile/direct,res_stale2,60,0.000925926,0,0.00277778
E6_scale,nodes=12,hesk-l,res_lag_s,60,0.0105872,0.00490799,0.0175943
E6_scale,nodes=12,legacy/reconcile/direct,res_lag_s,60,0.500325,0.44243,0.561601
E6_scale,nodes=24,hesk-l,res_lag_s,60,0.00635687,0.00286479,0.0107125
E6_scale,nodes=24,legacy/reconcile/direct,res_lag_s,60,0.527655,0.441989,0.619213
E6_scale,nodes=48,hesk-l,res_lag_s,60,0.00723753,0.00282457,0.0122403
E6_scale,nodes=48,legacy/reconcile/direct,res_lag_s,60,0.486668,0.422765,0.556454
E6_scale,nodes=6,hesk-l,res_lag_s,60,0.00947284,0.00474439,0.0146988
E6_scale,nodes=6,legacy/reconcile/direct,res_lag_s,60,0.487519,0.448631,0.52474
E6_scale,nodes=12,hesk-l,aborted,60,0,0,0.0601739
E6_scale,nodes=12,legacy/reconcile/direct,aborted,60,0,0,0.0601739
E6_scale,nodes=24,hesk-l,aborted,60,0,0,0.0601739
E6_scale,nodes=24,legacy/reconcile/direct,aborted,60,0,0,0.0601739
E6_scale,nodes=48,hesk-l,aborted,60,0,0,0.0601739
E6_scale,nodes=48,legacy/reconcile/direct,aborted,60,0,0,0.0601739
E6_scale,nodes=6,hesk-l,aborted,60,0,0,0.0601739
E6_scale,nodes=6,legacy/reconcile/direct,aborted,60,0,0,0.0601739
E6_scale,nodes=12,hesk-l,t_conv_own,60,2.825,2.65,3
E6_scale,nodes=24,hesk-l,t_conv_own,60,3.28333,3.13333,3.43333
E6_scale,nodes=48,hesk-l,t_conv_own,60,3.71667,3.58333,3.85833
E6_scale,nodes=48,legacy/reconcile/direct,t_conv_own,2,25.75,22,29.5
E6_scale,nodes=6,hesk-l,t_conv_own,60,2.14167,2.00833,2.28333
E6_scale,nodes=12,hesk-l,t_conv_res,60,3.86667,3.7,4.03333
E6_scale,nodes=12,legacy/reconcile/direct,t_conv_res,5,19.5,16.5,22.4
E6_scale,nodes=24,hesk-l,t_conv_res,60,4.675,4.51667,4.84167
E6_scale,nodes=24,legacy/reconcile/direct,t_conv_res,9,26.7778,25.5,27.8333
E6_scale,nodes=48,hesk-l,t_conv_res,60,5.875,5.68333,6.1
E6_scale,nodes=6,hesk-l,t_conv_res,60,2.66667,2.5,2.83333
E6_scale,nodes=12,hesk-l,bytes,60,2331.4,2329.4,2333.27
E6_scale,nodes=12,legacy/reconcile/direct,bytes,60,2942.56,2939.77,2945.21
E6_scale,nodes=24,hesk-l,bytes,60,2514.2,2511.73,2516.67
E6_scale,nodes=24,legacy/reconcile/direct,bytes,60,2993.58,2989.19,2997.8
E6_scale,nodes=48,hesk-l,bytes,60,2874,2870.13,2877.73
E6_scale,nodes=48,legacy/reconcile/direct,bytes,60,2936.39,2926.3,2946.99
E6_scale,nodes=6,hesk-l,bytes,60,2234.47,2232.73,2236.27
E6_scale,nodes=6,legacy/reconcile/direct,bytes,60,2939.54,2938.46,2940.55
E6_scale,nodes=12,hesk-l,t_conv_ctr,60,3.84167,3.66667,4.01667
E6_scale,nodes=12,legacy/reconcile/direct,t_conv_ctr,56,16.8036,15.3748,18.3304
E6_scale,nodes=24,hesk-l,t_conv_ctr,60,5.04167,4.85833,5.24167
E6_scale,nodes=24,legacy/reconcile/direct,t_conv_ctr,8,22.4375,17.9984,26.7516
E6_scale,nodes=48,hesk-l,t_conv_ctr,60,6.325,6.15833,6.50833
E6_scale,nodes=6,hesk-l,t_conv_ctr,60,2.45833,2.30833,2.60833
E6_scale,nodes=6,legacy/reconcile/direct,t_conv_ctr,60,6.45833,5.79146,7.16667
E7_ablation,network=default;workload=main,hesk-l,conv_all,100,1,0.963005,1
E7_ablation,network=default;workload=main,hesk-l/-all,conv_all,100,0,0,0.0369948
E7_ablation,network=default;workload=main,hesk-l/-dedup,conv_all,100,1,0.963005,1
E7_ablation,network=default;workload=main,hesk-l/-gcounter,conv_all,100,1,0.963005,1
E7_ablation,network=default;workload=main,hesk-l/-lww,conv_all,100,0,0,0.0369948
E7_ablation,network=default;workload=main,hesk-l/eps-resolver,conv_all,100,1,0.963005,1
E7_ablation,network=default;workload=main,hesk-l/exact,conv_all,100,1,0.963005,1
E7_ablation,network=default;workload=obs,hesk-l,conv_all,100,1,0.963005,1
E7_ablation,network=default;workload=obs,hesk-l/-all,conv_all,100,1,0.963005,1
E7_ablation,network=default;workload=obs,hesk-l/-dedup,conv_all,100,1,0.963005,1
E7_ablation,network=default;workload=obs,hesk-l/-gcounter,conv_all,100,1,0.963005,1
E7_ablation,network=default;workload=obs,hesk-l/-lww,conv_all,100,1,0.963005,1
E7_ablation,network=default;workload=obs,hesk-l/eps-resolver,conv_all,100,1,0.963005,1
E7_ablation,network=default;workload=obs,hesk-l/exact,conv_all,100,1,0.963005,1
E7_ablation,network=harsh;workload=main,hesk-l,conv_all,100,1,0.963005,1
E7_ablation,network=harsh;workload=main,hesk-l/-all,conv_all,100,0,0,0.0369948
E7_ablation,network=harsh;workload=main,hesk-l/-dedup,conv_all,100,1,0.963005,1
E7_ablation,network=harsh;workload=main,hesk-l/-gcounter,conv_all,100,1,0.963005,1
E7_ablation,network=harsh;workload=main,hesk-l/-lww,conv_all,100,0,0,0.0369948
E7_ablation,network=harsh;workload=main,hesk-l/eps-resolver,conv_all,100,1,0.963005,1
E7_ablation,network=harsh;workload=main,hesk-l/exact,conv_all,100,1,0.963005,1
E7_ablation,network=harsh;workload=obs,hesk-l,conv_all,100,1,0.963005,1
E7_ablation,network=harsh;workload=obs,hesk-l/-all,conv_all,100,1,0.963005,1
E7_ablation,network=harsh;workload=obs,hesk-l/-dedup,conv_all,100,1,0.963005,1
E7_ablation,network=harsh;workload=obs,hesk-l/-gcounter,conv_all,100,1,0.963005,1
E7_ablation,network=harsh;workload=obs,hesk-l/-lww,conv_all,100,1,0.963005,1
E7_ablation,network=harsh;workload=obs,hesk-l/eps-resolver,conv_all,100,1,0.963005,1
E7_ablation,network=harsh;workload=obs,hesk-l/exact,conv_all,100,1,0.963005,1
E7_ablation,network=default;workload=main,hesk-l,conv_own,100,1,0.963005,1
E7_ablation,network=default;workload=main,hesk-l/-all,conv_own,100,1,0.963005,1
E7_ablation,network=default;workload=main,hesk-l/-dedup,conv_own,100,1,0.963005,1
E7_ablation,network=default;workload=main,hesk-l/-gcounter,conv_own,100,1,0.963005,1
E7_ablation,network=default;workload=main,hesk-l/-lww,conv_own,100,1,0.963005,1
E7_ablation,network=default;workload=main,hesk-l/eps-resolver,conv_own,100,1,0.963005,1
E7_ablation,network=default;workload=main,hesk-l/exact,conv_own,100,1,0.963005,1
E7_ablation,network=harsh;workload=main,hesk-l,conv_own,100,1,0.963005,1
E7_ablation,network=harsh;workload=main,hesk-l/-all,conv_own,100,1,0.963005,1
E7_ablation,network=harsh;workload=main,hesk-l/-dedup,conv_own,100,1,0.963005,1
E7_ablation,network=harsh;workload=main,hesk-l/-gcounter,conv_own,100,1,0.963005,1
E7_ablation,network=harsh;workload=main,hesk-l/-lww,conv_own,100,1,0.963005,1
E7_ablation,network=harsh;workload=main,hesk-l/eps-resolver,conv_own,100,1,0.963005,1
E7_ablation,network=harsh;workload=main,hesk-l/exact,conv_own,100,1,0.963005,1
E7_ablation,network=default;workload=main,hesk-l,conv_ctr,100,1,0.963005,1
E7_ablation,network=default;workload=main,hesk-l/-all,conv_ctr,100,1,0.963005,1
E7_ablation,network=default;workload=main,hesk-l/-dedup,conv_ctr,100,1,0.963005,1
E7_ablation,network=default;workload=main,hesk-l/-gcounter,conv_ctr,100,1,0.963005,1
E7_ablation,network=default;workload=main,hesk-l/-lww,conv_ctr,100,1,0.963005,1
E7_ablation,network=default;workload=main,hesk-l/eps-resolver,conv_ctr,100,1,0.963005,1
E7_ablation,network=default;workload=main,hesk-l/exact,conv_ctr,100,1,0.963005,1
E7_ablation,network=harsh;workload=main,hesk-l,conv_ctr,100,1,0.963005,1
E7_ablation,network=harsh;workload=main,hesk-l/-all,conv_ctr,100,1,0.963005,1
E7_ablation,network=harsh;workload=main,hesk-l/-dedup,conv_ctr,100,1,0.963005,1
E7_ablation,network=harsh;workload=main,hesk-l/-gcounter,conv_ctr,100,1,0.963005,1
E7_ablation,network=harsh;workload=main,hesk-l/-lww,conv_ctr,100,1,0.963005,1
E7_ablation,network=harsh;workload=main,hesk-l/eps-resolver,conv_ctr,100,1,0.963005,1
E7_ablation,network=harsh;workload=main,hesk-l/exact,conv_ctr,100,1,0.963005,1
E7_ablation,network=default;workload=obs,hesk-l,conv_obs,100,1,0.963005,1
E7_ablation,network=default;workload=obs,hesk-l/-all,conv_obs,100,1,0.963005,1
E7_ablation,network=default;workload=obs,hesk-l/-dedup,conv_obs,100,1,0.963005,1
E7_ablation,network=default;workload=obs,hesk-l/-gcounter,conv_obs,100,1,0.963005,1
E7_ablation,network=default;workload=obs,hesk-l/-lww,conv_obs,100,1,0.963005,1
E7_ablation,network=default;workload=obs,hesk-l/eps-resolver,conv_obs,100,1,0.963005,1
E7_ablation,network=default;workload=obs,hesk-l/exact,conv_obs,100,1,0.963005,1
E7_ablation,network=harsh;workload=obs,hesk-l,conv_obs,100,1,0.963005,1
E7_ablation,network=harsh;workload=obs,hesk-l/-all,conv_obs,100,1,0.963005,1
E7_ablation,network=harsh;workload=obs,hesk-l/-dedup,conv_obs,100,1,0.963005,1
E7_ablation,network=harsh;workload=obs,hesk-l/-gcounter,conv_obs,100,1,0.963005,1
E7_ablation,network=harsh;workload=obs,hesk-l/-lww,conv_obs,100,1,0.963005,1
E7_ablation,network=harsh;workload=obs,hesk-l/eps-resolver,conv_obs,100,1,0.963005,1
E7_ablation,network=harsh;workload=obs,hesk-l/exact,conv_obs,100,1,0.963005,1
E7_ablation,network=default;workload=main,hesk-l,conv_res,100,1,0.963005,1
E7_ablation,network=default;workload=main,hesk-l/-all,conv_res,100,0,0,0.0369948
E7_ablation,network=default;workload=main,hesk-l/-dedup,conv_res,100,1,0.963005,1
E7_ablation,network=default;workload=main,hesk-l/-gcounter,conv_res,100,1,0.963005,1
E7_ablation,network=default;workload=main,hesk-l/-lww,conv_res,100,0,0,0.0369948
E7_ablation,network=default;workload=main,hesk-l/eps-resolver,conv_res,100,1,0.963005,1
E7_ablation,network=default;workload=main,hesk-l/exact,conv_res,100,1,0.963005,1
E7_ablation,network=harsh;workload=main,hesk-l,conv_res,100,1,0.963005,1
E7_ablation,network=harsh;workload=main,hesk-l/-all,conv_res,100,0,0,0.0369948
E7_ablation,network=harsh;workload=main,hesk-l/-dedup,conv_res,100,1,0.963005,1
E7_ablation,network=harsh;workload=main,hesk-l/-gcounter,conv_res,100,1,0.963005,1
E7_ablation,network=harsh;workload=main,hesk-l/-lww,conv_res,100,0,0,0.0369948
E7_ablation,network=harsh;workload=main,hesk-l/eps-resolver,conv_res,100,1,0.963005,1
E7_ablation,network=harsh;workload=main,hesk-l/exact,conv_res,100,1,0.963005,1
E7_ablation,network=default;workload=main,hesk-l,chain_stale,100,0,0,0
E7_ablation,network=default;workload=main,hesk-l/-all,chain_stale,100,0,0,0
E7_ablation,network=default;workload=main,hesk-l/-dedup,chain_stale,100,0,0,0
E7_ablation,network=default;workload=main,hesk-l/-gcounter,chain_stale,100,0,0,0
E7_ablation,network=default;workload=main,hesk-l/-lww,chain_stale,100,0,0,0
E7_ablation,network=default;workload=main,hesk-l/eps-resolver,chain_stale,100,0,0,0
E7_ablation,network=default;workload=main,hesk-l/exact,chain_stale,100,0,0,0
E7_ablation,network=harsh;workload=main,hesk-l,chain_stale,100,0,0,0
E7_ablation,network=harsh;workload=main,hesk-l/-all,chain_stale,100,0,0,0
E7_ablation,network=harsh;workload=main,hesk-l/-dedup,chain_stale,100,0,0,0
E7_ablation,network=harsh;workload=main,hesk-l/-gcounter,chain_stale,100,0,0,0
E7_ablation,network=harsh;workload=main,hesk-l/-lww,chain_stale,100,0,0,0
E7_ablation,network=harsh;workload=main,hesk-l/eps-resolver,chain_stale,100,0,0,0
E7_ablation,network=harsh;workload=main,hesk-l/exact,chain_stale,100,0,0,0
E7_ablation,network=default;workload=main,hesk-l,chain_split,100,0,0,0
E7_ablation,network=default;workload=main,hesk-l/-all,chain_split,100,0,0,0
E7_ablation,network=default;workload=main,hesk-l/-dedup,chain_split,100,0,0,0
E7_ablation,network=default;workload=main,hesk-l/-gcounter,chain_split,100,0,0,0
E7_ablation,network=default;workload=main,hesk-l/-lww,chain_split,100,0,0,0
E7_ablation,network=default;workload=main,hesk-l/eps-resolver,chain_split,100,0,0,0
E7_ablation,network=default;workload=main,hesk-l/exact,chain_split,100,0,0,0
E7_ablation,network=harsh;workload=main,hesk-l,chain_split,100,0,0,0
E7_ablation,network=harsh;workload=main,hesk-l/-all,chain_split,100,0,0,0
E7_ablation,network=harsh;workload=main,hesk-l/-dedup,chain_split,100,0,0,0
E7_ablation,network=harsh;workload=main,hesk-l/-gcounter,chain_split,100,0,0,0
E7_ablation,network=harsh;workload=main,hesk-l/-lww,chain_split,100,0,0,0
E7_ablation,network=harsh;workload=main,hesk-l/eps-resolver,chain_split,100,0,0,0
E7_ablation,network=harsh;workload=main,hesk-l/exact,chain_split,100,0,0,0
E7_ablation,network=default;workload=main,hesk-l,contest_split,100,0,0,0
E7_ablation,network=default;workload=main,hesk-l/-all,contest_split,100,0,0,0
E7_ablation,network=default;workload=main,hesk-l/-dedup,contest_split,100,0,0,0
E7_ablation,network=default;workload=main,hesk-l/-gcounter,contest_split,100,0,0,0
E7_ablation,network=default;workload=main,hesk-l/-lww,contest_split,100,0,0,0
E7_ablation,network=default;workload=main,hesk-l/eps-resolver,contest_split,100,0,0,0
E7_ablation,network=default;workload=main,hesk-l/exact,contest_split,100,0,0,0
E7_ablation,network=harsh;workload=main,hesk-l,contest_split,100,0,0,0
E7_ablation,network=harsh;workload=main,hesk-l/-all,contest_split,100,0,0,0
E7_ablation,network=harsh;workload=main,hesk-l/-dedup,contest_split,100,0,0,0
E7_ablation,network=harsh;workload=main,hesk-l/-gcounter,contest_split,100,0,0,0
E7_ablation,network=harsh;workload=main,hesk-l/-lww,contest_split,100,0,0,0
E7_ablation,network=harsh;workload=main,hesk-l/eps-resolver,contest_split,100,0,0,0
E7_ablation,network=harsh;workload=main,hesk-l/exact,contest_split,100,0,0,0
E7_ablation,network=default;workload=main,hesk-l,contest_regret,100,0.00330767,0.00258387,0.00408002
E7_ablation,network=default;workload=main,hesk-l/-all,contest_regret,100,0.0105395,0.00938815,0.011756
E7_ablation,network=default;workload=main,hesk-l/-dedup,contest_regret,100,0.00330767,0.00258387,0.00408002
E7_ablation,network=default;workload=main,hesk-l/-gcounter,contest_regret,100,0.00330767,0.00259752,0.00413618
E7_ablation,network=default;workload=main,hesk-l/-lww,contest_regret,100,0.00330767,0.00264149,0.00409177
E7_ablation,network=default;workload=main,hesk-l/eps-resolver,contest_regret,100,0.0105395,0.00937377,0.0117661
E7_ablation,network=default;workload=main,hesk-l/exact,contest_regret,100,0,0,0
E7_ablation,network=harsh;workload=main,hesk-l,contest_regret,100,0.00370765,0.00299747,0.00450461
E7_ablation,network=harsh;workload=main,hesk-l/-all,contest_regret,100,0.0115944,0.0102283,0.0129147
E7_ablation,network=harsh;workload=main,hesk-l/-dedup,contest_regret,100,0.00370765,0.00299747,0.00450461
E7_ablation,network=harsh;workload=main,hesk-l/-gcounter,contest_regret,100,0.00370765,0.00300514,0.00443908
E7_ablation,network=harsh;workload=main,hesk-l/-lww,contest_regret,100,0.00370765,0.00298029,0.00451325
E7_ablation,network=harsh;workload=main,hesk-l/eps-resolver,contest_regret,100,0.0115944,0.0102272,0.0130215
E7_ablation,network=harsh;workload=main,hesk-l/exact,contest_regret,100,0,0,0
E7_ablation,network=default;workload=main,hesk-l,ctr_loss,100,0,0,0
E7_ablation,network=default;workload=main,hesk-l/-all,ctr_loss,100,0.555599,0.549642,0.561382
E7_ablation,network=default;workload=main,hesk-l/-dedup,ctr_loss,100,0,0,0
E7_ablation,network=default;workload=main,hesk-l/-gcounter,ctr_loss,100,0.555599,0.54982,0.56158
E7_ablation,network=default;workload=main,hesk-l/-lww,ctr_loss,100,0,0,0
E7_ablation,network=default;workload=main,hesk-l/eps-resolver,ctr_loss,100,0,0,0
E7_ablation,network=default;workload=main,hesk-l/exact,ctr_loss,100,0,0,0
E7_ablation,network=harsh;workload=main,hesk-l,ctr_loss,100,0,0,0
E7_ablation,network=harsh;workload=main,hesk-l/-all,ctr_loss,100,0.596291,0.590966,0.601473
E7_ablation,network=harsh;workload=main,hesk-l/-dedup,ctr_loss,100,0,0,0
E7_ablation,network=harsh;workload=main,hesk-l/-gcounter,ctr_loss,100,0.596291,0.591382,0.601241
E7_ablation,network=harsh;workload=main,hesk-l/-lww,ctr_loss,100,0,0,0
E7_ablation,network=harsh;workload=main,hesk-l/eps-resolver,ctr_loss,100,0,0,0
E7_ablation,network=harsh;workload=main,hesk-l/exact,ctr_loss,100,0,0,0
E7_ablation,network=default;workload=obs,hesk-l,obs_dup,100,0,0,0
E7_ablation,network=default;workload=obs,hesk-l/-all,obs_dup,100,0.8,0.8,0.8
E7_ablation,network=default;workload=obs,hesk-l/-dedup,obs_dup,100,0.8,0.8,0.8
E7_ablation,network=default;workload=obs,hesk-l/-gcounter,obs_dup,100,0,0,0
E7_ablation,network=default;workload=obs,hesk-l/-lww,obs_dup,100,0,0,0
E7_ablation,network=default;workload=obs,hesk-l/eps-resolver,obs_dup,100,0,0,0
E7_ablation,network=default;workload=obs,hesk-l/exact,obs_dup,100,0,0,0
E7_ablation,network=harsh;workload=obs,hesk-l,obs_dup,100,0,0,0
E7_ablation,network=harsh;workload=obs,hesk-l/-all,obs_dup,100,0.8,0.8,0.8
E7_ablation,network=harsh;workload=obs,hesk-l/-dedup,obs_dup,100,0.8,0.8,0.8
E7_ablation,network=harsh;workload=obs,hesk-l/-gcounter,obs_dup,100,0,0,0
E7_ablation,network=harsh;workload=obs,hesk-l/-lww,obs_dup,100,0,0,0
E7_ablation,network=harsh;workload=obs,hesk-l/eps-resolver,obs_dup,100,0,0,0
E7_ablation,network=harsh;workload=obs,hesk-l/exact,obs_dup,100,0,0,0
E7_ablation,network=default;workload=obs,hesk-l,obs_recall,100,0.990667,0.985333,0.995333
E7_ablation,network=default;workload=obs,hesk-l/-all,obs_recall,100,0.2,0.2,0.2
E7_ablation,network=default;workload=obs,hesk-l/-dedup,obs_recall,100,0.2,0.2,0.2
E7_ablation,network=default;workload=obs,hesk-l/-gcounter,obs_recall,100,0.990667,0.985333,0.995333
E7_ablation,network=default;workload=obs,hesk-l/-lww,obs_recall,100,0.990667,0.985333,0.995333
E7_ablation,network=default;workload=obs,hesk-l/eps-resolver,obs_recall,100,0.990667,0.985333,0.995333
E7_ablation,network=default;workload=obs,hesk-l/exact,obs_recall,100,0.990667,0.985333,0.995333
E7_ablation,network=harsh;workload=obs,hesk-l,obs_recall,100,0.926,0.916,0.936
E7_ablation,network=harsh;workload=obs,hesk-l/-all,obs_recall,100,0.2,0.2,0.2
E7_ablation,network=harsh;workload=obs,hesk-l/-dedup,obs_recall,100,0.2,0.2,0.2
E7_ablation,network=harsh;workload=obs,hesk-l/-gcounter,obs_recall,100,0.926,0.916,0.936
E7_ablation,network=harsh;workload=obs,hesk-l/-lww,obs_recall,100,0.926,0.916,0.936
E7_ablation,network=harsh;workload=obs,hesk-l/eps-resolver,obs_recall,100,0.926,0.916,0.936
E7_ablation,network=harsh;workload=obs,hesk-l/exact,obs_recall,100,0.926,0.916,0.936
E7_ablation,network=default;workload=main,hesk-l,res_stale,100,0.0966667,0.0699167,0.126667
E7_ablation,network=default;workload=main,hesk-l/-all,res_stale,100,0.6725,0.651111,0.691951
E7_ablation,network=default;workload=main,hesk-l/-dedup,res_stale,100,0.0966667,0.0699167,0.126667
E7_ablation,network=default;workload=main,hesk-l/-gcounter,res_stale,100,0.0966667,0.0666667,0.126667
E7_ablation,network=default;workload=main,hesk-l/-lww,res_stale,100,0.6725,0.651944,0.692785
E7_ablation,network=default;workload=main,hesk-l/eps-resolver,res_stale,100,0.0966667,0.07,0.126667
E7_ablation,network=default;workload=main,hesk-l/exact,res_stale,100,0.0966667,0.0666667,0.123333
E7_ablation,network=harsh;workload=main,hesk-l,res_stale,100,0.506667,0.45,0.56
E7_ablation,network=harsh;workload=main,hesk-l/-all,res_stale,100,0.623889,0.593049,0.652222
E7_ablation,network=harsh;workload=main,hesk-l/-dedup,res_stale,100,0.506667,0.45,0.56
E7_ablation,network=harsh;workload=main,hesk-l/-gcounter,res_stale,100,0.506667,0.453333,0.563417
E7_ablation,network=harsh;workload=main,hesk-l/-lww,res_stale,100,0.623889,0.595549,0.654174
E7_ablation,network=harsh;workload=main,hesk-l/eps-resolver,res_stale,100,0.506667,0.45,0.56
E7_ablation,network=harsh;workload=main,hesk-l/exact,res_stale,100,0.506667,0.45,0.56
E7_ablation,network=default;workload=main,hesk-l,res_stale2,100,0,0,0
E7_ablation,network=default;workload=main,hesk-l/-all,res_stale2,100,0.0119444,0.00582639,0.0186181
E7_ablation,network=default;workload=main,hesk-l/-dedup,res_stale2,100,0,0,0
E7_ablation,network=default;workload=main,hesk-l/-gcounter,res_stale2,100,0,0,0
E7_ablation,network=default;workload=main,hesk-l/-lww,res_stale2,100,0.0119444,0.00583333,0.0188889
E7_ablation,network=default;workload=main,hesk-l/eps-resolver,res_stale2,100,0,0,0
E7_ablation,network=default;workload=main,hesk-l/exact,res_stale2,100,0,0,0
E7_ablation,network=harsh;workload=main,hesk-l,res_stale2,100,0,0,0
E7_ablation,network=harsh;workload=main,hesk-l/-all,res_stale2,100,0.0272222,0.0169444,0.0388889
E7_ablation,network=harsh;workload=main,hesk-l/-dedup,res_stale2,100,0,0,0
E7_ablation,network=harsh;workload=main,hesk-l/-gcounter,res_stale2,100,0,0,0
E7_ablation,network=harsh;workload=main,hesk-l/-lww,res_stale2,100,0.0272222,0.0166667,0.0394444
E7_ablation,network=harsh;workload=main,hesk-l/eps-resolver,res_stale2,100,0,0,0
E7_ablation,network=harsh;workload=main,hesk-l/exact,res_stale2,100,0,0,0
E7_ablation,network=default;workload=main,hesk-l,res_lag_s,100,0.0087261,0.00484119,0.0133633
E7_ablation,network=default;workload=main,hesk-l/-all,res_lag_s,100,0.560477,0.525311,0.597703
E7_ablation,network=default;workload=main,hesk-l/-dedup,res_lag_s,100,0.0087261,0.00484119,0.0133633
E7_ablation,network=default;workload=main,hesk-l/-gcounter,res_lag_s,100,0.0087261,0.00488649,0.0134377
E7_ablation,network=default;workload=main,hesk-l/-lww,res_lag_s,100,0.560477,0.523943,0.597038
E7_ablation,network=default;workload=main,hesk-l/eps-resolver,res_lag_s,100,0.0087261,0.0048921,0.0133362
E7_ablation,network=default;workload=main,hesk-l/exact,res_lag_s,100,0.0087261,0.0047768,0.0131559
E7_ablation,network=harsh;workload=main,hesk-l,res_lag_s,100,0.226341,0.188275,0.262716
E7_ablation,network=harsh;workload=main,hesk-l/-all,res_lag_s,100,0.4494,0.41221,0.488774
E7_ablation,network=harsh;workload=main,hesk-l/-dedup,res_lag_s,100,0.226341,0.188275,0.262716
E7_ablation,network=harsh;workload=main,hesk-l/-gcounter,res_lag_s,100,0.226341,0.189182,0.266045
E7_ablation,network=harsh;workload=main,hesk-l/-lww,res_lag_s,100,0.4494,0.412103,0.489852
E7_ablation,network=harsh;workload=main,hesk-l/eps-resolver,res_lag_s,100,0.226341,0.189342,0.263043
E7_ablation,network=harsh;workload=main,hesk-l/exact,res_lag_s,100,0.226341,0.18974,0.262583
E7_ablation,network=default;workload=main,hesk-l,aborted,100,0,0,0.0369948
E7_ablation,network=default;workload=main,hesk-l/-all,aborted,100,0,0,0.0369948
E7_ablation,network=default;workload=main,hesk-l/-dedup,aborted,100,0,0,0.0369948
E7_ablation,network=default;workload=main,hesk-l/-gcounter,aborted,100,0,0,0.0369948
E7_ablation,network=default;workload=main,hesk-l/-lww,aborted,100,0,0,0.0369948
E7_ablation,network=default;workload=main,hesk-l/eps-resolver,aborted,100,0,0,0.0369948
E7_ablation,network=default;workload=main,hesk-l/exact,aborted,100,0,0,0.0369948
E7_ablation,network=default;workload=obs,hesk-l,aborted,100,0,0,0.0369948
E7_ablation,network=default;workload=obs,hesk-l/-all,aborted,100,0,0,0.0369948
E7_ablation,network=default;workload=obs,hesk-l/-dedup,aborted,100,0,0,0.0369948
E7_ablation,network=default;workload=obs,hesk-l/-gcounter,aborted,100,0,0,0.0369948
E7_ablation,network=default;workload=obs,hesk-l/-lww,aborted,100,0,0,0.0369948
E7_ablation,network=default;workload=obs,hesk-l/eps-resolver,aborted,100,0,0,0.0369948
E7_ablation,network=default;workload=obs,hesk-l/exact,aborted,100,0,0,0.0369948
E7_ablation,network=harsh;workload=main,hesk-l,aborted,100,0,0,0.0369948
E7_ablation,network=harsh;workload=main,hesk-l/-all,aborted,100,0,0,0.0369948
E7_ablation,network=harsh;workload=main,hesk-l/-dedup,aborted,100,0,0,0.0369948
E7_ablation,network=harsh;workload=main,hesk-l/-gcounter,aborted,100,0,0,0.0369948
E7_ablation,network=harsh;workload=main,hesk-l/-lww,aborted,100,0,0,0.0369948
E7_ablation,network=harsh;workload=main,hesk-l/eps-resolver,aborted,100,0,0,0.0369948
E7_ablation,network=harsh;workload=main,hesk-l/exact,aborted,100,0,0,0.0369948
E7_ablation,network=harsh;workload=obs,hesk-l,aborted,100,0,0,0.0369948
E7_ablation,network=harsh;workload=obs,hesk-l/-all,aborted,100,0,0,0.0369948
E7_ablation,network=harsh;workload=obs,hesk-l/-dedup,aborted,100,0,0,0.0369948
E7_ablation,network=harsh;workload=obs,hesk-l/-gcounter,aborted,100,0,0,0.0369948
E7_ablation,network=harsh;workload=obs,hesk-l/-lww,aborted,100,0,0,0.0369948
E7_ablation,network=harsh;workload=obs,hesk-l/eps-resolver,aborted,100,0,0,0.0369948
E7_ablation,network=harsh;workload=obs,hesk-l/exact,aborted,100,0,0,0.0369948
E7_ablation,network=default;workload=main,hesk-l,t_conv_own,100,2.83,2.7,2.965
E7_ablation,network=default;workload=main,hesk-l/-all,t_conv_own,100,2.86,2.73,3
E7_ablation,network=default;workload=main,hesk-l/-dedup,t_conv_own,100,2.83,2.7,2.965
E7_ablation,network=default;workload=main,hesk-l/-gcounter,t_conv_own,100,2.83,2.7,2.965
E7_ablation,network=default;workload=main,hesk-l/-lww,t_conv_own,100,2.83,2.7,2.965
E7_ablation,network=default;workload=main,hesk-l/eps-resolver,t_conv_own,100,2.86,2.73,3
E7_ablation,network=default;workload=main,hesk-l/exact,t_conv_own,100,2.85,2.715,2.99
E7_ablation,network=harsh;workload=main,hesk-l,t_conv_own,100,3.7,3.56,3.845
E7_ablation,network=harsh;workload=main,hesk-l/-all,t_conv_own,100,3.715,3.58,3.85512
E7_ablation,network=harsh;workload=main,hesk-l/-dedup,t_conv_own,100,3.7,3.56,3.845
E7_ablation,network=harsh;workload=main,hesk-l/-gcounter,t_conv_own,100,3.7,3.56,3.845
E7_ablation,network=harsh;workload=main,hesk-l/-lww,t_conv_own,100,3.7,3.56,3.845
E7_ablation,network=harsh;workload=main,hesk-l/eps-resolver,t_conv_own,100,3.715,3.58,3.85512
E7_ablation,network=harsh;workload=main,hesk-l/exact,t_conv_own,100,3.71,3.575,3.85012
E7_ablation,network=default;workload=main,hesk-l,t_conv_res,100,3.885,3.745,4.035
E7_ablation,network=default;workload=main,hesk-l/-dedup,t_conv_res,100,3.885,3.745,4.035
E7_ablation,network=default;workload=main,hesk-l/-gcounter,t_conv_res,100,3.885,3.75,4.035
E7_ablation,network=default;workload=main,hesk-l/eps-resolver,t_conv_res,100,3.885,3.75,4.04
E7_ablation,network=default;workload=main,hesk-l/exact,t_conv_res,100,3.885,3.74987,4.035
E7_ablation,network=harsh;workload=main,hesk-l,t_conv_res,100,4.28,4.11,4.455
E7_ablation,network=harsh;workload=main,hesk-l/-dedup,t_conv_res,100,4.28,4.11,4.455
E7_ablation,network=harsh;workload=main,hesk-l/-gcounter,t_conv_res,100,4.28,4.115,4.46
E7_ablation,network=harsh;workload=main,hesk-l/eps-resolver,t_conv_res,100,4.28,4.1,4.45
E7_ablation,network=harsh;workload=main,hesk-l/exact,t_conv_res,100,4.28,4.1,4.45
E7_ablation,network=default;workload=main,hesk-l,bytes,100,2330.8,2329.28,2332.12
E7_ablation,network=default;workload=main,hesk-l/-all,bytes,100,2157.59,2156.7,2158.44
E7_ablation,network=default;workload=main,hesk-l/-dedup,bytes,100,2330.8,2329.28,2332.12
E7_ablation,network=default;workload=main,hesk-l/-gcounter,bytes,100,2129.68,2128.8,2130.48
E7_ablation,network=default;workload=main,hesk-l/-lww,bytes,100,2358.8,2357.36,2360.24
E7_ablation,network=default;workload=main,hesk-l/eps-resolver,bytes,100,2330.8,2329.36,2332.24
E7_ablation,network=default;workload=main,hesk-l/exact,bytes,100,2330.8,2329.36,2332.32
E7_ablation,network=default;workload=obs,hesk-l,bytes,100,639.4,638.2,640.641
E7_ablation,network=default;workload=obs,hesk-l/-all,bytes,100,115,115,115
E7_ablation,network=default;workload=obs,hesk-l/-dedup,bytes,100,115,115,115
E7_ablation,network=default;workload=obs,hesk-l/-gcounter,bytes,100,639.4,638.2,640.641
E7_ablation,network=default;workload=obs,hesk-l/-lww,bytes,100,639.4,638.2,640.641
E7_ablation,network=default;workload=obs,hesk-l/eps-resolver,bytes,100,639.4,638.2,640.641
E7_ablation,network=default;workload=obs,hesk-l/exact,bytes,100,639.4,638.2,640.641
E7_ablation,network=harsh;workload=main,hesk-l,bytes,100,2694.52,2692.92,2696
E7_ablation,network=harsh;workload=main,hesk-l/-all,bytes,100,2521.86,2520.93,2522.72
E7_ablation,network=harsh;workload=main,hesk-l/-dedup,bytes,100,2694.52,2692.92,2696
E7_ablation,network=harsh;workload=main,hesk-l/-gcounter,bytes,100,2493.84,2492.92,2494.76
E7_ablation,network=harsh;workload=main,hesk-l/-lww,bytes,100,2722.52,2720.88,2724.08
E7_ablation,network=harsh;workload=main,hesk-l/eps-resolver,bytes,100,2694.52,2692.88,2696.16
E7_ablation,network=harsh;workload=main,hesk-l/exact,bytes,100,2694.52,2692.92,2696.12
E7_ablation,network=harsh;workload=obs,hesk-l,bytes,100,639.4,638.24,640.6
E7_ablation,network=harsh;workload=obs,hesk-l/-all,bytes,100,115,115,115
E7_ablation,network=harsh;workload=obs,hesk-l/-dedup,bytes,100,115,115,115
E7_ablation,network=harsh;workload=obs,hesk-l/-gcounter,bytes,100,639.4,638.24,640.6
E7_ablation,network=harsh;workload=obs,hesk-l/-lww,bytes,100,639.4,638.24,640.6
E7_ablation,network=harsh;workload=obs,hesk-l/eps-resolver,bytes,100,639.4,638.24,640.6
E7_ablation,network=harsh;workload=obs,hesk-l/exact,bytes,100,639.4,638.24,640.6
E7_ablation,network=default;workload=main,hesk-l,t_conv_ctr,100,3.93,3.795,4.08012
E7_ablation,network=default;workload=main,hesk-l/-all,t_conv_ctr,100,3.35,3.205,3.505
E7_ablation,network=default;workload=main,hesk-l/-dedup,t_conv_ctr,100,3.93,3.795,4.08012
E7_ablation,network=default;workload=main,hesk-l/-gcounter,t_conv_ctr,100,3.35,3.2,3.50012
E7_ablation,network=default;workload=main,hesk-l/-lww,t_conv_ctr,100,3.93,3.795,4.08012
E7_ablation,network=default;workload=main,hesk-l/eps-resolver,t_conv_ctr,100,3.93,3.79487,4.07
E7_ablation,network=default;workload=main,hesk-l/exact,t_conv_ctr,100,3.93,3.79,4.075
E7_ablation,network=harsh;workload=main,hesk-l,t_conv_ctr,100,4.79,4.635,4.95512
E7_ablation,network=harsh;workload=main,hesk-l/-all,t_conv_ctr,100,3.99,3.795,4.185
E7_ablation,network=harsh;workload=main,hesk-l/-dedup,t_conv_ctr,100,4.79,4.635,4.95512
E7_ablation,network=harsh;workload=main,hesk-l/-gcounter,t_conv_ctr,100,3.99,3.79987,4.175
E7_ablation,network=harsh;workload=main,hesk-l/-lww,t_conv_ctr,100,4.79,4.635,4.95512
E7_ablation,network=harsh;workload=main,hesk-l/eps-resolver,t_conv_ctr,100,4.79,4.625,4.95012
E7_ablation,network=harsh;workload=main,hesk-l/exact,t_conv_ctr,100,4.79,4.635,4.96
E7_ablation,network=default;workload=obs,hesk-l,t_conv_obs,100,3.95,3.815,4.09
E7_ablation,network=default;workload=obs,hesk-l/-all,t_conv_obs,100,4.695,4.55,4.85
E7_ablation,network=default;workload=obs,hesk-l/-dedup,t_conv_obs,100,4.695,4.55,4.85
E7_ablation,network=default;workload=obs,hesk-l/-gcounter,t_conv_obs,100,3.95,3.815,4.09
E7_ablation,network=default;workload=obs,hesk-l/-lww,t_conv_obs,100,3.95,3.815,4.09
E7_ablation,network=default;workload=obs,hesk-l/eps-resolver,t_conv_obs,100,3.95,3.815,4.09
E7_ablation,network=default;workload=obs,hesk-l/exact,t_conv_obs,100,3.95,3.815,4.09
E7_ablation,network=harsh;workload=obs,hesk-l,t_conv_obs,100,4.63,4.475,4.8
E7_ablation,network=harsh;workload=obs,hesk-l/-all,t_conv_obs,100,5.57,5.39487,5.75
E7_ablation,network=harsh;workload=obs,hesk-l/-dedup,t_conv_obs,100,5.57,5.39487,5.75
E7_ablation,network=harsh;workload=obs,hesk-l/-gcounter,t_conv_obs,100,4.63,4.475,4.8
E7_ablation,network=harsh;workload=obs,hesk-l/-lww,t_conv_obs,100,4.63,4.475,4.8
E7_ablation,network=harsh;workload=obs,hesk-l/eps-resolver,t_conv_obs,100,4.63,4.475,4.8
E7_ablation,network=harsh;workload=obs,hesk-l/exact,t_conv_obs,100,4.63,4.475,4.8
E8_intra_group,claimants=2,hesk-l,conv_all,60,1,0.939826,1
E8_intra_group,claimants=2,hesk-l/eps-resolver,conv_all,60,1,0.939826,1
E8_intra_group,claimants=2,hesk-l/exact,conv_all,60,1,0.939826,1
E8_intra_group,claimants=2,legacy/reconcile/direct,conv_all,60,0,0,0.0601739
E8_intra_group,claimants=2,legacy/reconcile/relay,conv_all,60,0.3,0.19898,0.425089
E8_intra_group,claimants=4,hesk-l,conv_all,60,1,0.939826,1
E8_intra_group,claimants=4,hesk-l/eps-resolver,conv_all,60,1,0.939826,1
E8_intra_group,claimants=4,hesk-l/exact,conv_all,60,1,0.939826,1
E8_intra_group,claimants=4,legacy/reconcile/direct,conv_all,60,0.0166667,0.00294808,0.0885534
E8_intra_group,claimants=4,legacy/reconcile/relay,conv_all,60,0.65,0.523624,0.758324
E8_intra_group,claimants=8,hesk-l,conv_all,60,1,0.939826,1
E8_intra_group,claimants=8,hesk-l/eps-resolver,conv_all,60,1,0.939826,1
E8_intra_group,claimants=8,hesk-l/exact,conv_all,60,1,0.939826,1
E8_intra_group,claimants=8,legacy/reconcile/direct,conv_all,60,0.0333333,0.00918913,0.11364
E8_intra_group,claimants=8,legacy/reconcile/relay,conv_all,60,0.683333,0.55766,0.786943
E8_intra_group,claimants=2,hesk-l,conv_own,60,1,0.939826,1
E8_intra_group,claimants=2,hesk-l/eps-resolver,conv_own,60,1,0.939826,1
E8_intra_group,claimants=2,hesk-l/exact,conv_own,60,1,0.939826,1
E8_intra_group,claimants=2,legacy/reconcile/direct,conv_own,60,0,0,0.0601739
E8_intra_group,claimants=2,legacy/reconcile/relay,conv_own,60,0.3,0.19898,0.425089
E8_intra_group,claimants=4,hesk-l,conv_own,60,1,0.939826,1
E8_intra_group,claimants=4,hesk-l/eps-resolver,conv_own,60,1,0.939826,1
E8_intra_group,claimants=4,hesk-l/exact,conv_own,60,1,0.939826,1
E8_intra_group,claimants=4,legacy/reconcile/direct,conv_own,60,0.0166667,0.00294808,0.0885534
E8_intra_group,claimants=4,legacy/reconcile/relay,conv_own,60,0.65,0.523624,0.758324
E8_intra_group,claimants=8,hesk-l,conv_own,60,1,0.939826,1
E8_intra_group,claimants=8,hesk-l/eps-resolver,conv_own,60,1,0.939826,1
E8_intra_group,claimants=8,hesk-l/exact,conv_own,60,1,0.939826,1
E8_intra_group,claimants=8,legacy/reconcile/direct,conv_own,60,0.0333333,0.00918913,0.11364
E8_intra_group,claimants=8,legacy/reconcile/relay,conv_own,60,0.683333,0.55766,0.786943
E8_intra_group,claimants=2,hesk-l,contest_split,60,0,0,0
E8_intra_group,claimants=2,hesk-l/eps-resolver,contest_split,60,0,0,0
E8_intra_group,claimants=2,hesk-l/exact,contest_split,60,0,0,0
E8_intra_group,claimants=2,legacy/reconcile/direct,contest_split,60,0.860417,0.820833,0.897917
E8_intra_group,claimants=2,legacy/reconcile/relay,contest_split,60,0.2625,0.191615,0.337552
E8_intra_group,claimants=4,hesk-l,contest_split,60,0,0,0
E8_intra_group,claimants=4,hesk-l/eps-resolver,contest_split,60,0,0,0
E8_intra_group,claimants=4,hesk-l/exact,contest_split,60,0,0,0
E8_intra_group,claimants=4,legacy/reconcile/direct,contest_split,60,0.658333,0.59375,0.720833
E8_intra_group,claimants=4,legacy/reconcile/relay,contest_split,60,0.179167,0.104167,0.266667
E8_intra_group,claimants=8,hesk-l,contest_split,60,0,0,0
E8_intra_group,claimants=8,hesk-l/eps-resolver,contest_split,60,0,0,0
E8_intra_group,claimants=8,hesk-l/exact,contest_split,60,0,0,0
E8_intra_group,claimants=8,legacy/reconcile/direct,contest_split,60,0.472917,0.39375,0.552083
E8_intra_group,claimants=8,legacy/reconcile/relay,contest_split,60,0.254167,0.15625,0.360417
E8_intra_group,claimants=2,hesk-l,contest_regret,60,0.0029302,0.002134,0.00384335
E8_intra_group,claimants=2,hesk-l/eps-resolver,contest_regret,60,0.00645025,0.00529555,0.00775246
E8_intra_group,claimants=2,hesk-l/exact,contest_regret,60,0.00123959,0.00060984,0.00199041
E8_intra_group,claimants=2,legacy/reconcile/direct,contest_regret,60,0.0264958,0.0247377,0.0283305
E8_intra_group,claimants=2,legacy/reconcile/relay,contest_regret,60,0.0135764,0.0111695,0.0161918
E8_intra_group,claimants=4,hesk-l,contest_regret,60,0.00606852,0.00505789,0.00711267
E8_intra_group,claimants=4,hesk-l/eps-resolver,contest_regret,60,0.0129388,0.0112295,0.0148498
E8_intra_group,claimants=4,hesk-l/exact,contest_regret,60,0.00202054,0.00132401,0.00285527
E8_intra_group,claimants=4,legacy/reconcile/direct,contest_regret,60,0.0439505,0.0413208,0.0464723
E8_intra_group,claimants=4,legacy/reconcile/relay,contest_regret,60,0.0338692,0.0305982,0.0370039
E8_intra_group,claimants=8,hesk-l,contest_regret,60,0.00833364,0.00706691,0.00975223
E8_intra_group,claimants=8,hesk-l/eps-resolver,contest_regret,60,0.0184434,0.0166714,0.0203576
E8_intra_group,claimants=8,hesk-l/exact,contest_regret,60,0.00306601,0.00204262,0.00431472
E8_intra_group,claimants=8,legacy/reconcile/direct,contest_regret,60,0.0541036,0.0499372,0.0580349
E8_intra_group,claimants=8,legacy/reconcile/relay,contest_regret,60,0.049487,0.0449391,0.0540026
E8_intra_group,claimants=2,hesk-l,aborted,60,0,0,0.0601739
E8_intra_group,claimants=2,hesk-l/eps-resolver,aborted,60,0,0,0.0601739
E8_intra_group,claimants=2,hesk-l/exact,aborted,60,0,0,0.0601739
E8_intra_group,claimants=2,legacy/reconcile/direct,aborted,60,0,0,0.0601739
E8_intra_group,claimants=2,legacy/reconcile/relay,aborted,60,0,0,0.0601739
E8_intra_group,claimants=4,hesk-l,aborted,60,0,0,0.0601739
E8_intra_group,claimants=4,hesk-l/eps-resolver,aborted,60,0,0,0.0601739
E8_intra_group,claimants=4,hesk-l/exact,aborted,60,0,0,0.0601739
E8_intra_group,claimants=4,legacy/reconcile/direct,aborted,60,0,0,0.0601739
E8_intra_group,claimants=4,legacy/reconcile/relay,aborted,60,0,0,0.0601739
E8_intra_group,claimants=8,hesk-l,aborted,60,0,0,0.0601739
E8_intra_group,claimants=8,hesk-l/eps-resolver,aborted,60,0,0,0.0601739
E8_intra_group,claimants=8,hesk-l/exact,aborted,60,0,0,0.0601739
E8_intra_group,claimants=8,legacy/reconcile/direct,aborted,60,0,0,0.0601739
E8_intra_group,claimants=8,legacy/reconcile/relay,aborted,60,0,0,0.0601739
E8_intra_group,claimants=2,hesk-l,t_conv_own,60,2.51667,2.33333,2.70833
E8_intra_group,claimants=2,hesk-l/eps-resolver,t_conv_own,60,2.50833,2.325,2.70021
E8_intra_group,claimants=2,hesk-l/exact,t_conv_own,60,2.51667,2.33333,2.70833
E8_intra_group,claimants=2,legacy/reconcile/relay,t_conv_own,18,7.08333,5.38889,9.05625
E8_intra_group,claimants=4,hesk-l,t_conv_own,60,2.51667,2.33333,2.70833
E8_intra_group,claimants=4,hesk-l/eps-resolver,t_conv_own,60,2.51667,2.33333,2.70833
E8_intra_group,claimants=4,hesk-l/exact,t_conv_own,60,2.5,2.30833,2.7
E8_intra_group,claimants=4,legacy/reconcile/direct,t_conv_own,1,29,29,29
E8_intra_group,claimants=4,legacy/reconcile/relay,t_conv_own,39,7.57692,6.60256,8.61538
E8_intra_group,claimants=8,hesk-l,t_conv_own,60,2.51667,2.33333,2.70833
E8_intra_group,claimants=8,hesk-l/eps-resolver,t_conv_own,60,2.51667,2.33333,2.70833
E8_intra_group,claimants=8,hesk-l/exact,t_conv_own,60,2.5,2.30833,2.69187
E8_intra_group,claimants=8,legacy/reconcile/direct,t_conv_own,2,24.5,24.5,24.5
E8_intra_group,claimants=8,legacy/reconcile/relay,t_conv_own,41,7.7561,6.67073,8.84177
E8_intra_group,claimants=2,hesk-l,bytes,60,1465.53,1457.4,1472.77
E8_intra_group,claimants=2,hesk-l/eps-resolver,bytes,60,1465.53,1457.17,1472.6
E8_intra_group,claimants=2,hesk-l/exact,bytes,60,1465.53,1457.23,1472.64
E8_intra_group,claimants=2,legacy/reconcile/direct,bytes,60,1962.09,1960.44,1963.59
E8_intra_group,claimants=2,legacy/reconcile/relay,bytes,60,1963.78,1962.82,1964.7
E8_intra_group,claimants=4,hesk-l,bytes,60,2396.88,2383.92,2409.37
E8_intra_group,claimants=4,hesk-l/eps-resolver,bytes,60,2396.88,2382.57,2409.84
E8_intra_group,claimants=4,hesk-l/exact,bytes,60,2396.88,2382.23,2410.1
E8_intra_group,claimants=4,legacy/reconcile/direct,bytes,60,1954.75,1952.38,1957.16
E8_intra_group,claimants=4,legacy/reconcile/relay,bytes,60,1960.28,1959.22,1961.33
E8_intra_group,claimants=8,hesk-l,bytes,60,4087.03,4055.4,4119.12
E8_intra_group,claimants=8,hesk-l/eps-resolver,bytes,60,4087.03,4054.21,4119.19
E8_intra_group,claimants=8,hesk-l/exact,bytes,60,4087.03,4054.7,4118.32
E8_intra_group,claimants=8,legacy/reconcile/direct,bytes,60,1943.36,1939.83,1946.72
E8_intra_group,claimants=8,legacy/reconcile/relay,bytes,60,1954.68,1953.54,1955.82
E9_algebra,k=2;spread=0.0,,legacy_order_dependent,600,0,0,0.00636193
E9_algebra,k=2;spread=0.01,,legacy_order_dependent,600,0,0,0.00636193
E9_algebra,k=2;spread=0.02,,legacy_order_dependent,600,0,0,0.00636193
E9_algebra,k=2;spread=0.05,,legacy_order_dependent,600,0,0,0.00636193
E9_algebra,k=2;spread=0.1,,legacy_order_dependent,600,0,0,0.00636193
E9_algebra,k=2;spread=0.2,,legacy_order_dependent,600,0,0,0.00636193
E9_algebra,k=2;spread=0.4,,legacy_order_dependent,600,0,0,0.00636193
E9_algebra,k=3;spread=0.0,,legacy_order_dependent,600,0,0,0.00636193
E9_algebra,k=3;spread=0.01,,legacy_order_dependent,600,0,0,0.00636193
E9_algebra,k=3;spread=0.02,,legacy_order_dependent,600,0.0133333,0.00677127,0.0260877
E9_algebra,k=3;spread=0.05,,legacy_order_dependent,600,0.04,0.0270248,0.0588281
E9_algebra,k=3;spread=0.1,,legacy_order_dependent,600,0.01,0.00459086,0.0216438
E9_algebra,k=3;spread=0.2,,legacy_order_dependent,600,0,0,0.00636193
E9_algebra,k=3;spread=0.4,,legacy_order_dependent,600,0,0,0.00636193
E9_algebra,k=4;spread=0.0,,legacy_order_dependent,600,0,0,0.00636193
E9_algebra,k=4;spread=0.01,,legacy_order_dependent,600,0.00166667,0.000294261,0.0093798
E9_algebra,k=4;spread=0.02,,legacy_order_dependent,600,0.0333333,0.02168,0.0509245
E9_algebra,k=4;spread=0.05,,legacy_order_dependent,600,0.0666667,0.0493373,0.0895097
E9_algebra,k=4;spread=0.1,,legacy_order_dependent,600,0.0216667,0.012705,0.0367146
E9_algebra,k=4;spread=0.2,,legacy_order_dependent,600,0.00166667,0.000294261,0.0093798
E9_algebra,k=4;spread=0.4,,legacy_order_dependent,600,0,0,0.00636193
E9_algebra,k=5;spread=0.0,,legacy_order_dependent,600,0.00333333,0.000914578,0.0120716
E9_algebra,k=5;spread=0.01,,legacy_order_dependent,600,0.00333333,0.000914578,0.0120716
E9_algebra,k=5;spread=0.02,,legacy_order_dependent,600,0.0766667,0.0579681,0.100752
E9_algebra,k=5;spread=0.05,,legacy_order_dependent,600,0.0616667,0.0450671,0.0838435
E9_algebra,k=5;spread=0.1,,legacy_order_dependent,600,0.015,0.00791115,0.0282599
E9_algebra,k=5;spread=0.2,,legacy_order_dependent,600,0.00666667,0.00259546,0.017015
E9_algebra,k=5;spread=0.4,,legacy_order_dependent,600,0,0,0.00636193
E9_algebra,k=6;spread=0.0,,legacy_order_dependent,600,0.00666667,0.00259546,0.017015
E9_algebra,k=6;spread=0.01,,legacy_order_dependent,600,0.0166667,0.00907763,0.0304056
E9_algebra,k=6;spread=0.02,,legacy_order_dependent,600,0.0866667,0.0667021,0.11189
E9_algebra,k=6;spread=0.05,,legacy_order_dependent,600,0.118333,0.0948841,0.146639
E9_algebra,k=6;spread=0.1,,legacy_order_dependent,600,0.0416667,0.0283795,0.0607856
E9_algebra,k=6;spread=0.2,,legacy_order_dependent,600,0.00666667,0.00259546,0.017015
E9_algebra,k=6;spread=0.4,,legacy_order_dependent,600,0.00333333,0.000914578,0.0120716
E9_algebra,k=2;spread=0.0,,legacy_n_winners,600,1,1,1
E9_algebra,k=2;spread=0.01,,legacy_n_winners,600,1,1,1
E9_algebra,k=2;spread=0.02,,legacy_n_winners,600,1,1,1
E9_algebra,k=2;spread=0.05,,legacy_n_winners,600,1,1,1
E9_algebra,k=2;spread=0.1,,legacy_n_winners,600,1,1,1
E9_algebra,k=2;spread=0.2,,legacy_n_winners,600,1,1,1
E9_algebra,k=2;spread=0.4,,legacy_n_winners,600,1,1,1
E9_algebra,k=3;spread=0.0,,legacy_n_winners,600,1,1,1
E9_algebra,k=3;spread=0.01,,legacy_n_winners,600,1,1,1
E9_algebra,k=3;spread=0.02,,legacy_n_winners,600,1.02667,1.01,1.04667
E9_algebra,k=3;spread=0.05,,legacy_n_winners,600,1.08,1.05,1.11
E9_algebra,k=3;spread=0.1,,legacy_n_winners,600,1.02,1.00667,1.03667
E9_algebra,k=3;spread=0.2,,legacy_n_winners,600,1,1,1
E9_algebra,k=3;spread=0.4,,legacy_n_winners,600,1,1,1
E9_algebra,k=4;spread=0.0,,legacy_n_winners,600,1,1,1
E9_algebra,k=4;spread=0.01,,legacy_n_winners,600,1.00333,1,1.01
E9_algebra,k=4;spread=0.02,,legacy_n_winners,600,1.085,1.05163,1.12333
E9_algebra,k=4;spread=0.05,,legacy_n_winners,600,1.16,1.11167,1.21
E9_algebra,k=4;spread=0.1,,legacy_n_winners,600,1.04833,1.025,1.075
E9_algebra,k=4;spread=0.2,,legacy_n_winners,600,1.00333,1,1.01
E9_algebra,k=4;spread=0.4,,legacy_n_winners,600,1,1,1
E9_algebra,k=5;spread=0.0,,legacy_n_winners,600,1.00833,1,1.02167
E9_algebra,k=5;spread=0.01,,legacy_n_winners,600,1.00833,1,1.02167
E9_algebra,k=5;spread=0.02,,legacy_n_winners,600,1.22833,1.16167,1.29667
E9_algebra,k=5;spread=0.05,,legacy_n_winners,600,1.15333,1.10667,1.20337
E9_algebra,k=5;spread=0.1,,legacy_n_winners,600,1.03833,1.015,1.06833
E9_algebra,k=5;spread=0.2,,legacy_n_winners,600,1.01333,1.00333,1.02667
E9_algebra,k=5;spread=0.4,,legacy_n_winners,600,1,1,1
E9_algebra,k=6;spread=0.0,,legacy_n_winners,600,1.015,1.00333,1.03333
E9_algebra,k=6;spread=0.01,,legacy_n_winners,600,1.04333,1.01833,1.075
E9_algebra,k=6;spread=0.02,,legacy_n_winners,600,1.285,1.20663,1.36667
E9_algebra,k=6;spread=0.05,,legacy_n_winners,600,1.35833,1.27662,1.44333
E9_algebra,k=6;spread=0.1,,legacy_n_winners,600,1.11,1.06829,1.15333
E9_algebra,k=6;spread=0.2,,legacy_n_winners,600,1.01667,1.00333,1.03504
E9_algebra,k=6;spread=0.4,,legacy_n_winners,600,1.00667,1,1.01667
E9_algebra,k=2;spread=0.0,,exact_order_dependent,600,0,0,0.00636193
E9_algebra,k=2;spread=0.01,,exact_order_dependent,600,0,0,0.00636193
E9_algebra,k=2;spread=0.02,,exact_order_dependent,600,0,0,0.00636193
E9_algebra,k=2;spread=0.05,,exact_order_dependent,600,0,0,0.00636193
E9_algebra,k=2;spread=0.1,,exact_order_dependent,600,0,0,0.00636193
E9_algebra,k=2;spread=0.2,,exact_order_dependent,600,0,0,0.00636193
E9_algebra,k=2;spread=0.4,,exact_order_dependent,600,0,0,0.00636193
E9_algebra,k=3;spread=0.0,,exact_order_dependent,600,0,0,0.00636193
E9_algebra,k=3;spread=0.01,,exact_order_dependent,600,0,0,0.00636193
E9_algebra,k=3;spread=0.02,,exact_order_dependent,600,0,0,0.00636193
E9_algebra,k=3;spread=0.05,,exact_order_dependent,600,0,0,0.00636193
E9_algebra,k=3;spread=0.1,,exact_order_dependent,600,0,0,0.00636193
E9_algebra,k=3;spread=0.2,,exact_order_dependent,600,0,0,0.00636193
E9_algebra,k=3;spread=0.4,,exact_order_dependent,600,0,0,0.00636193
E9_algebra,k=4;spread=0.0,,exact_order_dependent,600,0,0,0.00636193
E9_algebra,k=4;spread=0.01,,exact_order_dependent,600,0,0,0.00636193
E9_algebra,k=4;spread=0.02,,exact_order_dependent,600,0,0,0.00636193
E9_algebra,k=4;spread=0.05,,exact_order_dependent,600,0,0,0.00636193
E9_algebra,k=4;spread=0.1,,exact_order_dependent,600,0,0,0.00636193
E9_algebra,k=4;spread=0.2,,exact_order_dependent,600,0,0,0.00636193
E9_algebra,k=4;spread=0.4,,exact_order_dependent,600,0,0,0.00636193
E9_algebra,k=5;spread=0.0,,exact_order_dependent,600,0,0,0.00636193
E9_algebra,k=5;spread=0.01,,exact_order_dependent,600,0,0,0.00636193
E9_algebra,k=5;spread=0.02,,exact_order_dependent,600,0,0,0.00636193
E9_algebra,k=5;spread=0.05,,exact_order_dependent,600,0,0,0.00636193
E9_algebra,k=5;spread=0.1,,exact_order_dependent,600,0,0,0.00636193
E9_algebra,k=5;spread=0.2,,exact_order_dependent,600,0,0,0.00636193
E9_algebra,k=5;spread=0.4,,exact_order_dependent,600,0,0,0.00636193
E9_algebra,k=6;spread=0.0,,exact_order_dependent,600,0,0,0.00636193
E9_algebra,k=6;spread=0.01,,exact_order_dependent,600,0,0,0.00636193
E9_algebra,k=6;spread=0.02,,exact_order_dependent,600,0,0,0.00636193
E9_algebra,k=6;spread=0.05,,exact_order_dependent,600,0,0,0.00636193
E9_algebra,k=6;spread=0.1,,exact_order_dependent,600,0,0,0.00636193
E9_algebra,k=6;spread=0.2,,exact_order_dependent,600,0,0,0.00636193
E9_algebra,k=6;spread=0.4,,exact_order_dependent,600,0,0,0.00636193
E9_algebra,k=2;spread=0.0,,bucketed_order_dependent,600,0,0,0.00636193
E9_algebra,k=2;spread=0.01,,bucketed_order_dependent,600,0,0,0.00636193
E9_algebra,k=2;spread=0.02,,bucketed_order_dependent,600,0,0,0.00636193
E9_algebra,k=2;spread=0.05,,bucketed_order_dependent,600,0,0,0.00636193
E9_algebra,k=2;spread=0.1,,bucketed_order_dependent,600,0,0,0.00636193
E9_algebra,k=2;spread=0.2,,bucketed_order_dependent,600,0,0,0.00636193
E9_algebra,k=2;spread=0.4,,bucketed_order_dependent,600,0,0,0.00636193
E9_algebra,k=3;spread=0.0,,bucketed_order_dependent,600,0,0,0.00636193
E9_algebra,k=3;spread=0.01,,bucketed_order_dependent,600,0,0,0.00636193
E9_algebra,k=3;spread=0.02,,bucketed_order_dependent,600,0,0,0.00636193
E9_algebra,k=3;spread=0.05,,bucketed_order_dependent,600,0,0,0.00636193
E9_algebra,k=3;spread=0.1,,bucketed_order_dependent,600,0,0,0.00636193
E9_algebra,k=3;spread=0.2,,bucketed_order_dependent,600,0,0,0.00636193
E9_algebra,k=3;spread=0.4,,bucketed_order_dependent,600,0,0,0.00636193
E9_algebra,k=4;spread=0.0,,bucketed_order_dependent,600,0,0,0.00636193
E9_algebra,k=4;spread=0.01,,bucketed_order_dependent,600,0,0,0.00636193
E9_algebra,k=4;spread=0.02,,bucketed_order_dependent,600,0,0,0.00636193
E9_algebra,k=4;spread=0.05,,bucketed_order_dependent,600,0,0,0.00636193
E9_algebra,k=4;spread=0.1,,bucketed_order_dependent,600,0,0,0.00636193
E9_algebra,k=4;spread=0.2,,bucketed_order_dependent,600,0,0,0.00636193
E9_algebra,k=4;spread=0.4,,bucketed_order_dependent,600,0,0,0.00636193
E9_algebra,k=5;spread=0.0,,bucketed_order_dependent,600,0,0,0.00636193
E9_algebra,k=5;spread=0.01,,bucketed_order_dependent,600,0,0,0.00636193
E9_algebra,k=5;spread=0.02,,bucketed_order_dependent,600,0,0,0.00636193
E9_algebra,k=5;spread=0.05,,bucketed_order_dependent,600,0,0,0.00636193
E9_algebra,k=5;spread=0.1,,bucketed_order_dependent,600,0,0,0.00636193
E9_algebra,k=5;spread=0.2,,bucketed_order_dependent,600,0,0,0.00636193
E9_algebra,k=5;spread=0.4,,bucketed_order_dependent,600,0,0,0.00636193
E9_algebra,k=6;spread=0.0,,bucketed_order_dependent,600,0,0,0.00636193
E9_algebra,k=6;spread=0.01,,bucketed_order_dependent,600,0,0,0.00636193
E9_algebra,k=6;spread=0.02,,bucketed_order_dependent,600,0,0,0.00636193
E9_algebra,k=6;spread=0.05,,bucketed_order_dependent,600,0,0,0.00636193
E9_algebra,k=6;spread=0.1,,bucketed_order_dependent,600,0,0,0.00636193
E9_algebra,k=6;spread=0.2,,bucketed_order_dependent,600,0,0,0.00636193
E9_algebra,k=6;spread=0.4,,bucketed_order_dependent,600,0,0,0.00636193
E9_algebra,k=2;spread=0.0,,has_cycle,600,0,0,0.00636193
E9_algebra,k=2;spread=0.01,,has_cycle,600,0,0,0.00636193
E9_algebra,k=2;spread=0.02,,has_cycle,600,0,0,0.00636193
E9_algebra,k=2;spread=0.05,,has_cycle,600,0,0,0.00636193
E9_algebra,k=2;spread=0.1,,has_cycle,600,0,0,0.00636193
E9_algebra,k=2;spread=0.2,,has_cycle,600,0,0,0.00636193
E9_algebra,k=2;spread=0.4,,has_cycle,600,0,0,0.00636193
E9_algebra,k=3;spread=0.0,,has_cycle,600,0,0,0.00636193
E9_algebra,k=3;spread=0.01,,has_cycle,600,0,0,0.00636193
E9_algebra,k=3;spread=0.02,,has_cycle,600,0.0133333,0.00677127,0.0260877
E9_algebra,k=3;spread=0.05,,has_cycle,600,0.04,0.0270248,0.0588281
E9_algebra,k=3;spread=0.1,,has_cycle,600,0.01,0.00459086,0.0216438
E9_algebra,k=3;spread=0.2,,has_cycle,600,0,0,0.00636193
E9_algebra,k=3;spread=0.4,,has_cycle,600,0,0,0.00636193
E9_algebra,k=4;spread=0.0,,has_cycle,600,0.00333333,0.000914578,0.0120716
E9_algebra,k=4;spread=0.01,,has_cycle,600,0.00666667,0.00259546,0.017015
E9_algebra,k=4;spread=0.02,,has_cycle,600,0.0566667,0.0408314,0.0781428
E9_algebra,k=4;spread=0.05,,has_cycle,600,0.103333,0.0814471,0.130267
E9_algebra,k=4;spread=0.1,,has_cycle,600,0.0433333,0.0297408,0.0627364
E9_algebra,k=4;spread=0.2,,has_cycle,600,0.00333333,0.000914578,0.0120716
E9_algebra,k=4;spread=0.4,,has_cycle,600,0,0,0.00636193
E9_algebra,k=5;spread=0.0,,has_cycle,600,0.0116667,0.00566251,0.0238843
E9_algebra,k=5;spread=0.01,,has_cycle,600,0.0133333,0.00677127,0.0260877
E9_algebra,k=5;spread=0.02,,has_cycle,600,0.141667,0.11604,0.171853
E9_algebra,k=5;spread=0.05,,has_cycle,600,0.19,0.16062,0.223325
E9_algebra,k=5;spread=0.1,,has_cycle,600,0.0633333,0.0464869,0.0857359
E9_algebra,k=5;spread=0.2,,has_cycle,600,0.025,0.0152077,0.0408361
E9_algebra,k=5;spread=0.4,,has_cycle,600,0.00166667,0.000294261,0.0093798
E9_algebra,k=6;spread=0.0,,has_cycle,600,0.0233333,0.013949,0.0387827
E9_algebra,k=6;spread=0.01,,has_cycle,600,0.0383333,0.0256771,0.0568638
E9_algebra,k=6;spread=0.02,,has_cycle,600,0.213333,0.182431,0.247883
E9_algebra,k=6;spread=0.05,,has_cycle,600,0.313333,0.277504,0.351537
E9_algebra,k=6;spread=0.1,,has_cycle,600,0.148333,0.122133,0.179008
E9_algebra,k=6;spread=0.2,,has_cycle,600,0.0483333,0.0338607,0.0685529
E9_algebra,k=6;spread=0.4,,has_cycle,600,0.015,0.00791115,0.0282599
E9_algebra,k=2;spread=0.0,,regret_legacy_first_order,600,0,0,0
E9_algebra,k=2;spread=0.01,,regret_legacy_first_order,600,0.00616618,0.00550389,0.00683755
E9_algebra,k=2;spread=0.02,,regret_legacy_first_order,600,0.00888862,0.0078385,0.00995332
E9_algebra,k=2;spread=0.05,,regret_legacy_first_order,600,0.00644617,0.00537119,0.00747157
E9_algebra,k=2;spread=0.1,,regret_legacy_first_order,600,0.00289358,0.00214462,0.00370682
E9_algebra,k=2;spread=0.2,,regret_legacy_first_order,600,0.00159434,0.00107675,0.00214624
E9_algebra,k=2;spread=0.4,,regret_legacy_first_order,600,0.000999982,0.000556389,0.00150077
E9_algebra,k=3;spread=0.0,,regret_legacy_first_order,600,0,0,0
E9_algebra,k=3;spread=0.01,,regret_legacy_first_order,600,0.00848706,0.00779234,0.00924436
E9_algebra,k=3;spread=0.02,,regret_legacy_first_order,600,0.0133861,0.0121403,0.0145771
E9_algebra,k=3;spread=0.05,,regret_legacy_first_order,600,0.00950952,0.00816169,0.0107741
E9_algebra,k=3;spread=0.1,,regret_legacy_first_order,600,0.0056928,0.00468726,0.00669553
E9_algebra,k=3;spread=0.2,,regret_legacy_first_order,600,0.00286531,0.00217217,0.0036389
E9_algebra,k=3;spread=0.4,,regret_legacy_first_order,600,0.001242,0.000788781,0.00176583
E9_algebra,k=4;spread=0.0,,regret_legacy_first_order,600,0,0,0
E9_algebra,k=4;spread=0.01,,regret_legacy_first_order,600,0.0101991,0.00942414,0.0109607
E9_algebra,k=4;spread=0.02,,regret_legacy_first_order,600,0.0168393,0.0155709,0.0180479
E9_algebra,k=4;spread=0.05,,regret_legacy_first_order,600,0.0111689,0.00982294,0.012617
E9_algebra,k=4;spread=0.1,,regret_legacy_first_order,600,0.00616511,0.00507969,0.00724548
E9_algebra,k=4;spread=0.2,,regret_legacy_first_order,600,0.00352143,0.00270256,0.00438105
E9_algebra,k=4;spread=0.4,,regret_legacy_first_order,600,0.00161284,0.00106121,0.00218397
E9_algebra,k=5;spread=0.0,,regret_legacy_first_order,600,0,0,0
E9_algebra,k=5;spread=0.01,,regret_legacy_first_order,600,0.0114997,0.0107126,0.0122734
E9_algebra,k=5;spread=0.02,,regret_legacy_first_order,600,0.0184628,0.0171261,0.019799
E9_algebra,k=5;spread=0.05,,regret_legacy_first_order,600,0.0123244,0.0109905,0.0138122
E9_algebra,k=5;spread=0.1,,regret_legacy_first_order,600,0.005543,0.00454252,0.00661983
E9_algebra,k=5;spread=0.2,,regret_legacy_first_order,600,0.0037275,0.00284222,0.00463541
E9_algebra,k=5;spread=0.4,,regret_legacy_first_order,600,0.00186017,0.00128797,0.00252228
E9_algebra,k=6;spread=0.0,,regret_legacy_first_order,600,0,0,0
E9_algebra,k=6;spread=0.01,,regret_legacy_first_order,600,0.0125484,0.0116582,0.013388
E9_algebra,k=6;spread=0.02,,regret_legacy_first_order,600,0.0207333,0.0192563,0.0221362
E9_algebra,k=6;spread=0.05,,regret_legacy_first_order,600,0.013499,0.0119702,0.0150168
E9_algebra,k=6;spread=0.1,,regret_legacy_first_order,600,0.00802932,0.0067875,0.00932924
E9_algebra,k=6;spread=0.2,,regret_legacy_first_order,600,0.00373207,0.0029132,0.00457163
E9_algebra,k=6;spread=0.4,,regret_legacy_first_order,600,0.00179164,0.00124592,0.00239726
E9_algebra,k=2;spread=0.0,,regret_exact,600,0,0,0
E9_algebra,k=2;spread=0.01,,regret_exact,600,0,0,0
E9_algebra,k=2;spread=0.02,,regret_exact,600,0,0,0
E9_algebra,k=2;spread=0.05,,regret_exact,600,0,0,0
E9_algebra,k=2;spread=0.1,,regret_exact,600,0,0,0
E9_algebra,k=2;spread=0.2,,regret_exact,600,0,0,0
E9_algebra,k=2;spread=0.4,,regret_exact,600,0,0,0
E9_algebra,k=3;spread=0.0,,regret_exact,600,0,0,0
E9_algebra,k=3;spread=0.01,,regret_exact,600,0,0,0
E9_algebra,k=3;spread=0.02,,regret_exact,600,0,0,0
E9_algebra,k=3;spread=0.05,,regret_exact,600,0,0,0
E9_algebra,k=3;spread=0.1,,regret_exact,600,0,0,0
E9_algebra,k=3;spread=0.2,,regret_exact,600,0,0,0
E9_algebra,k=3;spread=0.4,,regret_exact,600,0,0,0
E9_algebra,k=4;spread=0.0,,regret_exact,600,0,0,0
E9_algebra,k=4;spread=0.01,,regret_exact,600,0,0,0
E9_algebra,k=4;spread=0.02,,regret_exact,600,0,0,0
E9_algebra,k=4;spread=0.05,,regret_exact,600,0,0,0
E9_algebra,k=4;spread=0.1,,regret_exact,600,0,0,0
E9_algebra,k=4;spread=0.2,,regret_exact,600,0,0,0
E9_algebra,k=4;spread=0.4,,regret_exact,600,0,0,0
E9_algebra,k=5;spread=0.0,,regret_exact,600,0,0,0
E9_algebra,k=5;spread=0.01,,regret_exact,600,0,0,0
E9_algebra,k=5;spread=0.02,,regret_exact,600,0,0,0
E9_algebra,k=5;spread=0.05,,regret_exact,600,0,0,0
E9_algebra,k=5;spread=0.1,,regret_exact,600,0,0,0
E9_algebra,k=5;spread=0.2,,regret_exact,600,0,0,0
E9_algebra,k=5;spread=0.4,,regret_exact,600,0,0,0
E9_algebra,k=6;spread=0.0,,regret_exact,600,0,0,0
E9_algebra,k=6;spread=0.01,,regret_exact,600,0,0,0
E9_algebra,k=6;spread=0.02,,regret_exact,600,0,0,0
E9_algebra,k=6;spread=0.05,,regret_exact,600,0,0,0
E9_algebra,k=6;spread=0.1,,regret_exact,600,0,0,0
E9_algebra,k=6;spread=0.2,,regret_exact,600,0,0,0
E9_algebra,k=6;spread=0.4,,regret_exact,600,0,0,0
E9_algebra,k=2;spread=0.0,,regret_bucketed,600,0,0,0
E9_algebra,k=2;spread=0.01,,regret_bucketed,600,0.00169637,0.00140065,0.00201917
E9_algebra,k=2;spread=0.02,,regret_bucketed,600,0.00338172,0.00281681,0.00401169
E9_algebra,k=2;spread=0.05,,regret_bucketed,600,0.00218075,0.00166032,0.00274643
E9_algebra,k=2;spread=0.1,,regret_bucketed,600,0.00123971,0.000795886,0.00168951
E9_algebra,k=2;spread=0.2,,regret_bucketed,600,0.000669547,0.00038503,0.00100001
E9_algebra,k=2;spread=0.4,,regret_bucketed,600,0.000395854,0.000160662,0.000671879
E9_algebra,k=3;spread=0.0,,regret_bucketed,600,0,0,0
E9_algebra,k=3;spread=0.01,,regret_bucketed,600,0.00256675,0.00220164,0.00294281
E9_algebra,k=3;spread=0.02,,regret_bucketed,600,0.00454018,0.00384289,0.00526359
E9_algebra,k=3;spread=0.05,,regret_bucketed,600,0.00302515,0.00241411,0.00362272
E9_algebra,k=3;spread=0.1,,regret_bucketed,600,0.00179831,0.00129329,0.00230922
E9_algebra,k=3;spread=0.2,,regret_bucketed,600,0.000954113,0.000589102,0.00137078
E9_algebra,k=3;spread=0.4,,regret_bucketed,600,0.000487637,0.000242854,0.000791816
E9_algebra,k=4;spread=0.0,,regret_bucketed,600,0,0,0
E9_algebra,k=4;spread=0.01,,regret_bucketed,600,0.00361155,0.00320497,0.00406447
E9_algebra,k=4;spread=0.02,,regret_bucketed,600,0.00599336,0.00522791,0.00671865
E9_algebra,k=4;spread=0.05,,regret_bucketed,600,0.00416854,0.00338135,0.00495076
E9_algebra,k=4;spread=0.1,,regret_bucketed,600,0.00236972,0.00178589,0.00300189
E9_algebra,k=4;spread=0.2,,regret_bucketed,600,0.00126582,0.000857076,0.00172444
E9_algebra,k=4;spread=0.4,,regret_bucketed,600,0.000324517,0.00013041,0.00057279
E9_algebra,k=5;spread=0.0,,regret_bucketed,600,0,0,0
E9_algebra,k=5;spread=0.01,,regret_bucketed,600,0.00427411,0.00383574,0.00474848
E9_algebra,k=5;spread=0.02,,regret_bucketed,600,0.00816339,0.00730435,0.00906338
E9_algebra,k=5;spread=0.05,,regret_bucketed,600,0.00434008,0.00358186,0.00509594
E9_algebra,k=5;spread=0.1,,regret_bucketed,600,0.00147547,0.00105724,0.00192836
E9_algebra,k=5;spread=0.2,,regret_bucketed,600,0.0014092,0.000957912,0.00191678
E9_algebra,k=5;spread=0.4,,regret_bucketed,600,0.000532619,0.000261492,0.000844534
E9_algebra,k=6;spread=0.0,,regret_bucketed,600,0,0,0
E9_algebra,k=6;spread=0.01,,regret_bucketed,600,0.00501064,0.00449937,0.00548674
E9_algebra,k=6;spread=0.02,,regret_bucketed,600,0.00898167,0.0080877,0.00987298
E9_algebra,k=6;spread=0.05,,regret_bucketed,600,0.00488722,0.00412565,0.00568968
E9_algebra,k=6;spread=0.1,,regret_bucketed,600,0.00237199,0.00179701,0.0030028
E9_algebra,k=6;spread=0.2,,regret_bucketed,600,0.00135,0.000919238,0.00180637
E9_algebra,k=6;spread=0.4,,regret_bucketed,600,0.000514756,0.000256028,0.000794388
E10_root_cause,gap=2.0;restart=False,legacy/always/direct,conv_all,60,1,0.939826,1
E10_root_cause,gap=2.0;restart=False,legacy/always/direct+clock,conv_all,60,1,0.939826,1
E10_root_cause,gap=2.0;restart=False,legacy/always/direct+resolver,conv_all,60,1,0.939826,1
E10_root_cause,gap=2.0;restart=False,legacy/always/direct+resolver+clock,conv_all,60,1,0.939826,1
E10_root_cause,gap=2.0;restart=False,legacy/always/direct+resolver+window,conv_all,60,1,0.939826,1
E10_root_cause,gap=2.0;restart=False,legacy/always/direct+resolver+window+clock,conv_all,60,1,0.939826,1
E10_root_cause,gap=2.0;restart=False,legacy/always/direct+window,conv_all,60,1,0.939826,1
E10_root_cause,gap=2.0;restart=False,legacy/always/direct+window+clock,conv_all,60,1,0.939826,1
E10_root_cause,gap=2.0;restart=False,legacy/always/relay,conv_all,60,1,0.939826,1
E10_root_cause,gap=2.0;restart=False,legacy/always/relay+clock,conv_all,60,1,0.939826,1
E10_root_cause,gap=2.0;restart=False,legacy/always/relay+resolver,conv_all,60,1,0.939826,1
E10_root_cause,gap=2.0;restart=False,legacy/always/relay+resolver+clock,conv_all,60,1,0.939826,1
E10_root_cause,gap=2.0;restart=False,legacy/always/relay+resolver+window,conv_all,60,1,0.939826,1
E10_root_cause,gap=2.0;restart=False,legacy/always/relay+resolver+window+clock,conv_all,60,1,0.939826,1
E10_root_cause,gap=2.0;restart=False,legacy/always/relay+window,conv_all,60,1,0.939826,1
E10_root_cause,gap=2.0;restart=False,legacy/always/relay+window+clock,conv_all,60,1,0.939826,1
E10_root_cause,gap=2.0;restart=False,legacy/reconcile/direct,conv_all,60,0,0,0.0601739
E10_root_cause,gap=2.0;restart=False,legacy/reconcile/direct+clock,conv_all,60,0,0,0.0601739
E10_root_cause,gap=2.0;restart=False,legacy/reconcile/direct+resolver,conv_all,60,0,0,0.0601739
E10_root_cause,gap=2.0;restart=False,legacy/reconcile/direct+resolver+clock,conv_all,60,0,0,0.0601739
E10_root_cause,gap=2.0;restart=False,legacy/reconcile/direct+resolver+window,conv_all,60,0,0,0.0601739
E10_root_cause,gap=2.0;restart=False,legacy/reconcile/direct+resolver+window+clock,conv_all,60,0.866667,0.758346,0.93086
E10_root_cause,gap=2.0;restart=False,legacy/reconcile/direct+window,conv_all,60,0,0,0.0601739
E10_root_cause,gap=2.0;restart=False,legacy/reconcile/direct+window+clock,conv_all,60,0.866667,0.758346,0.93086
E10_root_cause,gap=2.0;restart=False,legacy/reconcile/relay,conv_all,60,0.05,0.0171492,0.137007
E10_root_cause,gap=2.0;restart=False,legacy/reconcile/relay+clock,conv_all,60,0.05,0.0171492,0.137007
E10_root_cause,gap=2.0;restart=False,legacy/reconcile/relay+resolver,conv_all,60,0.05,0.0171492,0.137007
E10_root_cause,gap=2.0;restart=False,legacy/reconcile/relay+resolver+clock,conv_all,60,0.05,0.0171492,0.137007
E10_root_cause,gap=2.0;restart=False,legacy/reconcile/relay+resolver+window,conv_all,60,1,0.939826,1
E10_root_cause,gap=2.0;restart=False,legacy/reconcile/relay+resolver+window+clock,conv_all,60,1,0.939826,1
E10_root_cause,gap=2.0;restart=False,legacy/reconcile/relay+window,conv_all,60,1,0.939826,1
E10_root_cause,gap=2.0;restart=False,legacy/reconcile/relay+window+clock,conv_all,60,1,0.939826,1
E10_root_cause,gap=2.0;restart=True,legacy/always/direct,conv_all,60,1,0.939826,1
E10_root_cause,gap=2.0;restart=True,legacy/always/direct+clock,conv_all,60,1,0.939826,1
E10_root_cause,gap=2.0;restart=True,legacy/always/direct+resolver,conv_all,60,1,0.939826,1
E10_root_cause,gap=2.0;restart=True,legacy/always/direct+resolver+clock,conv_all,60,1,0.939826,1
E10_root_cause,gap=2.0;restart=True,legacy/always/direct+resolver+window,conv_all,60,1,0.939826,1
E10_root_cause,gap=2.0;restart=True,legacy/always/direct+resolver+window+clock,conv_all,60,1,0.939826,1
E10_root_cause,gap=2.0;restart=True,legacy/always/direct+window,conv_all,60,1,0.939826,1
E10_root_cause,gap=2.0;restart=True,legacy/always/direct+window+clock,conv_all,60,1,0.939826,1
E10_root_cause,gap=2.0;restart=True,legacy/always/relay,conv_all,60,1,0.939826,1
E10_root_cause,gap=2.0;restart=True,legacy/always/relay+clock,conv_all,60,1,0.939826,1
E10_root_cause,gap=2.0;restart=True,legacy/always/relay+resolver,conv_all,60,1,0.939826,1
E10_root_cause,gap=2.0;restart=True,legacy/always/relay+resolver+clock,conv_all,60,1,0.939826,1
E10_root_cause,gap=2.0;restart=True,legacy/always/relay+resolver+window,conv_all,60,1,0.939826,1
E10_root_cause,gap=2.0;restart=True,legacy/always/relay+resolver+window+clock,conv_all,60,1,0.939826,1
E10_root_cause,gap=2.0;restart=True,legacy/always/relay+window,conv_all,60,1,0.939826,1
E10_root_cause,gap=2.0;restart=True,legacy/always/relay+window+clock,conv_all,60,1,0.939826,1
E10_root_cause,gap=2.0;restart=True,legacy/reconcile/direct,conv_all,60,0,0,0.0601739
E10_root_cause,gap=2.0;restart=True,legacy/reconcile/direct+clock,conv_all,60,0,0,0.0601739
E10_root_cause,gap=2.0;restart=True,legacy/reconcile/direct+resolver,conv_all,60,0,0,0.0601739
E10_root_cause,gap=2.0;restart=True,legacy/reconcile/direct+resolver+clock,conv_all,60,0,0,0.0601739
E10_root_cause,gap=2.0;restart=True,legacy/reconcile/direct+resolver+window,conv_all,60,0,0,0.0601739
E10_root_cause,gap=2.0;restart=True,legacy/reconcile/direct+resolver+window+clock,conv_all,60,0.8,0.68218,0.881716
E10_root_cause,gap=2.0;restart=True,legacy/reconcile/direct+window,conv_all,60,0,0,0.0601739
E10_root_cause,gap=2.0;restart=True,legacy/reconcile/direct+window+clock,conv_all,60,0.8,0.68218,0.881716
E10_root_cause,gap=2.0;restart=True,legacy/reconcile/relay,conv_all,60,0.05,0.0171492,0.137007
E10_root_cause,gap=2.0;restart=True,legacy/reconcile/relay+clock,conv_all,60,0.05,0.0171492,0.137007
E10_root_cause,gap=2.0;restart=True,legacy/reconcile/relay+resolver,conv_all,60,0.05,0.0171492,0.137007
E10_root_cause,gap=2.0;restart=True,legacy/reconcile/relay+resolver+clock,conv_all,60,0.05,0.0171492,0.137007
E10_root_cause,gap=2.0;restart=True,legacy/reconcile/relay+resolver+window,conv_all,60,1,0.939826,1
E10_root_cause,gap=2.0;restart=True,legacy/reconcile/relay+resolver+window+clock,conv_all,60,1,0.939826,1
E10_root_cause,gap=2.0;restart=True,legacy/reconcile/relay+window,conv_all,60,1,0.939826,1
E10_root_cause,gap=2.0;restart=True,legacy/reconcile/relay+window+clock,conv_all,60,1,0.939826,1
E10_root_cause,gap=8.0;restart=False,legacy/always/direct,conv_all,60,1,0.939826,1
E10_root_cause,gap=8.0;restart=False,legacy/always/direct+clock,conv_all,60,1,0.939826,1
E10_root_cause,gap=8.0;restart=False,legacy/always/direct+resolver,conv_all,60,1,0.939826,1
E10_root_cause,gap=8.0;restart=False,legacy/always/direct+resolver+clock,conv_all,60,1,0.939826,1
E10_root_cause,gap=8.0;restart=False,legacy/always/direct+resolver+window,conv_all,60,1,0.939826,1
E10_root_cause,gap=8.0;restart=False,legacy/always/direct+resolver+window+clock,conv_all,60,1,0.939826,1
E10_root_cause,gap=8.0;restart=False,legacy/always/direct+window,conv_all,60,1,0.939826,1
E10_root_cause,gap=8.0;restart=False,legacy/always/direct+window+clock,conv_all,60,1,0.939826,1
E10_root_cause,gap=8.0;restart=False,legacy/always/relay,conv_all,60,1,0.939826,1
E10_root_cause,gap=8.0;restart=False,legacy/always/relay+clock,conv_all,60,1,0.939826,1
E10_root_cause,gap=8.0;restart=False,legacy/always/relay+resolver,conv_all,60,1,0.939826,1
E10_root_cause,gap=8.0;restart=False,legacy/always/relay+resolver+clock,conv_all,60,1,0.939826,1
E10_root_cause,gap=8.0;restart=False,legacy/always/relay+resolver+window,conv_all,60,1,0.939826,1
E10_root_cause,gap=8.0;restart=False,legacy/always/relay+resolver+window+clock,conv_all,60,1,0.939826,1
E10_root_cause,gap=8.0;restart=False,legacy/always/relay+window,conv_all,60,1,0.939826,1
E10_root_cause,gap=8.0;restart=False,legacy/always/relay+window+clock,conv_all,60,1,0.939826,1
E10_root_cause,gap=8.0;restart=False,legacy/reconcile/direct,conv_all,60,0,0,0.0601739
E10_root_cause,gap=8.0;restart=False,legacy/reconcile/direct+clock,conv_all,60,0,0,0.0601739
E10_root_cause,gap=8.0;restart=False,legacy/reconcile/direct+resolver,conv_all,60,0,0,0.0601739
E10_root_cause,gap=8.0;restart=False,legacy/reconcile/direct+resolver+clock,conv_all,60,0,0,0.0601739
E10_root_cause,gap=8.0;restart=False,legacy/reconcile/direct+resolver+window,conv_all,60,0,0,0.0601739
E10_root_cause,gap=8.0;restart=False,legacy/reconcile/direct+resolver+window+clock,conv_all,60,0.866667,0.758346,0.93086
E10_root_cause,gap=8.0;restart=False,legacy/reconcile/direct+window,conv_all,60,0,0,0.0601739
E10_root_cause,gap=8.0;restart=False,legacy/reconcile/direct+window+clock,conv_all,60,0.866667,0.758346,0.93086
E10_root_cause,gap=8.0;restart=False,legacy/reconcile/relay,conv_all,60,0.0166667,0.00294808,0.0885534
E10_root_cause,gap=8.0;restart=False,legacy/reconcile/relay+clock,conv_all,60,0.0166667,0.00294808,0.0885534
E10_root_cause,gap=8.0;restart=False,legacy/reconcile/relay+resolver,conv_all,60,0.0166667,0.00294808,0.0885534
E10_root_cause,gap=8.0;restart=False,legacy/reconcile/relay+resolver+clock,conv_all,60,0.0166667,0.00294808,0.0885534
E10_root_cause,gap=8.0;restart=False,legacy/reconcile/relay+resolver+window,conv_all,60,1,0.939826,1
E10_root_cause,gap=8.0;restart=False,legacy/reconcile/relay+resolver+window+clock,conv_all,60,1,0.939826,1
E10_root_cause,gap=8.0;restart=False,legacy/reconcile/relay+window,conv_all,60,1,0.939826,1
E10_root_cause,gap=8.0;restart=False,legacy/reconcile/relay+window+clock,conv_all,60,1,0.939826,1
E10_root_cause,gap=8.0;restart=True,legacy/always/direct,conv_all,60,1,0.939826,1
E10_root_cause,gap=8.0;restart=True,legacy/always/direct+clock,conv_all,60,1,0.939826,1
E10_root_cause,gap=8.0;restart=True,legacy/always/direct+resolver,conv_all,60,1,0.939826,1
E10_root_cause,gap=8.0;restart=True,legacy/always/direct+resolver+clock,conv_all,60,1,0.939826,1
E10_root_cause,gap=8.0;restart=True,legacy/always/direct+resolver+window,conv_all,60,1,0.939826,1
E10_root_cause,gap=8.0;restart=True,legacy/always/direct+resolver+window+clock,conv_all,60,1,0.939826,1
E10_root_cause,gap=8.0;restart=True,legacy/always/direct+window,conv_all,60,1,0.939826,1
E10_root_cause,gap=8.0;restart=True,legacy/always/direct+window+clock,conv_all,60,1,0.939826,1
E10_root_cause,gap=8.0;restart=True,legacy/always/relay,conv_all,60,1,0.939826,1
E10_root_cause,gap=8.0;restart=True,legacy/always/relay+clock,conv_all,60,1,0.939826,1
E10_root_cause,gap=8.0;restart=True,legacy/always/relay+resolver,conv_all,60,1,0.939826,1
E10_root_cause,gap=8.0;restart=True,legacy/always/relay+resolver+clock,conv_all,60,1,0.939826,1
E10_root_cause,gap=8.0;restart=True,legacy/always/relay+resolver+window,conv_all,60,1,0.939826,1
E10_root_cause,gap=8.0;restart=True,legacy/always/relay+resolver+window+clock,conv_all,60,1,0.939826,1
E10_root_cause,gap=8.0;restart=True,legacy/always/relay+window,conv_all,60,1,0.939826,1
E10_root_cause,gap=8.0;restart=True,legacy/always/relay+window+clock,conv_all,60,1,0.939826,1
E10_root_cause,gap=8.0;restart=True,legacy/reconcile/direct,conv_all,60,0,0,0.0601739
E10_root_cause,gap=8.0;restart=True,legacy/reconcile/direct+clock,conv_all,60,0,0,0.0601739
E10_root_cause,gap=8.0;restart=True,legacy/reconcile/direct+resolver,conv_all,60,0,0,0.0601739
E10_root_cause,gap=8.0;restart=True,legacy/reconcile/direct+resolver+clock,conv_all,60,0,0,0.0601739
E10_root_cause,gap=8.0;restart=True,legacy/reconcile/direct+resolver+window,conv_all,60,0,0,0.0601739
E10_root_cause,gap=8.0;restart=True,legacy/reconcile/direct+resolver+window+clock,conv_all,60,0.866667,0.758346,0.93086
E10_root_cause,gap=8.0;restart=True,legacy/reconcile/direct+window,conv_all,60,0,0,0.0601739
E10_root_cause,gap=8.0;restart=True,legacy/reconcile/direct+window+clock,conv_all,60,0.866667,0.758346,0.93086
E10_root_cause,gap=8.0;restart=True,legacy/reconcile/relay,conv_all,60,0.0166667,0.00294808,0.0885534
E10_root_cause,gap=8.0;restart=True,legacy/reconcile/relay+clock,conv_all,60,0.0166667,0.00294808,0.0885534
E10_root_cause,gap=8.0;restart=True,legacy/reconcile/relay+resolver,conv_all,60,0.0166667,0.00294808,0.0885534
E10_root_cause,gap=8.0;restart=True,legacy/reconcile/relay+resolver+clock,conv_all,60,0.0166667,0.00294808,0.0885534
E10_root_cause,gap=8.0;restart=True,legacy/reconcile/relay+resolver+window,conv_all,60,1,0.939826,1
E10_root_cause,gap=8.0;restart=True,legacy/reconcile/relay+resolver+window+clock,conv_all,60,1,0.939826,1
E10_root_cause,gap=8.0;restart=True,legacy/reconcile/relay+window,conv_all,60,1,0.939826,1
E10_root_cause,gap=8.0;restart=True,legacy/reconcile/relay+window+clock,conv_all,60,1,0.939826,1
E10_root_cause,gap=2.0;restart=False,legacy/always/direct,conv_own,60,1,0.939826,1
E10_root_cause,gap=2.0;restart=False,legacy/always/direct+clock,conv_own,60,1,0.939826,1
E10_root_cause,gap=2.0;restart=False,legacy/always/direct+resolver,conv_own,60,1,0.939826,1
E10_root_cause,gap=2.0;restart=False,legacy/always/direct+resolver+clock,conv_own,60,1,0.939826,1
E10_root_cause,gap=2.0;restart=False,legacy/always/direct+resolver+window,conv_own,60,1,0.939826,1
E10_root_cause,gap=2.0;restart=False,legacy/always/direct+resolver+window+clock,conv_own,60,1,0.939826,1
E10_root_cause,gap=2.0;restart=False,legacy/always/direct+window,conv_own,60,1,0.939826,1
E10_root_cause,gap=2.0;restart=False,legacy/always/direct+window+clock,conv_own,60,1,0.939826,1
E10_root_cause,gap=2.0;restart=False,legacy/always/relay,conv_own,60,1,0.939826,1
E10_root_cause,gap=2.0;restart=False,legacy/always/relay+clock,conv_own,60,1,0.939826,1
E10_root_cause,gap=2.0;restart=False,legacy/always/relay+resolver,conv_own,60,1,0.939826,1
E10_root_cause,gap=2.0;restart=False,legacy/always/relay+resolver+clock,conv_own,60,1,0.939826,1
E10_root_cause,gap=2.0;restart=False,legacy/always/relay+resolver+window,conv_own,60,1,0.939826,1
E10_root_cause,gap=2.0;restart=False,legacy/always/relay+resolver+window+clock,conv_own,60,1,0.939826,1
E10_root_cause,gap=2.0;restart=False,legacy/always/relay+window,conv_own,60,1,0.939826,1
E10_root_cause,gap=2.0;restart=False,legacy/always/relay+window+clock,conv_own,60,1,0.939826,1
E10_root_cause,gap=2.0;restart=False,legacy/reconcile/direct,conv_own,60,0,0,0.0601739
E10_root_cause,gap=2.0;restart=False,legacy/reconcile/direct+clock,conv_own,60,0,0,0.0601739
E10_root_cause,gap=2.0;restart=False,legacy/reconcile/direct+resolver,conv_own,60,0,0,0.0601739
E10_root_cause,gap=2.0;restart=False,legacy/reconcile/direct+resolver+clock,conv_own,60,0,0,0.0601739
E10_root_cause,gap=2.0;restart=False,legacy/reconcile/direct+resolver+window,conv_own,60,0,0,0.0601739
E10_root_cause,gap=2.0;restart=False,legacy/reconcile/direct+resolver+window+clock,conv_own,60,0.866667,0.758346,0.93086
E10_root_cause,gap=2.0;restart=False,legacy/reconcile/direct+window,conv_own,60,0,0,0.0601739
E10_root_cause,gap=2.0;restart=False,legacy/reconcile/direct+window+clock,conv_own,60,0.866667,0.758346,0.93086
E10_root_cause,gap=2.0;restart=False,legacy/reconcile/relay,conv_own,60,0.05,0.0171492,0.137007
E10_root_cause,gap=2.0;restart=False,legacy/reconcile/relay+clock,conv_own,60,0.05,0.0171492,0.137007
E10_root_cause,gap=2.0;restart=False,legacy/reconcile/relay+resolver,conv_own,60,0.05,0.0171492,0.137007
E10_root_cause,gap=2.0;restart=False,legacy/reconcile/relay+resolver+clock,conv_own,60,0.05,0.0171492,0.137007
E10_root_cause,gap=2.0;restart=False,legacy/reconcile/relay+resolver+window,conv_own,60,1,0.939826,1
E10_root_cause,gap=2.0;restart=False,legacy/reconcile/relay+resolver+window+clock,conv_own,60,1,0.939826,1
E10_root_cause,gap=2.0;restart=False,legacy/reconcile/relay+window,conv_own,60,1,0.939826,1
E10_root_cause,gap=2.0;restart=False,legacy/reconcile/relay+window+clock,conv_own,60,1,0.939826,1
E10_root_cause,gap=2.0;restart=True,legacy/always/direct,conv_own,60,1,0.939826,1
E10_root_cause,gap=2.0;restart=True,legacy/always/direct+clock,conv_own,60,1,0.939826,1
E10_root_cause,gap=2.0;restart=True,legacy/always/direct+resolver,conv_own,60,1,0.939826,1
E10_root_cause,gap=2.0;restart=True,legacy/always/direct+resolver+clock,conv_own,60,1,0.939826,1
E10_root_cause,gap=2.0;restart=True,legacy/always/direct+resolver+window,conv_own,60,1,0.939826,1
E10_root_cause,gap=2.0;restart=True,legacy/always/direct+resolver+window+clock,conv_own,60,1,0.939826,1
E10_root_cause,gap=2.0;restart=True,legacy/always/direct+window,conv_own,60,1,0.939826,1
E10_root_cause,gap=2.0;restart=True,legacy/always/direct+window+clock,conv_own,60,1,0.939826,1
E10_root_cause,gap=2.0;restart=True,legacy/always/relay,conv_own,60,1,0.939826,1
E10_root_cause,gap=2.0;restart=True,legacy/always/relay+clock,conv_own,60,1,0.939826,1
E10_root_cause,gap=2.0;restart=True,legacy/always/relay+resolver,conv_own,60,1,0.939826,1
E10_root_cause,gap=2.0;restart=True,legacy/always/relay+resolver+clock,conv_own,60,1,0.939826,1
E10_root_cause,gap=2.0;restart=True,legacy/always/relay+resolver+window,conv_own,60,1,0.939826,1
E10_root_cause,gap=2.0;restart=True,legacy/always/relay+resolver+window+clock,conv_own,60,1,0.939826,1
E10_root_cause,gap=2.0;restart=True,legacy/always/relay+window,conv_own,60,1,0.939826,1
E10_root_cause,gap=2.0;restart=True,legacy/always/relay+window+clock,conv_own,60,1,0.939826,1
E10_root_cause,gap=2.0;restart=True,legacy/reconcile/direct,conv_own,60,0,0,0.0601739
E10_root_cause,gap=2.0;restart=True,legacy/reconcile/direct+clock,conv_own,60,0,0,0.0601739
E10_root_cause,gap=2.0;restart=True,legacy/reconcile/direct+resolver,conv_own,60,0,0,0.0601739
E10_root_cause,gap=2.0;restart=True,legacy/reconcile/direct+resolver+clock,conv_own,60,0,0,0.0601739
E10_root_cause,gap=2.0;restart=True,legacy/reconcile/direct+resolver+window,conv_own,60,0,0,0.0601739
E10_root_cause,gap=2.0;restart=True,legacy/reconcile/direct+resolver+window+clock,conv_own,60,0.8,0.68218,0.881716
E10_root_cause,gap=2.0;restart=True,legacy/reconcile/direct+window,conv_own,60,0,0,0.0601739
E10_root_cause,gap=2.0;restart=True,legacy/reconcile/direct+window+clock,conv_own,60,0.8,0.68218,0.881716
E10_root_cause,gap=2.0;restart=True,legacy/reconcile/relay,conv_own,60,0.05,0.0171492,0.137007
E10_root_cause,gap=2.0;restart=True,legacy/reconcile/relay+clock,conv_own,60,0.05,0.0171492,0.137007
E10_root_cause,gap=2.0;restart=True,legacy/reconcile/relay+resolver,conv_own,60,0.05,0.0171492,0.137007
E10_root_cause,gap=2.0;restart=True,legacy/reconcile/relay+resolver+clock,conv_own,60,0.05,0.0171492,0.137007
E10_root_cause,gap=2.0;restart=True,legacy/reconcile/relay+resolver+window,conv_own,60,1,0.939826,1
E10_root_cause,gap=2.0;restart=True,legacy/reconcile/relay+resolver+window+clock,conv_own,60,1,0.939826,1
E10_root_cause,gap=2.0;restart=True,legacy/reconcile/relay+window,conv_own,60,1,0.939826,1
E10_root_cause,gap=2.0;restart=True,legacy/reconcile/relay+window+clock,conv_own,60,1,0.939826,1
E10_root_cause,gap=8.0;restart=False,legacy/always/direct,conv_own,60,1,0.939826,1
E10_root_cause,gap=8.0;restart=False,legacy/always/direct+clock,conv_own,60,1,0.939826,1
E10_root_cause,gap=8.0;restart=False,legacy/always/direct+resolver,conv_own,60,1,0.939826,1
E10_root_cause,gap=8.0;restart=False,legacy/always/direct+resolver+clock,conv_own,60,1,0.939826,1
E10_root_cause,gap=8.0;restart=False,legacy/always/direct+resolver+window,conv_own,60,1,0.939826,1
E10_root_cause,gap=8.0;restart=False,legacy/always/direct+resolver+window+clock,conv_own,60,1,0.939826,1
E10_root_cause,gap=8.0;restart=False,legacy/always/direct+window,conv_own,60,1,0.939826,1
E10_root_cause,gap=8.0;restart=False,legacy/always/direct+window+clock,conv_own,60,1,0.939826,1
E10_root_cause,gap=8.0;restart=False,legacy/always/relay,conv_own,60,1,0.939826,1
E10_root_cause,gap=8.0;restart=False,legacy/always/relay+clock,conv_own,60,1,0.939826,1
E10_root_cause,gap=8.0;restart=False,legacy/always/relay+resolver,conv_own,60,1,0.939826,1
E10_root_cause,gap=8.0;restart=False,legacy/always/relay+resolver+clock,conv_own,60,1,0.939826,1
E10_root_cause,gap=8.0;restart=False,legacy/always/relay+resolver+window,conv_own,60,1,0.939826,1
E10_root_cause,gap=8.0;restart=False,legacy/always/relay+resolver+window+clock,conv_own,60,1,0.939826,1
E10_root_cause,gap=8.0;restart=False,legacy/always/relay+window,conv_own,60,1,0.939826,1
E10_root_cause,gap=8.0;restart=False,legacy/always/relay+window+clock,conv_own,60,1,0.939826,1
E10_root_cause,gap=8.0;restart=False,legacy/reconcile/direct,conv_own,60,0,0,0.0601739
E10_root_cause,gap=8.0;restart=False,legacy/reconcile/direct+clock,conv_own,60,0,0,0.0601739
E10_root_cause,gap=8.0;restart=False,legacy/reconcile/direct+resolver,conv_own,60,0,0,0.0601739
E10_root_cause,gap=8.0;restart=False,legacy/reconcile/direct+resolver+clock,conv_own,60,0,0,0.0601739
E10_root_cause,gap=8.0;restart=False,legacy/reconcile/direct+resolver+window,conv_own,60,0,0,0.0601739
E10_root_cause,gap=8.0;restart=False,legacy/reconcile/direct+resolver+window+clock,conv_own,60,0.866667,0.758346,0.93086
E10_root_cause,gap=8.0;restart=False,legacy/reconcile/direct+window,conv_own,60,0,0,0.0601739
E10_root_cause,gap=8.0;restart=False,legacy/reconcile/direct+window+clock,conv_own,60,0.866667,0.758346,0.93086
E10_root_cause,gap=8.0;restart=False,legacy/reconcile/relay,conv_own,60,0.0166667,0.00294808,0.0885534
E10_root_cause,gap=8.0;restart=False,legacy/reconcile/relay+clock,conv_own,60,0.0166667,0.00294808,0.0885534
E10_root_cause,gap=8.0;restart=False,legacy/reconcile/relay+resolver,conv_own,60,0.0166667,0.00294808,0.0885534
E10_root_cause,gap=8.0;restart=False,legacy/reconcile/relay+resolver+clock,conv_own,60,0.0166667,0.00294808,0.0885534
E10_root_cause,gap=8.0;restart=False,legacy/reconcile/relay+resolver+window,conv_own,60,1,0.939826,1
E10_root_cause,gap=8.0;restart=False,legacy/reconcile/relay+resolver+window+clock,conv_own,60,1,0.939826,1
E10_root_cause,gap=8.0;restart=False,legacy/reconcile/relay+window,conv_own,60,1,0.939826,1
E10_root_cause,gap=8.0;restart=False,legacy/reconcile/relay+window+clock,conv_own,60,1,0.939826,1
E10_root_cause,gap=8.0;restart=True,legacy/always/direct,conv_own,60,1,0.939826,1
E10_root_cause,gap=8.0;restart=True,legacy/always/direct+clock,conv_own,60,1,0.939826,1
E10_root_cause,gap=8.0;restart=True,legacy/always/direct+resolver,conv_own,60,1,0.939826,1
E10_root_cause,gap=8.0;restart=True,legacy/always/direct+resolver+clock,conv_own,60,1,0.939826,1
E10_root_cause,gap=8.0;restart=True,legacy/always/direct+resolver+window,conv_own,60,1,0.939826,1
E10_root_cause,gap=8.0;restart=True,legacy/always/direct+resolver+window+clock,conv_own,60,1,0.939826,1
E10_root_cause,gap=8.0;restart=True,legacy/always/direct+window,conv_own,60,1,0.939826,1
E10_root_cause,gap=8.0;restart=True,legacy/always/direct+window+clock,conv_own,60,1,0.939826,1
E10_root_cause,gap=8.0;restart=True,legacy/always/relay,conv_own,60,1,0.939826,1
E10_root_cause,gap=8.0;restart=True,legacy/always/relay+clock,conv_own,60,1,0.939826,1
E10_root_cause,gap=8.0;restart=True,legacy/always/relay+resolver,conv_own,60,1,0.939826,1
E10_root_cause,gap=8.0;restart=True,legacy/always/relay+resolver+clock,conv_own,60,1,0.939826,1
E10_root_cause,gap=8.0;restart=True,legacy/always/relay+resolver+window,conv_own,60,1,0.939826,1
E10_root_cause,gap=8.0;restart=True,legacy/always/relay+resolver+window+clock,conv_own,60,1,0.939826,1
E10_root_cause,gap=8.0;restart=True,legacy/always/relay+window,conv_own,60,1,0.939826,1
E10_root_cause,gap=8.0;restart=True,legacy/always/relay+window+clock,conv_own,60,1,0.939826,1
E10_root_cause,gap=8.0;restart=True,legacy/reconcile/direct,conv_own,60,0,0,0.0601739
E10_root_cause,gap=8.0;restart=True,legacy/reconcile/direct+clock,conv_own,60,0,0,0.0601739
E10_root_cause,gap=8.0;restart=True,legacy/reconcile/direct+resolver,conv_own,60,0,0,0.0601739
E10_root_cause,gap=8.0;restart=True,legacy/reconcile/direct+resolver+clock,conv_own,60,0,0,0.0601739
E10_root_cause,gap=8.0;restart=True,legacy/reconcile/direct+resolver+window,conv_own,60,0,0,0.0601739
E10_root_cause,gap=8.0;restart=True,legacy/reconcile/direct+resolver+window+clock,conv_own,60,0.866667,0.758346,0.93086
E10_root_cause,gap=8.0;restart=True,legacy/reconcile/direct+window,conv_own,60,0,0,0.0601739
E10_root_cause,gap=8.0;restart=True,legacy/reconcile/direct+window+clock,conv_own,60,0.866667,0.758346,0.93086
E10_root_cause,gap=8.0;restart=True,legacy/reconcile/relay,conv_own,60,0.0166667,0.00294808,0.0885534
E10_root_cause,gap=8.0;restart=True,legacy/reconcile/relay+clock,conv_own,60,0.0166667,0.00294808,0.0885534
E10_root_cause,gap=8.0;restart=True,legacy/reconcile/relay+resolver,conv_own,60,0.0166667,0.00294808,0.0885534
E10_root_cause,gap=8.0;restart=True,legacy/reconcile/relay+resolver+clock,conv_own,60,0.0166667,0.00294808,0.0885534
E10_root_cause,gap=8.0;restart=True,legacy/reconcile/relay+resolver+window,conv_own,60,1,0.939826,1
E10_root_cause,gap=8.0;restart=True,legacy/reconcile/relay+resolver+window+clock,conv_own,60,1,0.939826,1
E10_root_cause,gap=8.0;restart=True,legacy/reconcile/relay+window,conv_own,60,1,0.939826,1
E10_root_cause,gap=8.0;restart=True,legacy/reconcile/relay+window+clock,conv_own,60,1,0.939826,1
E10_root_cause,gap=2.0;restart=False,legacy/always/direct,chain_stale,60,0,0,0
E10_root_cause,gap=2.0;restart=False,legacy/always/direct+clock,chain_stale,60,0,0,0
E10_root_cause,gap=2.0;restart=False,legacy/always/direct+resolver,chain_stale,60,0,0,0
E10_root_cause,gap=2.0;restart=False,legacy/always/direct+resolver+clock,chain_stale,60,0,0,0
E10_root_cause,gap=2.0;restart=False,legacy/always/direct+resolver+window,chain_stale,60,0,0,0
E10_root_cause,gap=2.0;restart=False,legacy/always/direct+resolver+window+clock,chain_stale,60,0,0,0
E10_root_cause,gap=2.0;restart=False,legacy/always/direct+window,chain_stale,60,0,0,0
E10_root_cause,gap=2.0;restart=False,legacy/always/direct+window+clock,chain_stale,60,0,0,0
E10_root_cause,gap=2.0;restart=False,legacy/always/relay,chain_stale,60,0,0,0
E10_root_cause,gap=2.0;restart=False,legacy/always/relay+clock,chain_stale,60,0,0,0
E10_root_cause,gap=2.0;restart=False,legacy/always/relay+resolver,chain_stale,60,0,0,0
E10_root_cause,gap=2.0;restart=False,legacy/always/relay+resolver+clock,chain_stale,60,0,0,0
E10_root_cause,gap=2.0;restart=False,legacy/always/relay+resolver+window,chain_stale,60,0,0,0
E10_root_cause,gap=2.0;restart=False,legacy/always/relay+resolver+window+clock,chain_stale,60,0,0,0
E10_root_cause,gap=2.0;restart=False,legacy/always/relay+window,chain_stale,60,0,0,0
E10_root_cause,gap=2.0;restart=False,legacy/always/relay+window+clock,chain_stale,60,0,0,0
E10_root_cause,gap=2.0;restart=False,legacy/reconcile/direct,chain_stale,60,0.359722,0.313533,0.406606
E10_root_cause,gap=2.0;restart=False,legacy/reconcile/direct+clock,chain_stale,60,0.357986,0.309028,0.407639
E10_root_cause,gap=2.0;restart=False,legacy/reconcile/direct+resolver,chain_stale,60,0.359722,0.313533,0.406606
E10_root_cause,gap=2.0;restart=False,legacy/reconcile/direct+resolver+clock,chain_stale,60,0.357986,0.309028,0.407639
E10_root_cause,gap=2.0;restart=False,legacy/reconcile/direct+resolver+window,chain_stale,60,0.142361,0.123611,0.161458
E10_root_cause,gap=2.0;restart=False,legacy/reconcile/direct+resolver+window+clock,chain_stale,60,0.00416667,0,0.0125
E10_root_cause,gap=2.0;restart=False,legacy/reconcile/direct+window,chain_stale,60,0.142361,0.123611,0.161458
E10_root_cause,gap=2.0;restart=False,legacy/reconcile/direct+window+clock,chain_stale,60,0.00416667,0,0.0125
E10_root_cause,gap=2.0;restart=False,legacy/reconcile/relay,chain_stale,60,0.606597,0.535755,0.668411
E10_root_cause,gap=2.0;restart=False,legacy/reconcile/relay+clock,chain_stale,60,0.606597,0.535755,0.668411
E10_root_cause,gap=2.0;restart=False,legacy/reconcile/relay+resolver,chain_stale,60,0.606597,0.535755,0.668411
E10_root_cause,gap=2.0;restart=False,legacy/reconcile/relay+resolver+clock,chain_stale,60,0.606597,0.535755,0.668411
E10_root_cause,gap=2.0;restart=False,legacy/reconcile/relay+resolver+window,chain_stale,60,0.979167,0.958333,0.995833
E10_root_cause,gap=2.0;restart=False,legacy/reconcile/relay+resolver+window+clock,chain_stale,60,0,0,0
E10_root_cause,gap=2.0;restart=False,legacy/reconcile/relay+window,chain_stale,60,0.979167,0.958333,0.995833
E10_root_cause,gap=2.0;restart=False,legacy/reconcile/relay+window+clock,chain_stale,60,0,0,0
E10_root_cause,gap=2.0;restart=True,legacy/always/direct,chain_stale,60,0.95,0.920833,0.975
E10_root_cause,gap=2.0;restart=True,legacy/always/direct+clock,chain_stale,60,0.95,0.920833,0.975
E10_root_cause,gap=2.0;restart=True,legacy/always/direct+resolver,chain_stale,60,0.95,0.920833,0.975
E10_root_cause,gap=2.0;restart=True,legacy/always/direct+resolver+clock,chain_stale,60,0.95,0.920833,0.975
E10_root_cause,gap=2.0;restart=True,legacy/always/direct+resolver+window,chain_stale,60,0.95,0.920833,0.975
E10_root_cause,gap=2.0;restart=True,legacy/always/direct+resolver+window+clock,chain_stale,60,0.95,0.920833,0.975
E10_root_cause,gap=2.0;restart=True,legacy/always/direct+window,chain_stale,60,0.95,0.920833,0.975
E10_root_cause,gap=2.0;restart=True,legacy/always/direct+window+clock,chain_stale,60,0.95,0.920833,0.975
E10_root_cause,gap=2.0;restart=True,legacy/always/relay,chain_stale,60,1,1,1
E10_root_cause,gap=2.0;restart=True,legacy/always/relay+clock,chain_stale,60,1,1,1
E10_root_cause,gap=2.0;restart=True,legacy/always/relay+resolver,chain_stale,60,1,1,1
E10_root_cause,gap=2.0;restart=True,legacy/always/relay+resolver+clock,chain_stale,60,1,1,1
E10_root_cause,gap=2.0;restart=True,legacy/always/relay+resolver+window,chain_stale,60,1,1,1
E10_root_cause,gap=2.0;restart=True,legacy/always/relay+resolver+window+clock,chain_stale,60,1,1,1
E10_root_cause,gap=2.0;restart=True,legacy/always/relay+window,chain_stale,60,1,1,1
E10_root_cause,gap=2.0;restart=True,legacy/always/relay+window+clock,chain_stale,60,1,1,1
E10_root_cause,gap=2.0;restart=True,legacy/reconcile/direct,chain_stale,60,0.630208,0.583325,0.675347
E10_root_cause,gap=2.0;restart=True,legacy/reconcile/direct+clock,chain_stale,60,0.633333,0.584019,0.679523
E10_root_cause,gap=2.0;restart=True,legacy/reconcile/direct+resolver,chain_stale,60,0.630208,0.583325,0.675347
E10_root_cause,gap=2.0;restart=True,legacy/reconcile/direct+resolver+clock,chain_stale,60,0.633333,0.584019,0.679523
E10_root_cause,gap=2.0;restart=True,legacy/reconcile/direct+resolver+window,chain_stale,60,0.276389,0.236458,0.31875
E10_root_cause,gap=2.0;restart=True,legacy/reconcile/direct+resolver+window+clock,chain_stale,60,0.149653,0.103125,0.202457
E10_root_cause,gap=2.0;restart=True,legacy/reconcile/direct+window,chain_stale,60,0.276389,0.236458,0.31875
E10_root_cause,gap=2.0;restart=True,legacy/reconcile/direct+window+clock,chain_stale,60,0.149653,0.103125,0.202457
E10_root_cause,gap=2.0;restart=True,legacy/reconcile/relay,chain_stale,60,0.944097,0.9375,0.950694
E10_root_cause,gap=2.0;restart=True,legacy/reconcile/relay+clock,chain_stale,60,0.944097,0.9375,0.950694
E10_root_cause,gap=2.0;restart=True,legacy/reconcile/relay+resolver,chain_stale,60,0.944097,0.9375,0.950694
E10_root_cause,gap=2.0;restart=True,legacy/reconcile/relay+resolver+clock,chain_stale,60,0.944097,0.9375,0.950694
E10_root_cause,gap=2.0;restart=True,legacy/reconcile/relay+resolver+window,chain_stale,60,0.979167,0.958333,0.995833
E10_root_cause,gap=2.0;restart=True,legacy/reconcile/relay+resolver+window+clock,chain_stale,60,0,0,0
E10_root_cause,gap=2.0;restart=True,legacy/reconcile/relay+window,chain_stale,60,0.979167,0.958333,0.995833
E10_root_cause,gap=2.0;restart=True,legacy/reconcile/relay+window+clock,chain_stale,60,0,0,0
E10_root_cause,gap=8.0;restart=False,legacy/always/direct,chain_stale,60,0,0,0
E10_root_cause,gap=8.0;restart=False,legacy/always/direct+clock,chain_stale,60,0,0,0
E10_root_cause,gap=8.0;restart=False,legacy/always/direct+resolver,chain_stale,60,0,0,0
E10_root_cause,gap=8.0;restart=False,legacy/always/direct+resolver+clock,chain_stale,60,0,0,0
E10_root_cause,gap=8.0;restart=False,legacy/always/direct+resolver+window,chain_stale,60,0,0,0
E10_root_cause,gap=8.0;restart=False,legacy/always/direct+resolver+window+clock,chain_stale,60,0,0,0
E10_root_cause,gap=8.0;restart=False,legacy/always/direct+window,chain_stale,60,0,0,0
E10_root_cause,gap=8.0;restart=False,legacy/always/direct+window+clock,chain_stale,60,0,0,0
E10_root_cause,gap=8.0;restart=False,legacy/always/relay,chain_stale,60,0,0,0
E10_root_cause,gap=8.0;restart=False,legacy/always/relay+clock,chain_stale,60,0,0,0
E10_root_cause,gap=8.0;restart=False,legacy/always/relay+resolver,chain_stale,60,0,0,0
E10_root_cause,gap=8.0;restart=False,legacy/always/relay+resolver+clock,chain_stale,60,0,0,0
E10_root_cause,gap=8.0;restart=False,legacy/always/relay+resolver+window,chain_stale,60,0,0,0
E10_root_cause,gap=8.0;restart=False,legacy/always/relay+resolver+window+clock,chain_stale,60,0,0,0
E10_root_cause,gap=8.0;restart=False,legacy/always/relay+window,chain_stale,60,0,0,0
E10_root_cause,gap=8.0;restart=False,legacy/always/relay+window+clock,chain_stale,60,0,0,0
E10_root_cause,gap=8.0;restart=False,legacy/reconcile/direct,chain_stale,60,0.0708333,0.0604167,0.0822917
E10_root_cause,gap=8.0;restart=False,legacy/reconcile/direct+clock,chain_stale,60,0.000347222,0,0.00104167
E10_root_cause,gap=8.0;restart=False,legacy/reconcile/direct+resolver,chain_stale,60,0.0708333,0.0604167,0.0822917
E10_root_cause,gap=8.0;restart=False,legacy/reconcile/direct+resolver+clock,chain_stale,60,0.000347222,0,0.00104167
E10_root_cause,gap=8.0;restart=False,legacy/reconcile/direct+resolver+window,chain_stale,60,0.0708333,0.0604167,0.0822917
E10_root_cause,gap=8.0;restart=False,legacy/reconcile/direct+resolver+window+clock,chain_stale,60,0.000347222,0,0.00104167
E10_root_cause,gap=8.0;restart=False,legacy/reconcile/direct+window,chain_stale,60,0.0708333,0.0604167,0.0822917
E10_root_cause,gap=8.0;restart=False,legacy/reconcile/direct+window+clock,chain_stale,60,0.000347222,0,0.00104167
E10_root_cause,gap=8.0;restart=False,legacy/reconcile/relay,chain_stale,60,0,0,0
E10_root_cause,gap=8.0;restart=False,legacy/reconcile/relay+clock,chain_stale,60,0,0,0
E10_root_cause,gap=8.0;restart=False,legacy/reconcile/relay+resolver,chain_stale,60,0,0,0
E10_root_cause,gap=8.0;restart=False,legacy/reconcile/relay+resolver+clock,chain_stale,60,0,0,0
E10_root_cause,gap=8.0;restart=False,legacy/reconcile/relay+resolver+window,chain_stale,60,0.979167,0.9625,0.995833
E10_root_cause,gap=8.0;restart=False,legacy/reconcile/relay+resolver+window+clock,chain_stale,60,0,0,0
E10_root_cause,gap=8.0;restart=False,legacy/reconcile/relay+window,chain_stale,60,0.979167,0.9625,0.995833
E10_root_cause,gap=8.0;restart=False,legacy/reconcile/relay+window+clock,chain_stale,60,0,0,0
E10_root_cause,gap=8.0;restart=True,legacy/always/direct,chain_stale,60,0.991667,0.979167,1
E10_root_cause,gap=8.0;restart=True,legacy/always/direct+clock,chain_stale,60,0.991667,0.979167,1
E10_root_cause,gap=8.0;restart=True,legacy/always/direct+resolver,chain_stale,60,0.991667,0.979167,1
E10_root_cause,gap=8.0;restart=True,legacy/always/direct+resolver+clock,chain_stale,60,0.991667,0.979167,1
E10_root_cause,gap=8.0;restart=True,legacy/always/direct+resolver+window,chain_stale,60,0.991667,0.979167,1
E10_root_cause,gap=8.0;restart=True,legacy/always/direct+resolver+window+clock,chain_stale,60,0.991667,0.979167,1
E10_root_cause,gap=8.0;restart=True,legacy/always/direct+window,chain_stale,60,0.991667,0.979167,1
E10_root_cause,gap=8.0;restart=True,legacy/always/direct+window+clock,chain_stale,60,0.991667,0.979167,1
E10_root_cause,gap=8.0;restart=True,legacy/always/relay,chain_stale,60,1,1,1
E10_root_cause,gap=8.0;restart=True,legacy/always/relay+clock,chain_stale,60,1,1,1
E10_root_cause,gap=8.0;restart=True,legacy/always/relay+resolver,chain_stale,60,1,1,1
E10_root_cause,gap=8.0;restart=True,legacy/always/relay+resolver+clock,chain_stale,60,1,1,1
E10_root_cause,gap=8.0;restart=True,legacy/always/relay+resolver+window,chain_stale,60,1,1,1
E10_root_cause,gap=8.0;restart=True,legacy/always/relay+resolver+window+clock,chain_stale,60,1,1,1
E10_root_cause,gap=8.0;restart=True,legacy/always/relay+window,chain_stale,60,1,1,1
E10_root_cause,gap=8.0;restart=True,legacy/always/relay+window+clock,chain_stale,60,1,1,1
E10_root_cause,gap=8.0;restart=True,legacy/reconcile/direct,chain_stale,60,0.0708333,0.0604167,0.0822917
E10_root_cause,gap=8.0;restart=True,legacy/reconcile/direct+clock,chain_stale,60,0.000347222,0,0.00104167
E10_root_cause,gap=8.0;restart=True,legacy/reconcile/direct+resolver,chain_stale,60,0.0708333,0.0604167,0.0822917
E10_root_cause,gap=8.0;restart=True,legacy/reconcile/direct+resolver+clock,chain_stale,60,0.000347222,0,0.00104167
E10_root_cause,gap=8.0;restart=True,legacy/reconcile/direct+resolver+window,chain_stale,60,0.0708333,0.0604167,0.0822917
E10_root_cause,gap=8.0;restart=True,legacy/reconcile/direct+resolver+window+clock,chain_stale,60,0.000347222,0,0.00104167
E10_root_cause,gap=8.0;restart=True,legacy/reconcile/direct+window,chain_stale,60,0.0708333,0.0604167,0.0822917
E10_root_cause,gap=8.0;restart=True,legacy/reconcile/direct+window+clock,chain_stale,60,0.000347222,0,0.00104167
E10_root_cause,gap=8.0;restart=True,legacy/reconcile/relay,chain_stale,60,0,0,0
E10_root_cause,gap=8.0;restart=True,legacy/reconcile/relay+clock,chain_stale,60,0,0,0
E10_root_cause,gap=8.0;restart=True,legacy/reconcile/relay+resolver,chain_stale,60,0,0,0
E10_root_cause,gap=8.0;restart=True,legacy/reconcile/relay+resolver+clock,chain_stale,60,0,0,0
E10_root_cause,gap=8.0;restart=True,legacy/reconcile/relay+resolver+window,chain_stale,60,0.979167,0.9625,0.995833
E10_root_cause,gap=8.0;restart=True,legacy/reconcile/relay+resolver+window+clock,chain_stale,60,0,0,0
E10_root_cause,gap=8.0;restart=True,legacy/reconcile/relay+window,chain_stale,60,0.979167,0.9625,0.995833
E10_root_cause,gap=8.0;restart=True,legacy/reconcile/relay+window+clock,chain_stale,60,0,0,0
E10_root_cause,gap=2.0;restart=False,legacy/always/direct,chain_split,60,0,0,0
E10_root_cause,gap=2.0;restart=False,legacy/always/direct+clock,chain_split,60,0,0,0
E10_root_cause,gap=2.0;restart=False,legacy/always/direct+resolver,chain_split,60,0,0,0
E10_root_cause,gap=2.0;restart=False,legacy/always/direct+resolver+clock,chain_split,60,0,0,0
E10_root_cause,gap=2.0;restart=False,legacy/always/direct+resolver+window,chain_split,60,0,0,0
E10_root_cause,gap=2.0;restart=False,legacy/always/direct+resolver+window+clock,chain_split,60,0,0,0
E10_root_cause,gap=2.0;restart=False,legacy/always/direct+window,chain_split,60,0,0,0
E10_root_cause,gap=2.0;restart=False,legacy/always/direct+window+clock,chain_split,60,0,0,0
E10_root_cause,gap=2.0;restart=False,legacy/always/relay,chain_split,60,0,0,0
E10_root_cause,gap=2.0;restart=False,legacy/always/relay+clock,chain_split,60,0,0,0
E10_root_cause,gap=2.0;restart=False,legacy/always/relay+resolver,chain_split,60,0,0,0
E10_root_cause,gap=2.0;restart=False,legacy/always/relay+resolver+clock,chain_split,60,0,0,0
E10_root_cause,gap=2.0;restart=False,legacy/always/relay+resolver+window,chain_split,60,0,0,0
E10_root_cause,gap=2.0;restart=False,legacy/always/relay+resolver+window+clock,chain_split,60,0,0,0
E10_root_cause,gap=2.0;restart=False,legacy/always/relay+window,chain_split,60,0,0,0
E10_root_cause,gap=2.0;restart=False,legacy/always/relay+window+clock,chain_split,60,0,0,0
E10_root_cause,gap=2.0;restart=False,legacy/reconcile/direct,chain_split,60,0.608333,0.5375,0.679167
E10_root_cause,gap=2.0;restart=False,legacy/reconcile/direct+clock,chain_split,60,0.55,0.483229,0.620833
E10_root_cause,gap=2.0;restart=False,legacy/reconcile/direct+resolver,chain_split,60,0.608333,0.5375,0.679167
E10_root_cause,gap=2.0;restart=False,legacy/reconcile/direct+resolver+clock,chain_split,60,0.55,0.483229,0.620833
E10_root_cause,gap=2.0;restart=False,legacy/reconcile/direct+resolver+window,chain_split,60,0.641667,0.570833,0.704271
E10_root_cause,gap=2.0;restart=False,legacy/reconcile/direct+resolver+window+clock,chain_split,60,0,0,0
E10_root_cause,gap=2.0;restart=False,legacy/reconcile/direct+window,chain_split,60,0.641667,0.570833,0.704271
E10_root_cause,gap=2.0;restart=False,legacy/reconcile/direct+window+clock,chain_split,60,0,0,0
E10_root_cause,gap=2.0;restart=False,legacy/reconcile/relay,chain_split,60,0.654167,0.575,0.725
E10_root_cause,gap=2.0;restart=False,legacy/reconcile/relay+clock,chain_split,60,0.654167,0.575,0.725
E10_root_cause,gap=2.0;restart=False,legacy/reconcile/relay+resolver,chain_split,60,0.654167,0.575,0.725
E10_root_cause,gap=2.0;restart=False,legacy/reconcile/relay+resolver+clock,chain_split,60,0.654167,0.575,0.725
E10_root_cause,gap=2.0;restart=False,legacy/reconcile/relay+resolver+window,chain_split,60,0,0,0
E10_root_cause,gap=2.0;restart=False,legacy/reconcile/relay+resolver+window+clock,chain_split,60,0,0,0
E10_root_cause,gap=2.0;restart=False,legacy/reconcile/relay+window,chain_split,60,0,0,0
E10_root_cause,gap=2.0;restart=False,legacy/reconcile/relay+window+clock,chain_split,60,0,0,0
E10_root_cause,gap=2.0;restart=True,legacy/always/direct,chain_split,60,0,0,0
E10_root_cause,gap=2.0;restart=True,legacy/always/direct+clock,chain_split,60,0,0,0
E10_root_cause,gap=2.0;restart=True,legacy/always/direct+resolver,chain_split,60,0,0,0
E10_root_cause,gap=2.0;restart=True,legacy/always/direct+resolver+clock,chain_split,60,0,0,0
E10_root_cause,gap=2.0;restart=True,legacy/always/direct+resolver+window,chain_split,60,0,0,0
E10_root_cause,gap=2.0;restart=True,legacy/always/direct+resolver+window+clock,chain_split,60,0,0,0
E10_root_cause,gap=2.0;restart=True,legacy/always/direct+window,chain_split,60,0,0,0
E10_root_cause,gap=2.0;restart=True,legacy/always/direct+window+clock,chain_split,60,0,0,0
E10_root_cause,gap=2.0;restart=True,legacy/always/relay,chain_split,60,0,0,0
E10_root_cause,gap=2.0;restart=True,legacy/always/relay+clock,chain_split,60,0,0,0
E10_root_cause,gap=2.0;restart=True,legacy/always/relay+resolver,chain_split,60,0,0,0
E10_root_cause,gap=2.0;restart=True,legacy/always/relay+resolver+clock,chain_split,60,0,0,0
E10_root_cause,gap=2.0;restart=True,legacy/always/relay+resolver+window,chain_split,60,0,0,0
E10_root_cause,gap=2.0;restart=True,legacy/always/relay+resolver+window+clock,chain_split,60,0,0,0
E10_root_cause,gap=2.0;restart=True,legacy/always/relay+window,chain_split,60,0,0,0
E10_root_cause,gap=2.0;restart=True,legacy/always/relay+window+clock,chain_split,60,0,0,0
E10_root_cause,gap=2.0;restart=True,legacy/reconcile/direct,chain_split,60,0.604167,0.529167,0.679167
E10_root_cause,gap=2.0;restart=True,legacy/reconcile/direct+clock,chain_split,60,0.541667,0.462396,0.616667
E10_root_cause,gap=2.0;restart=True,legacy/reconcile/direct+resolver,chain_split,60,0.604167,0.529167,0.679167
E10_root_cause,gap=2.0;restart=True,legacy/reconcile/direct+resolver+clock,chain_split,60,0.541667,0.462396,0.616667
E10_root_cause,gap=2.0;restart=True,legacy/reconcile/direct+resolver+window,chain_split,60,0.691667,0.633333,0.754167
E10_root_cause,gap=2.0;restart=True,legacy/reconcile/direct+resolver+window+clock,chain_split,60,0.0291667,0.00833333,0.0583333
E10_root_cause,gap=2.0;restart=True,legacy/reconcile/direct+window,chain_split,60,0.691667,0.633333,0.754167
E10_root_cause,gap=2.0;restart=True,legacy/reconcile/direct+window+clock,chain_split,60,0.0291667,0.00833333,0.0583333
E10_root_cause,gap=2.0;restart=True,legacy/reconcile/relay,chain_split,60,0.654167,0.579167,0.729167
E10_root_cause,gap=2.0;restart=True,legacy/reconcile/relay+clock,chain_split,60,0.654167,0.579167,0.729167
E10_root_cause,gap=2.0;restart=True,legacy/reconcile/relay+resolver,chain_split,60,0.654167,0.579167,0.729167
E10_root_cause,gap=2.0;restart=True,legacy/reconcile/relay+resolver+clock,chain_split,60,0.654167,0.579167,0.729167
E10_root_cause,gap=2.0;restart=True,legacy/reconcile/relay+resolver+window,chain_split,60,0,0,0
E10_root_cause,gap=2.0;restart=True,legacy/reconcile/relay+resolver+window+clock,chain_split,60,0,0,0
E10_root_cause,gap=2.0;restart=True,legacy/reconcile/relay+window,chain_split,60,0,0,0
E10_root_cause,gap=2.0;restart=True,legacy/reconcile/relay+window+clock,chain_split,60,0,0,0
E10_root_cause,gap=8.0;restart=False,legacy/always/direct,chain_split,60,0,0,0
E10_root_cause,gap=8.0;restart=False,legacy/always/direct+clock,chain_split,60,0,0,0
E10_root_cause,gap=8.0;restart=False,legacy/always/direct+resolver,chain_split,60,0,0,0
E10_root_cause,gap=8.0;restart=False,legacy/always/direct+resolver+clock,chain_split,60,0,0,0
E10_root_cause,gap=8.0;restart=False,legacy/always/direct+resolver+window,chain_split,60,0,0,0
E10_root_cause,gap=8.0;restart=False,legacy/always/direct+resolver+window+clock,chain_split,60,0,0,0
E10_root_cause,gap=8.0;restart=False,legacy/always/direct+window,chain_split,60,0,0,0
E10_root_cause,gap=8.0;restart=False,legacy/always/direct+window+clock,chain_split,60,0,0,0
E10_root_cause,gap=8.0;restart=False,legacy/always/relay,chain_split,60,0,0,0
E10_root_cause,gap=8.0;restart=False,legacy/always/relay+clock,chain_split,60,0,0,0
E10_root_cause,gap=8.0;restart=False,legacy/always/relay+resolver,chain_split,60,0,0,0
E10_root_cause,gap=8.0;restart=False,legacy/always/relay+resolver+clock,chain_split,60,0,0,0
E10_root_cause,gap=8.0;restart=False,legacy/always/relay+resolver+window,chain_split,60,0,0,0
E10_root_cause,gap=8.0;restart=False,legacy/always/relay+resolver+window+clock,chain_split,60,0,0,0
E10_root_cause,gap=8.0;restart=False,legacy/always/relay+window,chain_split,60,0,0,0
E10_root_cause,gap=8.0;restart=False,legacy/always/relay+window+clock,chain_split,60,0,0,0
E10_root_cause,gap=8.0;restart=False,legacy/reconcile/direct,chain_split,60,0.5625,0.495833,0.629167
E10_root_cause,gap=8.0;restart=False,legacy/reconcile/direct+clock,chain_split,60,0.00416667,0,0.0125
E10_root_cause,gap=8.0;restart=False,legacy/reconcile/direct+resolver,chain_split,60,0.5625,0.495833,0.629167
E10_root_cause,gap=8.0;restart=False,legacy/reconcile/direct+resolver+clock,chain_split,60,0.00416667,0,0.0125
E10_root_cause,gap=8.0;restart=False,legacy/reconcile/direct+resolver+window,chain_split,60,0.5625,0.495833,0.629167
E10_root_cause,gap=8.0;restart=False,legacy/reconcile/direct+resolver+window+clock,chain_split,60,0.00416667,0,0.0125
E10_root_cause,gap=8.0;restart=False,legacy/reconcile/direct+window,chain_split,60,0.5625,0.495833,0.629167
E10_root_cause,gap=8.0;restart=False,legacy/reconcile/direct+window+clock,chain_split,60,0.00416667,0,0.0125
E10_root_cause,gap=8.0;restart=False,legacy/reconcile/relay,chain_split,60,0,0,0
E10_root_cause,gap=8.0;restart=False,legacy/reconcile/relay+clock,chain_split,60,0,0,0
E10_root_cause,gap=8.0;restart=False,legacy/reconcile/relay+resolver,chain_split,60,0,0,0
E10_root_cause,gap=8.0;restart=False,legacy/reconcile/relay+resolver+clock,chain_split,60,0,0,0
E10_root_cause,gap=8.0;restart=False,legacy/reconcile/relay+resolver+window,chain_split,60,0,0,0
E10_root_cause,gap=8.0;restart=False,legacy/reconcile/relay+resolver+window+clock,chain_split,60,0,0,0
E10_root_cause,gap=8.0;restart=False,legacy/reconcile/relay+window,chain_split,60,0,0,0
E10_root_cause,gap=8.0;restart=False,legacy/reconcile/relay+window+clock,chain_split,60,0,0,0
E10_root_cause,gap=8.0;restart=True,legacy/always/direct,chain_split,60,0,0,0
E10_root_cause,gap=8.0;restart=True,legacy/always/direct+clock,chain_split,60,0,0,0
E10_root_cause,gap=8.0;restart=True,legacy/always/direct+resolver,chain_split,60,0,0,0
E10_root_cause,gap=8.0;restart=True,legacy/always/direct+resolver+clock,chain_split,60,0,0,0
E10_root_cause,gap=8.0;restart=True,legacy/always/direct+resolver+window,chain_split,60,0,0,0
E10_root_cause,gap=8.0;restart=True,legacy/always/direct+resolver+window+clock,chain_split,60,0,0,0
E10_root_cause,gap=8.0;restart=True,legacy/always/direct+window,chain_split,60,0,0,0
E10_root_cause,gap=8.0;restart=True,legacy/always/direct+window+clock,chain_split,60,0,0,0
E10_root_cause,gap=8.0;restart=True,legacy/always/relay,chain_split,60,0,0,0
E10_root_cause,gap=8.0;restart=True,legacy/always/relay+clock,chain_split,60,0,0,0
E10_root_cause,gap=8.0;restart=True,legacy/always/relay+resolver,chain_split,60,0,0,0
E10_root_cause,gap=8.0;restart=True,legacy/always/relay+resolver+clock,chain_split,60,0,0,0
E10_root_cause,gap=8.0;restart=True,legacy/always/relay+resolver+window,chain_split,60,0,0,0
E10_root_cause,gap=8.0;restart=True,legacy/always/relay+resolver+window+clock,chain_split,60,0,0,0
E10_root_cause,gap=8.0;restart=True,legacy/always/relay+window,chain_split,60,0,0,0
E10_root_cause,gap=8.0;restart=True,legacy/always/relay+window+clock,chain_split,60,0,0,0
E10_root_cause,gap=8.0;restart=True,legacy/reconcile/direct,chain_split,60,0.5625,0.495833,0.629167
E10_root_cause,gap=8.0;restart=True,legacy/reconcile/direct+clock,chain_split,60,0.00416667,0,0.0125
E10_root_cause,gap=8.0;restart=True,legacy/reconcile/direct+resolver,chain_split,60,0.5625,0.495833,0.629167
E10_root_cause,gap=8.0;restart=True,legacy/reconcile/direct+resolver+clock,chain_split,60,0.00416667,0,0.0125
E10_root_cause,gap=8.0;restart=True,legacy/reconcile/direct+resolver+window,chain_split,60,0.5625,0.495833,0.629167
E10_root_cause,gap=8.0;restart=True,legacy/reconcile/direct+resolver+window+clock,chain_split,60,0.00416667,0,0.0125
E10_root_cause,gap=8.0;restart=True,legacy/reconcile/direct+window,chain_split,60,0.5625,0.495833,0.629167
E10_root_cause,gap=8.0;restart=True,legacy/reconcile/direct+window+clock,chain_split,60,0.00416667,0,0.0125
E10_root_cause,gap=8.0;restart=True,legacy/reconcile/relay,chain_split,60,0,0,0
E10_root_cause,gap=8.0;restart=True,legacy/reconcile/relay+clock,chain_split,60,0,0,0
E10_root_cause,gap=8.0;restart=True,legacy/reconcile/relay+resolver,chain_split,60,0,0,0
E10_root_cause,gap=8.0;restart=True,legacy/reconcile/relay+resolver+clock,chain_split,60,0,0,0
E10_root_cause,gap=8.0;restart=True,legacy/reconcile/relay+resolver+window,chain_split,60,0,0,0
E10_root_cause,gap=8.0;restart=True,legacy/reconcile/relay+resolver+window+clock,chain_split,60,0,0,0
E10_root_cause,gap=8.0;restart=True,legacy/reconcile/relay+window,chain_split,60,0,0,0
E10_root_cause,gap=8.0;restart=True,legacy/reconcile/relay+window+clock,chain_split,60,0,0,0
E10_root_cause,gap=2.0;restart=False,legacy/always/direct,contest_split,60,0,0,0
E10_root_cause,gap=2.0;restart=False,legacy/always/direct+clock,contest_split,60,0,0,0
E10_root_cause,gap=2.0;restart=False,legacy/always/direct+resolver,contest_split,60,0,0,0
E10_root_cause,gap=2.0;restart=False,legacy/always/direct+resolver+clock,contest_split,60,0,0,0
E10_root_cause,gap=2.0;restart=False,legacy/always/direct+resolver+window,contest_split,60,0,0,0
E10_root_cause,gap=2.0;restart=False,legacy/always/direct+resolver+window+clock,contest_split,60,0,0,0
E10_root_cause,gap=2.0;restart=False,legacy/always/direct+window,contest_split,60,0,0,0
E10_root_cause,gap=2.0;restart=False,legacy/always/direct+window+clock,contest_split,60,0,0,0
E10_root_cause,gap=2.0;restart=False,legacy/always/relay,contest_split,60,0,0,0
E10_root_cause,gap=2.0;restart=False,legacy/always/relay+clock,contest_split,60,0,0,0
E10_root_cause,gap=2.0;restart=False,legacy/always/relay+resolver,contest_split,60,0,0,0
E10_root_cause,gap=2.0;restart=False,legacy/always/relay+resolver+clock,contest_split,60,0,0,0
E10_root_cause,gap=2.0;restart=False,legacy/always/relay+resolver+window,contest_split,60,0,0,0
E10_root_cause,gap=2.0;restart=False,legacy/always/relay+resolver+window+clock,contest_split,60,0,0,0
E10_root_cause,gap=2.0;restart=False,legacy/always/relay+window,contest_split,60,0,0,0
E10_root_cause,gap=2.0;restart=False,legacy/always/relay+window+clock,contest_split,60,0,0,0
E10_root_cause,gap=2.0;restart=False,legacy/reconcile/direct,contest_split,60,0.669444,0.605556,0.733333
E10_root_cause,gap=2.0;restart=False,legacy/reconcile/direct+clock,contest_split,60,0.638889,0.572222,0.705556
E10_root_cause,gap=2.0;restart=False,legacy/reconcile/direct+resolver,contest_split,60,0.663889,0.597222,0.730556
E10_root_cause,gap=2.0;restart=False,legacy/reconcile/direct+resolver+clock,contest_split,60,0.633333,0.566667,0.702778
E10_root_cause,gap=2.0;restart=False,legacy/reconcile/direct+resolver+window,contest_split,60,0.836111,0.786111,0.886111
E10_root_cause,gap=2.0;restart=False,legacy/reconcile/direct+resolver+window+clock,contest_split,60,0.0305556,0.0111111,0.0527778
E10_root_cause,gap=2.0;restart=False,legacy/reconcile/direct+window,contest_split,60,0.836111,0.788889,0.880625
E10_root_cause,gap=2.0;restart=False,legacy/reconcile/direct+window+clock,contest_split,60,0.0305556,0.0111111,0.0527778
E10_root_cause,gap=2.0;restart=False,legacy/reconcile/relay,contest_split,60,0.175,0.0944444,0.269444
E10_root_cause,gap=2.0;restart=False,legacy/reconcile/relay+clock,contest_split,60,0.172222,0.0915972,0.266667
E10_root_cause,gap=2.0;restart=False,legacy/reconcile/relay+resolver,contest_split,60,0.169444,0.0861111,0.263889
E10_root_cause,gap=2.0;restart=False,legacy/reconcile/relay+resolver+clock,contest_split,60,0.166667,0.0833333,0.261111
E10_root_cause,gap=2.0;restart=False,legacy/reconcile/relay+resolver+window,contest_split,60,0,0,0
E10_root_cause,gap=2.0;restart=False,legacy/reconcile/relay+resolver+window+clock,contest_split,60,0,0,0
E10_root_cause,gap=2.0;restart=False,legacy/reconcile/relay+window,contest_split,60,0,0,0
E10_root_cause,gap=2.0;restart=False,legacy/reconcile/relay+window+clock,contest_split,60,0,0,0
E10_root_cause,gap=2.0;restart=True,legacy/always/direct,contest_split,60,0,0,0
E10_root_cause,gap=2.0;restart=True,legacy/always/direct+clock,contest_split,60,0,0,0
E10_root_cause,gap=2.0;restart=True,legacy/always/direct+resolver,contest_split,60,0,0,0
E10_root_cause,gap=2.0;restart=True,legacy/always/direct+resolver+clock,contest_split,60,0,0,0
E10_root_cause,gap=2.0;restart=True,legacy/always/direct+resolver+window,contest_split,60,0,0,0
E10_root_cause,gap=2.0;restart=True,legacy/always/direct+resolver+window+clock,contest_split,60,0,0,0
E10_root_cause,gap=2.0;restart=True,legacy/always/direct+window,contest_split,60,0,0,0
E10_root_cause,gap=2.0;restart=True,legacy/always/direct+window+clock,contest_split,60,0,0,0
E10_root_cause,gap=2.0;restart=True,legacy/always/relay,contest_split,60,0,0,0
E10_root_cause,gap=2.0;restart=True,legacy/always/relay+clock,contest_split,60,0,0,0
E10_root_cause,gap=2.0;restart=True,legacy/always/relay+resolver,contest_split,60,0,0,0
E10_root_cause,gap=2.0;restart=True,legacy/always/relay+resolver+clock,contest_split,60,0,0,0
E10_root_cause,gap=2.0;restart=True,legacy/always/relay+resolver+window,contest_split,60,0,0,0
E10_root_cause,gap=2.0;restart=True,legacy/always/relay+resolver+window+clock,contest_split,60,0,0,0
E10_root_cause,gap=2.0;restart=True,legacy/always/relay+window,contest_split,60,0,0,0
E10_root_cause,gap=2.0;restart=True,legacy/always/relay+window+clock,contest_split,60,0,0,0
E10_root_cause,gap=2.0;restart=True,legacy/reconcile/direct,contest_split,60,0.669444,0.602778,0.736111
E10_root_cause,gap=2.0;restart=True,legacy/reconcile/direct+clock,contest_split,60,0.638889,0.563889,0.705625
E10_root_cause,gap=2.0;restart=True,legacy/reconcile/direct+resolver,contest_split,60,0.663889,0.594444,0.733333
E10_root_cause,gap=2.0;restart=True,legacy/reconcile/direct+resolver+clock,contest_split,60,0.633333,0.558333,0.702778
E10_root_cause,gap=2.0;restart=True,legacy/reconcile/direct+resolver+window,contest_split,60,0.836111,0.783333,0.883333
E10_root_cause,gap=2.0;restart=True,legacy/reconcile/direct+resolver+window+clock,contest_split,60,0.0305556,0.0111111,0.0527778
E10_root_cause,gap=2.0;restart=True,legacy/reconcile/direct+window,contest_split,60,0.836111,0.786111,0.883333
E10_root_cause,gap=2.0;restart=True,legacy/reconcile/direct+window+clock,contest_split,60,0.0305556,0.0111111,0.0527778
E10_root_cause,gap=2.0;restart=True,legacy/reconcile/relay,contest_split,60,0.175,0.0944444,0.266667
E10_root_cause,gap=2.0;restart=True,legacy/reconcile/relay+clock,contest_split,60,0.172222,0.0915972,0.263958
E10_root_cause,gap=2.0;restart=True,legacy/reconcile/relay+resolver,contest_split,60,0.169444,0.0861111,0.258333
E10_root_cause,gap=2.0;restart=True,legacy/reconcile/relay+resolver+clock,contest_split,60,0.166667,0.0861111,0.255556
E10_root_cause,gap=2.0;restart=True,legacy/reconcile/relay+resolver+window,contest_split,60,0,0,0
E10_root_cause,gap=2.0;restart=True,legacy/reconcile/relay+resolver+window+clock,contest_split,60,0,0,0
E10_root_cause,gap=2.0;restart=True,legacy/reconcile/relay+window,contest_split,60,0,0,0
E10_root_cause,gap=2.0;restart=True,legacy/reconcile/relay+window+clock,contest_split,60,0,0,0
E10_root_cause,gap=8.0;restart=False,legacy/always/direct,contest_split,60,0,0,0
E10_root_cause,gap=8.0;restart=False,legacy/always/direct+clock,contest_split,60,0,0,0
E10_root_cause,gap=8.0;restart=False,legacy/always/direct+resolver,contest_split,60,0,0,0
E10_root_cause,gap=8.0;restart=False,legacy/always/direct+resolver+clock,contest_split,60,0,0,0
E10_root_cause,gap=8.0;restart=False,legacy/always/direct+resolver+window,contest_split,60,0,0,0
E10_root_cause,gap=8.0;restart=False,legacy/always/direct+resolver+window+clock,contest_split,60,0,0,0
E10_root_cause,gap=8.0;restart=False,legacy/always/direct+window,contest_split,60,0,0,0
E10_root_cause,gap=8.0;restart=False,legacy/always/direct+window+clock,contest_split,60,0,0,0
E10_root_cause,gap=8.0;restart=False,legacy/always/relay,contest_split,60,0,0,0
E10_root_cause,gap=8.0;restart=False,legacy/always/relay+clock,contest_split,60,0,0,0
E10_root_cause,gap=8.0;restart=False,legacy/always/relay+resolver,contest_split,60,0,0,0
E10_root_cause,gap=8.0;restart=False,legacy/always/relay+resolver+clock,contest_split,60,0,0,0
E10_root_cause,gap=8.0;restart=False,legacy/always/relay+resolver+window,contest_split,60,0,0,0
E10_root_cause,gap=8.0;restart=False,legacy/always/relay+resolver+window+clock,contest_split,60,0,0,0
E10_root_cause,gap=8.0;restart=False,legacy/always/relay+window,contest_split,60,0,0,0
E10_root_cause,gap=8.0;restart=False,legacy/always/relay+window+clock,contest_split,60,0,0,0
E10_root_cause,gap=8.0;restart=False,legacy/reconcile/direct,contest_split,60,0.997222,0.991667,1
E10_root_cause,gap=8.0;restart=False,legacy/reconcile/direct+clock,contest_split,60,0.997222,0.991667,1
E10_root_cause,gap=8.0;restart=False,legacy/reconcile/direct+resolver,contest_split,60,0.997222,0.991667,1
E10_root_cause,gap=8.0;restart=False,legacy/reconcile/direct+resolver+clock,contest_split,60,0.997222,0.991667,1
E10_root_cause,gap=8.0;restart=False,legacy/reconcile/direct+resolver+window,contest_split,60,1,1,1
E10_root_cause,gap=8.0;restart=False,legacy/reconcile/direct+resolver+window+clock,contest_split,60,0.0361111,0.0111111,0.0694444
E10_root_cause,gap=8.0;restart=False,legacy/reconcile/direct+window,contest_split,60,1,1,1
E10_root_cause,gap=8.0;restart=False,legacy/reconcile/direct+window+clock,contest_split,60,0.0361111,0.0111111,0.0694444
E10_root_cause,gap=8.0;restart=False,legacy/reconcile/relay,contest_split,60,0.983333,0.95,1
E10_root_cause,gap=8.0;restart=False,legacy/reconcile/relay+clock,contest_split,60,0.983333,0.95,1
E10_root_cause,gap=8.0;restart=False,legacy/reconcile/relay+resolver,contest_split,60,0.983333,0.95,1
E10_root_cause,gap=8.0;restart=False,legacy/reconcile/relay+resolver+clock,contest_split,60,0.983333,0.95,1
E10_root_cause,gap=8.0;restart=False,legacy/reconcile/relay+resolver+window,contest_split,60,0,0,0
E10_root_cause,gap=8.0;restart=False,legacy/reconcile/relay+resolver+window+clock,contest_split,60,0,0,0
E10_root_cause,gap=8.0;restart=False,legacy/reconcile/relay+window,contest_split,60,0,0,0
E10_root_cause,gap=8.0;restart=False,legacy/reconcile/relay+window+clock,contest_split,60,0,0,0
E10_root_cause,gap=8.0;restart=True,legacy/always/direct,contest_split,60,0,0,0
E10_root_cause,gap=8.0;restart=True,legacy/always/direct+clock,contest_split,60,0,0,0
E10_root_cause,gap=8.0;restart=True,legacy/always/direct+resolver,contest_split,60,0,0,0
E10_root_cause,gap=8.0;restart=True,legacy/always/direct+resolver+clock,contest_split,60,0,0,0
E10_root_cause,gap=8.0;restart=True,legacy/always/direct+resolver+window,contest_split,60,0,0,0
E10_root_cause,gap=8.0;restart=True,legacy/always/direct+resolver+window+clock,contest_split,60,0,0,0
E10_root_cause,gap=8.0;restart=True,legacy/always/direct+window,contest_split,60,0,0,0
E10_root_cause,gap=8.0;restart=True,legacy/always/direct+window+clock,contest_split,60,0,0,0
E10_root_cause,gap=8.0;restart=True,legacy/always/relay,contest_split,60,0,0,0
E10_root_cause,gap=8.0;restart=True,legacy/always/relay+clock,contest_split,60,0,0,0
E10_root_cause,gap=8.0;restart=True,legacy/always/relay+resolver,contest_split,60,0,0,0
E10_root_cause,gap=8.0;restart=True,legacy/always/relay+resolver+clock,contest_split,60,0,0,0
E10_root_cause,gap=8.0;restart=True,legacy/always/relay+resolver+window,contest_split,60,0,0,0
E10_root_cause,gap=8.0;restart=True,legacy/always/relay+resolver+window+clock,contest_split,60,0,0,0
E10_root_cause,gap=8.0;restart=True,legacy/always/relay+window,contest_split,60,0,0,0
E10_root_cause,gap=8.0;restart=True,legacy/always/relay+window+clock,contest_split,60,0,0,0
E10_root_cause,gap=8.0;restart=True,legacy/reconcile/direct,contest_split,60,0.997222,0.991667,1
E10_root_cause,gap=8.0;restart=True,legacy/reconcile/direct+clock,contest_split,60,0.997222,0.991667,1
E10_root_cause,gap=8.0;restart=True,legacy/reconcile/direct+resolver,contest_split,60,0.997222,0.991667,1
E10_root_cause,gap=8.0;restart=True,legacy/reconcile/direct+resolver+clock,contest_split,60,0.997222,0.991667,1
E10_root_cause,gap=8.0;restart=True,legacy/reconcile/direct+resolver+window,contest_split,60,1,1,1
E10_root_cause,gap=8.0;restart=True,legacy/reconcile/direct+resolver+window+clock,contest_split,60,0.0361111,0.0111111,0.0694444
E10_root_cause,gap=8.0;restart=True,legacy/reconcile/direct+window,contest_split,60,1,1,1
E10_root_cause,gap=8.0;restart=True,legacy/reconcile/direct+window+clock,contest_split,60,0.0361111,0.0111111,0.0694444
E10_root_cause,gap=8.0;restart=True,legacy/reconcile/relay,contest_split,60,0.983333,0.95,1
E10_root_cause,gap=8.0;restart=True,legacy/reconcile/relay+clock,contest_split,60,0.983333,0.95,1
E10_root_cause,gap=8.0;restart=True,legacy/reconcile/relay+resolver,contest_split,60,0.983333,0.95,1
E10_root_cause,gap=8.0;restart=True,legacy/reconcile/relay+resolver+clock,contest_split,60,0.983333,0.95,1
E10_root_cause,gap=8.0;restart=True,legacy/reconcile/relay+resolver+window,contest_split,60,0,0,0
E10_root_cause,gap=8.0;restart=True,legacy/reconcile/relay+resolver+window+clock,contest_split,60,0,0,0
E10_root_cause,gap=8.0;restart=True,legacy/reconcile/relay+window,contest_split,60,0,0,0
E10_root_cause,gap=8.0;restart=True,legacy/reconcile/relay+window+clock,contest_split,60,0,0,0
E10_root_cause,gap=2.0;restart=False,legacy/always/direct,contest_regret,60,0.0103383,0.00891643,0.0117348
E10_root_cause,gap=2.0;restart=False,legacy/always/direct+clock,contest_regret,60,0.0103383,0.00891643,0.0117348
E10_root_cause,gap=2.0;restart=False,legacy/always/direct+resolver,contest_regret,60,0,0,0
E10_root_cause,gap=2.0;restart=False,legacy/always/direct+resolver+clock,contest_regret,60,0,0,0
E10_root_cause,gap=2.0;restart=False,legacy/always/direct+resolver+window,contest_regret,60,0,0,0
E10_root_cause,gap=2.0;restart=False,legacy/always/direct+resolver+window+clock,contest_regret,60,0,0,0
E10_root_cause,gap=2.0;restart=False,legacy/always/direct+window,contest_regret,60,0.0103383,0.00891643,0.0117348
E10_root_cause,gap=2.0;restart=False,legacy/always/direct+window+clock,contest_regret,60,0.0103383,0.00891643,0.0117348
E10_root_cause,gap=2.0;restart=False,legacy/always/relay,contest_regret,60,0.0103331,0.00884621,0.0117676
E10_root_cause,gap=2.0;restart=False,legacy/always/relay+clock,contest_regret,60,0.0103331,0.00884621,0.0117676
E10_root_cause,gap=2.0;restart=False,legacy/always/relay+resolver,contest_regret,60,0,0,0
E10_root_cause,gap=2.0;restart=False,legacy/always/relay+resolver+clock,contest_regret,60,0,0,0
E10_root_cause,gap=2.0;restart=False,legacy/always/relay+resolver+window,contest_regret,60,0,0,0
E10_root_cause,gap=2.0;restart=False,legacy/always/relay+resolver+window+clock,contest_regret,60,0,0,0
E10_root_cause,gap=2.0;restart=False,legacy/always/relay+window,contest_regret,60,0.0103331,0.00884621,0.0117676
E10_root_cause,gap=2.0;restart=False,legacy/always/relay+window+clock,contest_regret,60,0.0103331,0.00884621,0.0117676
E10_root_cause,gap=2.0;restart=False,legacy/reconcile/direct,contest_regret,60,0.0343009,0.0316599,0.0370292
E10_root_cause,gap=2.0;restart=False,legacy/reconcile/direct+clock,contest_regret,60,0.0339798,0.031402,0.0368167
E10_root_cause,gap=2.0;restart=False,legacy/reconcile/direct+resolver,contest_regret,60,0.0314266,0.0286009,0.0342885
E10_root_cause,gap=2.0;restart=False,legacy/reconcile/direct+resolver+clock,contest_regret,60,0.0310795,0.0282832,0.0339528
E10_root_cause,gap=2.0;restart=False,legacy/reconcile/direct+resolver+window,contest_regret,60,0.0351437,0.0323006,0.0380254
E10_root_cause,gap=2.0;restart=False,legacy/reconcile/direct+resolver+window+clock,contest_regret,60,0.0352239,0.0308449,0.03976
E10_root_cause,gap=2.0;restart=False,legacy/reconcile/direct+window,contest_regret,60,0.0369943,0.0341117,0.0399461
E10_root_cause,gap=2.0;restart=False,legacy/reconcile/direct+window+clock,contest_regret,60,0.0370477,0.0327755,0.0414658
E10_root_cause,gap=2.0;restart=False,legacy/reconcile/relay,contest_regret,60,0.0223141,0.0188286,0.0260331
E10_root_cause,gap=2.0;restart=False,legacy/reconcile/relay+clock,contest_regret,60,0.0222745,0.0188255,0.025821
E10_root_cause,gap=2.0;restart=False,legacy/reconcile/relay+resolver,contest_regret,60,0.0165746,0.013156,0.0200117
E10_root_cause,gap=2.0;restart=False,legacy/reconcile/relay+resolver+clock,contest_regret,60,0.016535,0.0131438,0.0200036
E10_root_cause,gap=2.0;restart=False,legacy/reconcile/relay+resolver+window,contest_regret,60,0.0954751,0.0880949,0.10271
E10_root_cause,gap=2.0;restart=False,legacy/reconcile/relay+resolver+window+clock,contest_regret,60,0.0325194,0.0266383,0.0387249
E10_root_cause,gap=2.0;restart=False,legacy/reconcile/relay+window,contest_regret,60,0.0959826,0.0883303,0.103285
E10_root_cause,gap=2.0;restart=False,legacy/reconcile/relay+window+clock,contest_regret,60,0.0356463,0.0303121,0.0419903
E10_root_cause,gap=2.0;restart=True,legacy/always/direct,contest_regret,60,0.0103383,0.00897554,0.0117424
E10_root_cause,gap=2.0;restart=True,legacy/always/direct+clock,contest_regret,60,0.0103383,0.00897554,0.0117424
E10_root_cause,gap=2.0;restart=True,legacy/always/direct+resolver,contest_regret,60,0,0,0
E10_root_cause,gap=2.0;restart=True,legacy/always/direct+resolver+clock,contest_regret,60,0,0,0
E10_root_cause,gap=2.0;restart=True,legacy/always/direct+resolver+window,contest_regret,60,0,0,0
E10_root_cause,gap=2.0;restart=True,legacy/always/direct+resolver+window+clock,contest_regret,60,0,0,0
E10_root_cause,gap=2.0;restart=True,legacy/always/direct+window,contest_regret,60,0.0103383,0.00897554,0.0117424
E10_root_cause,gap=2.0;restart=True,legacy/always/direct+window+clock,contest_regret,60,0.0103383,0.00897554,0.0117424
E10_root_cause,gap=2.0;restart=True,legacy/always/relay,contest_regret,60,0.0103331,0.00884621,0.0117676
E10_root_cause,gap=2.0;restart=True,legacy/always/relay+clock,contest_regret,60,0.0103331,0.00884621,0.0117676
E10_root_cause,gap=2.0;restart=True,legacy/always/relay+resolver,contest_regret,60,0,0,0
E10_root_cause,gap=2.0;restart=True,legacy/always/relay+resolver+clock,contest_regret,60,0,0,0
E10_root_cause,gap=2.0;restart=True,legacy/always/relay+resolver+window,contest_regret,60,0,0,0
E10_root_cause,gap=2.0;restart=True,legacy/always/relay+resolver+window+clock,contest_regret,60,0,0,0
E10_root_cause,gap=2.0;restart=True,legacy/always/relay+window,contest_regret,60,0.0103331,0.00884621,0.0117676
E10_root_cause,gap=2.0;restart=True,legacy/always/relay+window+clock,contest_regret,60,0.0103331,0.00884621,0.0117676
E10_root_cause,gap=2.0;restart=True,legacy/reconcile/direct,contest_regret,60,0.0343009,0.031664,0.0370334
E10_root_cause,gap=2.0;restart=True,legacy/reconcile/direct+clock,contest_regret,60,0.0339798,0.0312835,0.0366716
E10_root_cause,gap=2.0;restart=True,legacy/reconcile/direct+resolver,contest_regret,60,0.0314266,0.0284788,0.0342488
E10_root_cause,gap=2.0;restart=True,legacy/reconcile/direct+resolver+clock,contest_regret,60,0.0310795,0.028016,0.0339388
E10_root_cause,gap=2.0;restart=True,legacy/reconcile/direct+resolver+window,contest_regret,60,0.0351437,0.0323831,0.0381272
E10_root_cause,gap=2.0;restart=True,legacy/reconcile/direct+resolver+window+clock,contest_regret,60,0.0352239,0.0310742,0.0395168
E10_root_cause,gap=2.0;restart=True,legacy/reconcile/direct+window,contest_regret,60,0.0369963,0.0342812,0.0399303
E10_root_cause,gap=2.0;restart=True,legacy/reconcile/direct+window+clock,contest_regret,60,0.0370477,0.0329844,0.0413693
E10_root_cause,gap=2.0;restart=True,legacy/reconcile/relay,contest_regret,60,0.0223141,0.018991,0.0258909
E10_root_cause,gap=2.0;restart=True,legacy/reconcile/relay+clock,contest_regret,60,0.0222745,0.0189426,0.0258233
E10_root_cause,gap=2.0;restart=True,legacy/reconcile/relay+resolver,contest_regret,60,0.0165746,0.0133349,0.0200126
E10_root_cause,gap=2.0;restart=True,legacy/reconcile/relay+resolver+clock,contest_regret,60,0.016535,0.0133125,0.0199745
E10_root_cause,gap=2.0;restart=True,legacy/reconcile/relay+resolver+window,contest_regret,60,0.0954751,0.0880949,0.10271
E10_root_cause,gap=2.0;restart=True,legacy/reconcile/relay+resolver+window+clock,contest_regret,60,0.0325194,0.0266383,0.0387249
E10_root_cause,gap=2.0;restart=True,legacy/reconcile/relay+window,contest_regret,60,0.0959826,0.0883303,0.103285
E10_root_cause,gap=2.0;restart=True,legacy/reconcile/relay+window+clock,contest_regret,60,0.0356463,0.0303121,0.0419903
E10_root_cause,gap=8.0;restart=False,legacy/always/direct,contest_regret,60,0.0102769,0.00873658,0.0120065
E10_root_cause,gap=8.0;restart=False,legacy/always/direct+clock,contest_regret,60,0.0102769,0.00873658,0.0120065
E10_root_cause,gap=8.0;restart=False,legacy/always/direct+resolver,contest_regret,60,0,0,0
E10_root_cause,gap=8.0;restart=False,legacy/always/direct+resolver+clock,contest_regret,60,0,0,0
E10_root_cause,gap=8.0;restart=False,legacy/always/direct+resolver+window,contest_regret,60,0,0,0
E10_root_cause,gap=8.0;restart=False,legacy/always/direct+resolver+window+clock,contest_regret,60,0,0,0
E10_root_cause,gap=8.0;restart=False,legacy/always/direct+window,contest_regret,60,0.0102769,0.00873658,0.0120065
E10_root_cause,gap=8.0;restart=False,legacy/always/direct+window+clock,contest_regret,60,0.0102769,0.00873658,0.0120065
E10_root_cause,gap=8.0;restart=False,legacy/always/relay,contest_regret,60,0.0103028,0.00867752,0.011817
E10_root_cause,gap=8.0;restart=False,legacy/always/relay+clock,contest_regret,60,0.0103028,0.00867752,0.011817
E10_root_cause,gap=8.0;restart=False,legacy/always/relay+resolver,contest_regret,60,0,0,0
E10_root_cause,gap=8.0;restart=False,legacy/always/relay+resolver+clock,contest_regret,60,0,0,0
E10_root_cause,gap=8.0;restart=False,legacy/always/relay+resolver+window,contest_regret,60,0,0,0
E10_root_cause,gap=8.0;restart=False,legacy/always/relay+resolver+window+clock,contest_regret,60,0,0,0
E10_root_cause,gap=8.0;restart=False,legacy/always/relay+window,contest_regret,60,0.0103028,0.00867752,0.011817
E10_root_cause,gap=8.0;restart=False,legacy/always/relay+window+clock,contest_regret,60,0.0103028,0.00867752,0.011817
E10_root_cause,gap=8.0;restart=False,legacy/reconcile/direct,contest_regret,60,0.0422615,0.0393917,0.0450498
E10_root_cause,gap=8.0;restart=False,legacy/reconcile/direct+clock,contest_regret,60,0.0422615,0.0395413,0.0451665
E10_root_cause,gap=8.0;restart=False,legacy/reconcile/direct+resolver,contest_regret,60,0.0422615,0.0393917,0.0450498
E10_root_cause,gap=8.0;restart=False,legacy/reconcile/direct+resolver+clock,contest_regret,60,0.0422615,0.0395413,0.0451665
E10_root_cause,gap=8.0;restart=False,legacy/reconcile/direct+resolver+window,contest_regret,60,0.0426303,0.0392615,0.0461377
E10_root_cause,gap=8.0;restart=False,legacy/reconcile/direct+resolver+window+clock,contest_regret,60,0.043234,0.0381482,0.0483316
E10_root_cause,gap=8.0;restart=False,legacy/reconcile/direct+window,contest_regret,60,0.0426303,0.0392615,0.0461377
E10_root_cause,gap=8.0;restart=False,legacy/reconcile/direct+window+clock,contest_regret,60,0.043234,0.0381482,0.0483316
E10_root_cause,gap=8.0;restart=False,legacy/reconcile/relay,contest_regret,60,0.0422686,0.0396428,0.0449387
E10_root_cause,gap=8.0;restart=False,legacy/reconcile/relay+clock,contest_regret,60,0.0422686,0.0396428,0.0449387
E10_root_cause,gap=8.0;restart=False,legacy/reconcile/relay+resolver,contest_regret,60,0.0419712,0.0392271,0.044715
E10_root_cause,gap=8.0;restart=False,legacy/reconcile/relay+resolver+clock,contest_regret,60,0.0419712,0.0392271,0.044715
E10_root_cause,gap=8.0;restart=False,legacy/reconcile/relay+resolver+window,contest_regret,60,0.0911646,0.0842523,0.0983635
E10_root_cause,gap=8.0;restart=False,legacy/reconcile/relay+resolver+window+clock,contest_regret,60,0.0429466,0.0380591,0.0478824
E10_root_cause,gap=8.0;restart=False,legacy/reconcile/relay+window,contest_regret,60,0.0911646,0.0842523,0.0983635
E10_root_cause,gap=8.0;restart=False,legacy/reconcile/relay+window+clock,contest_regret,60,0.0429466,0.0380591,0.0478824
E10_root_cause,gap=8.0;restart=True,legacy/always/direct,contest_regret,60,0.0102769,0.0087341,0.0119669
E10_root_cause,gap=8.0;restart=True,legacy/always/direct+clock,contest_regret,60,0.0102769,0.0087341,0.0119669
E10_root_cause,gap=8.0;restart=True,legacy/always/direct+resolver,contest_regret,60,0,0,0
E10_root_cause,gap=8.0;restart=True,legacy/always/direct+resolver+clock,contest_regret,60,0,0,0
E10_root_cause,gap=8.0;restart=True,legacy/always/direct+resolver+window,contest_regret,60,0,0,0
E10_root_cause,gap=8.0;restart=True,legacy/always/direct+resolver+window+clock,contest_regret,60,0,0,0
E10_root_cause,gap=8.0;restart=True,legacy/always/direct+window,contest_regret,60,0.0102769,0.0087341,0.0119669
E10_root_cause,gap=8.0;restart=True,legacy/always/direct+window+clock,contest_regret,60,0.0102769,0.0087341,0.0119669
E10_root_cause,gap=8.0;restart=True,legacy/always/relay,contest_regret,60,0.0103028,0.00867752,0.011817
E10_root_cause,gap=8.0;restart=True,legacy/always/relay+clock,contest_regret,60,0.0103028,0.00867752,0.011817
E10_root_cause,gap=8.0;restart=True,legacy/always/relay+resolver,contest_regret,60,0,0,0
E10_root_cause,gap=8.0;restart=True,legacy/always/relay+resolver+clock,contest_regret,60,0,0,0
E10_root_cause,gap=8.0;restart=True,legacy/always/relay+resolver+window,contest_regret,60,0,0,0
E10_root_cause,gap=8.0;restart=True,legacy/always/relay+resolver+window+clock,contest_regret,60,0,0,0
E10_root_cause,gap=8.0;restart=True,legacy/always/relay+window,contest_regret,60,0.0103028,0.00867752,0.011817
E10_root_cause,gap=8.0;restart=True,legacy/always/relay+window+clock,contest_regret,60,0.0103028,0.00867752,0.011817
E10_root_cause,gap=8.0;restart=True,legacy/reconcile/direct,contest_regret,60,0.0422615,0.0393917,0.0450498
E10_root_cause,gap=8.0;restart=True,legacy/reconcile/direct+clock,contest_regret,60,0.0422615,0.0395413,0.0451665
E10_root_cause,gap=8.0;restart=True,legacy/reconcile/direct+resolver,contest_regret,60,0.0422615,0.0393917,0.0450498
E10_root_cause,gap=8.0;restart=True,legacy/reconcile/direct+resolver+clock,contest_regret,60,0.0422615,0.0395413,0.0451665
E10_root_cause,gap=8.0;restart=True,legacy/reconcile/direct+resolver+window,contest_regret,60,0.0426303,0.0392615,0.0461377
E10_root_cause,gap=8.0;restart=True,legacy/reconcile/direct+resolver+window+clock,contest_regret,60,0.043234,0.0381482,0.0483316
E10_root_cause,gap=8.0;restart=True,legacy/reconcile/direct+window,contest_regret,60,0.0426303,0.0392615,0.0461377
E10_root_cause,gap=8.0;restart=True,legacy/reconcile/direct+window+clock,contest_regret,60,0.043234,0.0381482,0.0483316
E10_root_cause,gap=8.0;restart=True,legacy/reconcile/relay,contest_regret,60,0.0422686,0.0396428,0.0449387
E10_root_cause,gap=8.0;restart=True,legacy/reconcile/relay+clock,contest_regret,60,0.0422686,0.0396428,0.0449387
E10_root_cause,gap=8.0;restart=True,legacy/reconcile/relay+resolver,contest_regret,60,0.0419712,0.0392271,0.044715
E10_root_cause,gap=8.0;restart=True,legacy/reconcile/relay+resolver+clock,contest_regret,60,0.0419712,0.0392271,0.044715
E10_root_cause,gap=8.0;restart=True,legacy/reconcile/relay+resolver+window,contest_regret,60,0.0911646,0.0842523,0.0983635
E10_root_cause,gap=8.0;restart=True,legacy/reconcile/relay+resolver+window+clock,contest_regret,60,0.0429466,0.0380591,0.0478824
E10_root_cause,gap=8.0;restart=True,legacy/reconcile/relay+window,contest_regret,60,0.0911646,0.0842523,0.0983635
E10_root_cause,gap=8.0;restart=True,legacy/reconcile/relay+window+clock,contest_regret,60,0.0429466,0.0380591,0.0478824
E10_root_cause,gap=2.0;restart=False,legacy/always/direct,aborted,60,0,0,0.0601739
E10_root_cause,gap=2.0;restart=False,legacy/always/direct+clock,aborted,60,0,0,0.0601739
E10_root_cause,gap=2.0;restart=False,legacy/always/direct+resolver,aborted,60,0,0,0.0601739
E10_root_cause,gap=2.0;restart=False,legacy/always/direct+resolver+clock,aborted,60,0,0,0.0601739
E10_root_cause,gap=2.0;restart=False,legacy/always/direct+resolver+window,aborted,60,0,0,0.0601739
E10_root_cause,gap=2.0;restart=False,legacy/always/direct+resolver+window+clock,aborted,60,0,0,0.0601739
E10_root_cause,gap=2.0;restart=False,legacy/always/direct+window,aborted,60,0,0,0.0601739
E10_root_cause,gap=2.0;restart=False,legacy/always/direct+window+clock,aborted,60,0,0,0.0601739
E10_root_cause,gap=2.0;restart=False,legacy/always/relay,aborted,60,0,0,0.0601739
E10_root_cause,gap=2.0;restart=False,legacy/always/relay+clock,aborted,60,0,0,0.0601739
E10_root_cause,gap=2.0;restart=False,legacy/always/relay+resolver,aborted,60,0,0,0.0601739
E10_root_cause,gap=2.0;restart=False,legacy/always/relay+resolver+clock,aborted,60,0,0,0.0601739
E10_root_cause,gap=2.0;restart=False,legacy/always/relay+resolver+window,aborted,60,0,0,0.0601739
E10_root_cause,gap=2.0;restart=False,legacy/always/relay+resolver+window+clock,aborted,60,0,0,0.0601739
E10_root_cause,gap=2.0;restart=False,legacy/always/relay+window,aborted,60,0,0,0.0601739
E10_root_cause,gap=2.0;restart=False,legacy/always/relay+window+clock,aborted,60,0,0,0.0601739
E10_root_cause,gap=2.0;restart=False,legacy/reconcile/direct,aborted,60,0,0,0.0601739
E10_root_cause,gap=2.0;restart=False,legacy/reconcile/direct+clock,aborted,60,0,0,0.0601739
E10_root_cause,gap=2.0;restart=False,legacy/reconcile/direct+resolver,aborted,60,0,0,0.0601739
E10_root_cause,gap=2.0;restart=False,legacy/reconcile/direct+resolver+clock,aborted,60,0,0,0.0601739
E10_root_cause,gap=2.0;restart=False,legacy/reconcile/direct+resolver+window,aborted,60,0,0,0.0601739
E10_root_cause,gap=2.0;restart=False,legacy/reconcile/direct+resolver+window+clock,aborted,60,0,0,0.0601739
E10_root_cause,gap=2.0;restart=False,legacy/reconcile/direct+window,aborted,60,0,0,0.0601739
E10_root_cause,gap=2.0;restart=False,legacy/reconcile/direct+window+clock,aborted,60,0,0,0.0601739
E10_root_cause,gap=2.0;restart=False,legacy/reconcile/relay,aborted,60,0,0,0.0601739
E10_root_cause,gap=2.0;restart=False,legacy/reconcile/relay+clock,aborted,60,0,0,0.0601739
E10_root_cause,gap=2.0;restart=False,legacy/reconcile/relay+resolver,aborted,60,0,0,0.0601739
E10_root_cause,gap=2.0;restart=False,legacy/reconcile/relay+resolver+clock,aborted,60,0,0,0.0601739
E10_root_cause,gap=2.0;restart=False,legacy/reconcile/relay+resolver+window,aborted,60,0,0,0.0601739
E10_root_cause,gap=2.0;restart=False,legacy/reconcile/relay+resolver+window+clock,aborted,60,0,0,0.0601739
E10_root_cause,gap=2.0;restart=False,legacy/reconcile/relay+window,aborted,60,0,0,0.0601739
E10_root_cause,gap=2.0;restart=False,legacy/reconcile/relay+window+clock,aborted,60,0,0,0.0601739
E10_root_cause,gap=2.0;restart=True,legacy/always/direct,aborted,60,0,0,0.0601739
E10_root_cause,gap=2.0;restart=True,legacy/always/direct+clock,aborted,60,0,0,0.0601739
E10_root_cause,gap=2.0;restart=True,legacy/always/direct+resolver,aborted,60,0,0,0.0601739
E10_root_cause,gap=2.0;restart=True,legacy/always/direct+resolver+clock,aborted,60,0,0,0.0601739
E10_root_cause,gap=2.0;restart=True,legacy/always/direct+resolver+window,aborted,60,0,0,0.0601739
E10_root_cause,gap=2.0;restart=True,legacy/always/direct+resolver+window+clock,aborted,60,0,0,0.0601739
E10_root_cause,gap=2.0;restart=True,legacy/always/direct+window,aborted,60,0,0,0.0601739
E10_root_cause,gap=2.0;restart=True,legacy/always/direct+window+clock,aborted,60,0,0,0.0601739
E10_root_cause,gap=2.0;restart=True,legacy/always/relay,aborted,60,0,0,0.0601739
E10_root_cause,gap=2.0;restart=True,legacy/always/relay+clock,aborted,60,0,0,0.0601739
E10_root_cause,gap=2.0;restart=True,legacy/always/relay+resolver,aborted,60,0,0,0.0601739
E10_root_cause,gap=2.0;restart=True,legacy/always/relay+resolver+clock,aborted,60,0,0,0.0601739
E10_root_cause,gap=2.0;restart=True,legacy/always/relay+resolver+window,aborted,60,0,0,0.0601739
E10_root_cause,gap=2.0;restart=True,legacy/always/relay+resolver+window+clock,aborted,60,0,0,0.0601739
E10_root_cause,gap=2.0;restart=True,legacy/always/relay+window,aborted,60,0,0,0.0601739
E10_root_cause,gap=2.0;restart=True,legacy/always/relay+window+clock,aborted,60,0,0,0.0601739
E10_root_cause,gap=2.0;restart=True,legacy/reconcile/direct,aborted,60,0,0,0.0601739
E10_root_cause,gap=2.0;restart=True,legacy/reconcile/direct+clock,aborted,60,0,0,0.0601739
E10_root_cause,gap=2.0;restart=True,legacy/reconcile/direct+resolver,aborted,60,0,0,0.0601739
E10_root_cause,gap=2.0;restart=True,legacy/reconcile/direct+resolver+clock,aborted,60,0,0,0.0601739
E10_root_cause,gap=2.0;restart=True,legacy/reconcile/direct+resolver+window,aborted,60,0,0,0.0601739
E10_root_cause,gap=2.0;restart=True,legacy/reconcile/direct+resolver+window+clock,aborted,60,0,0,0.0601739
E10_root_cause,gap=2.0;restart=True,legacy/reconcile/direct+window,aborted,60,0,0,0.0601739
E10_root_cause,gap=2.0;restart=True,legacy/reconcile/direct+window+clock,aborted,60,0,0,0.0601739
E10_root_cause,gap=2.0;restart=True,legacy/reconcile/relay,aborted,60,0,0,0.0601739
E10_root_cause,gap=2.0;restart=True,legacy/reconcile/relay+clock,aborted,60,0,0,0.0601739
E10_root_cause,gap=2.0;restart=True,legacy/reconcile/relay+resolver,aborted,60,0,0,0.0601739
E10_root_cause,gap=2.0;restart=True,legacy/reconcile/relay+resolver+clock,aborted,60,0,0,0.0601739
E10_root_cause,gap=2.0;restart=True,legacy/reconcile/relay+resolver+window,aborted,60,0,0,0.0601739
E10_root_cause,gap=2.0;restart=True,legacy/reconcile/relay+resolver+window+clock,aborted,60,0,0,0.0601739
E10_root_cause,gap=2.0;restart=True,legacy/reconcile/relay+window,aborted,60,0,0,0.0601739
E10_root_cause,gap=2.0;restart=True,legacy/reconcile/relay+window+clock,aborted,60,0,0,0.0601739
E10_root_cause,gap=8.0;restart=False,legacy/always/direct,aborted,60,0,0,0.0601739
E10_root_cause,gap=8.0;restart=False,legacy/always/direct+clock,aborted,60,0,0,0.0601739
E10_root_cause,gap=8.0;restart=False,legacy/always/direct+resolver,aborted,60,0,0,0.0601739
E10_root_cause,gap=8.0;restart=False,legacy/always/direct+resolver+clock,aborted,60,0,0,0.0601739
E10_root_cause,gap=8.0;restart=False,legacy/always/direct+resolver+window,aborted,60,0,0,0.0601739
E10_root_cause,gap=8.0;restart=False,legacy/always/direct+resolver+window+clock,aborted,60,0,0,0.0601739
E10_root_cause,gap=8.0;restart=False,legacy/always/direct+window,aborted,60,0,0,0.0601739
E10_root_cause,gap=8.0;restart=False,legacy/always/direct+window+clock,aborted,60,0,0,0.0601739
E10_root_cause,gap=8.0;restart=False,legacy/always/relay,aborted,60,0,0,0.0601739
E10_root_cause,gap=8.0;restart=False,legacy/always/relay+clock,aborted,60,0,0,0.0601739
E10_root_cause,gap=8.0;restart=False,legacy/always/relay+resolver,aborted,60,0,0,0.0601739
E10_root_cause,gap=8.0;restart=False,legacy/always/relay+resolver+clock,aborted,60,0,0,0.0601739
E10_root_cause,gap=8.0;restart=False,legacy/always/relay+resolver+window,aborted,60,0,0,0.0601739
E10_root_cause,gap=8.0;restart=False,legacy/always/relay+resolver+window+clock,aborted,60,0,0,0.0601739
E10_root_cause,gap=8.0;restart=False,legacy/always/relay+window,aborted,60,0,0,0.0601739
E10_root_cause,gap=8.0;restart=False,legacy/always/relay+window+clock,aborted,60,0,0,0.0601739
E10_root_cause,gap=8.0;restart=False,legacy/reconcile/direct,aborted,60,0,0,0.0601739
E10_root_cause,gap=8.0;restart=False,legacy/reconcile/direct+clock,aborted,60,0,0,0.0601739
E10_root_cause,gap=8.0;restart=False,legacy/reconcile/direct+resolver,aborted,60,0,0,0.0601739
E10_root_cause,gap=8.0;restart=False,legacy/reconcile/direct+resolver+clock,aborted,60,0,0,0.0601739
E10_root_cause,gap=8.0;restart=False,legacy/reconcile/direct+resolver+window,aborted,60,0,0,0.0601739
E10_root_cause,gap=8.0;restart=False,legacy/reconcile/direct+resolver+window+clock,aborted,60,0,0,0.0601739
E10_root_cause,gap=8.0;restart=False,legacy/reconcile/direct+window,aborted,60,0,0,0.0601739
E10_root_cause,gap=8.0;restart=False,legacy/reconcile/direct+window+clock,aborted,60,0,0,0.0601739
E10_root_cause,gap=8.0;restart=False,legacy/reconcile/relay,aborted,60,0,0,0.0601739
E10_root_cause,gap=8.0;restart=False,legacy/reconcile/relay+clock,aborted,60,0,0,0.0601739
E10_root_cause,gap=8.0;restart=False,legacy/reconcile/relay+resolver,aborted,60,0,0,0.0601739
E10_root_cause,gap=8.0;restart=False,legacy/reconcile/relay+resolver+clock,aborted,60,0,0,0.0601739
E10_root_cause,gap=8.0;restart=False,legacy/reconcile/relay+resolver+window,aborted,60,0,0,0.0601739
E10_root_cause,gap=8.0;restart=False,legacy/reconcile/relay+resolver+window+clock,aborted,60,0,0,0.0601739
E10_root_cause,gap=8.0;restart=False,legacy/reconcile/relay+window,aborted,60,0,0,0.0601739
E10_root_cause,gap=8.0;restart=False,legacy/reconcile/relay+window+clock,aborted,60,0,0,0.0601739
E10_root_cause,gap=8.0;restart=True,legacy/always/direct,aborted,60,0,0,0.0601739
E10_root_cause,gap=8.0;restart=True,legacy/always/direct+clock,aborted,60,0,0,0.0601739
E10_root_cause,gap=8.0;restart=True,legacy/always/direct+resolver,aborted,60,0,0,0.0601739
E10_root_cause,gap=8.0;restart=True,legacy/always/direct+resolver+clock,aborted,60,0,0,0.0601739
E10_root_cause,gap=8.0;restart=True,legacy/always/direct+resolver+window,aborted,60,0,0,0.0601739
E10_root_cause,gap=8.0;restart=True,legacy/always/direct+resolver+window+clock,aborted,60,0,0,0.0601739
E10_root_cause,gap=8.0;restart=True,legacy/always/direct+window,aborted,60,0,0,0.0601739
E10_root_cause,gap=8.0;restart=True,legacy/always/direct+window+clock,aborted,60,0,0,0.0601739
E10_root_cause,gap=8.0;restart=True,legacy/always/relay,aborted,60,0,0,0.0601739
E10_root_cause,gap=8.0;restart=True,legacy/always/relay+clock,aborted,60,0,0,0.0601739
E10_root_cause,gap=8.0;restart=True,legacy/always/relay+resolver,aborted,60,0,0,0.0601739
E10_root_cause,gap=8.0;restart=True,legacy/always/relay+resolver+clock,aborted,60,0,0,0.0601739
E10_root_cause,gap=8.0;restart=True,legacy/always/relay+resolver+window,aborted,60,0,0,0.0601739
E10_root_cause,gap=8.0;restart=True,legacy/always/relay+resolver+window+clock,aborted,60,0,0,0.0601739
E10_root_cause,gap=8.0;restart=True,legacy/always/relay+window,aborted,60,0,0,0.0601739
E10_root_cause,gap=8.0;restart=True,legacy/always/relay+window+clock,aborted,60,0,0,0.0601739
E10_root_cause,gap=8.0;restart=True,legacy/reconcile/direct,aborted,60,0,0,0.0601739
E10_root_cause,gap=8.0;restart=True,legacy/reconcile/direct+clock,aborted,60,0,0,0.0601739
E10_root_cause,gap=8.0;restart=True,legacy/reconcile/direct+resolver,aborted,60,0,0,0.0601739
E10_root_cause,gap=8.0;restart=True,legacy/reconcile/direct+resolver+clock,aborted,60,0,0,0.0601739
E10_root_cause,gap=8.0;restart=True,legacy/reconcile/direct+resolver+window,aborted,60,0,0,0.0601739
E10_root_cause,gap=8.0;restart=True,legacy/reconcile/direct+resolver+window+clock,aborted,60,0,0,0.0601739
E10_root_cause,gap=8.0;restart=True,legacy/reconcile/direct+window,aborted,60,0,0,0.0601739
E10_root_cause,gap=8.0;restart=True,legacy/reconcile/direct+window+clock,aborted,60,0,0,0.0601739
E10_root_cause,gap=8.0;restart=True,legacy/reconcile/relay,aborted,60,0,0,0.0601739
E10_root_cause,gap=8.0;restart=True,legacy/reconcile/relay+clock,aborted,60,0,0,0.0601739
E10_root_cause,gap=8.0;restart=True,legacy/reconcile/relay+resolver,aborted,60,0,0,0.0601739
E10_root_cause,gap=8.0;restart=True,legacy/reconcile/relay+resolver+clock,aborted,60,0,0,0.0601739
E10_root_cause,gap=8.0;restart=True,legacy/reconcile/relay+resolver+window,aborted,60,0,0,0.0601739
E10_root_cause,gap=8.0;restart=True,legacy/reconcile/relay+resolver+window+clock,aborted,60,0,0,0.0601739
E10_root_cause,gap=8.0;restart=True,legacy/reconcile/relay+window,aborted,60,0,0,0.0601739
E10_root_cause,gap=8.0;restart=True,legacy/reconcile/relay+window+clock,aborted,60,0,0,0.0601739
E10_root_cause,gap=2.0;restart=False,legacy/always/direct,t_conv_own,60,4.79167,4.075,5.79167
E10_root_cause,gap=2.0;restart=False,legacy/always/direct+clock,t_conv_own,60,4.79167,4.075,5.79167
E10_root_cause,gap=2.0;restart=False,legacy/always/direct+resolver,t_conv_own,60,3.08333,2.825,3.39167
E10_root_cause,gap=2.0;restart=False,legacy/always/direct+resolver+clock,t_conv_own,60,3.08333,2.825,3.39167
E10_root_cause,gap=2.0;restart=False,legacy/always/direct+resolver+window,t_conv_own,60,3.08333,2.825,3.39167
E10_root_cause,gap=2.0;restart=False,legacy/always/direct+resolver+window+clock,t_conv_own,60,3.08333,2.825,3.39167
E10_root_cause,gap=2.0;restart=False,legacy/always/direct+window,t_conv_own,60,4.79167,4.075,5.79167
E10_root_cause,gap=2.0;restart=False,legacy/always/direct+window+clock,t_conv_own,60,4.79167,4.075,5.79167
E10_root_cause,gap=2.0;restart=False,legacy/always/relay,t_conv_own,60,4.85,4.00813,5.94187
E10_root_cause,gap=2.0;restart=False,legacy/always/relay+clock,t_conv_own,60,4.85,4.00813,5.94187
E10_root_cause,gap=2.0;restart=False,legacy/always/relay+resolver,t_conv_own,60,2.80833,2.625,2.99167
E10_root_cause,gap=2.0;restart=False,legacy/always/relay+resolver+clock,t_conv_own,60,2.80833,2.625,2.99167
E10_root_cause,gap=2.0;restart=False,legacy/always/relay+resolver+window,t_conv_own,60,2.80833,2.625,2.99167
E10_root_cause,gap=2.0;restart=False,legacy/always/relay+resolver+window+clock,t_conv_own,60,2.80833,2.625,2.99167
E10_root_cause,gap=2.0;restart=False,legacy/always/relay+window,t_conv_own,60,4.85,4.00813,5.94187
E10_root_cause,gap=2.0;restart=False,legacy/always/relay+window+clock,t_conv_own,60,4.85,4.00813,5.94187
E10_root_cause,gap=2.0;restart=False,legacy/reconcile/direct+resolver+window+clock,t_conv_own,51,21.7745,20.549,22.961
E10_root_cause,gap=2.0;restart=False,legacy/reconcile/direct+window+clock,t_conv_own,51,21.7745,20.549,22.961
E10_root_cause,gap=2.0;restart=False,legacy/reconcile/relay,t_conv_own,3,14.5,8.5,18
E10_root_cause,gap=2.0;restart=False,legacy/reconcile/relay+clock,t_conv_own,3,14.5,8.5,18
E10_root_cause,gap=2.0;restart=False,legacy/reconcile/relay+resolver,t_conv_own,3,14.5,8.5,18
E10_root_cause,gap=2.0;restart=False,legacy/reconcile/relay+resolver+clock,t_conv_own,3,14.5,8.5,18
E10_root_cause,gap=2.0;restart=False,legacy/reconcile/relay+resolver+window,t_conv_own,60,4.275,3.79146,4.80833
E10_root_cause,gap=2.0;restart=False,legacy/reconcile/relay+resolver+window+clock,t_conv_own,60,3.46667,3.175,3.75833
E10_root_cause,gap=2.0;restart=False,legacy/reconcile/relay+window,t_conv_own,60,4.325,3.84146,4.86667
E10_root_cause,gap=2.0;restart=False,legacy/reconcile/relay+window+clock,t_conv_own,60,3.55833,3.24167,3.88333
E10_root_cause,gap=2.0;restart=True,legacy/always/direct,t_conv_own,60,4.79167,4.075,5.79167
E10_root_cause,gap=2.0;restart=True,legacy/always/direct+clock,t_conv_own,60,4.79167,4.075,5.79167
E10_root_cause,gap=2.0;restart=True,legacy/always/direct+resolver,t_conv_own,60,3.08333,2.825,3.39167
E10_root_cause,gap=2.0;restart=True,legacy/always/direct+resolver+clock,t_conv_own,60,3.08333,2.825,3.39167
E10_root_cause,gap=2.0;restart=True,legacy/always/direct+resolver+window,t_conv_own,60,3.08333,2.825,3.39167
E10_root_cause,gap=2.0;restart=True,legacy/always/direct+resolver+window+clock,t_conv_own,60,3.08333,2.825,3.39167
E10_root_cause,gap=2.0;restart=True,legacy/always/direct+window,t_conv_own,60,4.79167,4.075,5.79167
E10_root_cause,gap=2.0;restart=True,legacy/always/direct+window+clock,t_conv_own,60,4.79167,4.075,5.79167
E10_root_cause,gap=2.0;restart=True,legacy/always/relay,t_conv_own,60,4.85,4.00813,5.94187
E10_root_cause,gap=2.0;restart=True,legacy/always/relay+clock,t_conv_own,60,4.85,4.00813,5.94187
E10_root_cause,gap=2.0;restart=True,legacy/always/relay+resolver,t_conv_own,60,2.80833,2.625,2.99167
E10_root_cause,gap=2.0;restart=True,legacy/always/relay+resolver+clock,t_conv_own,60,2.80833,2.625,2.99167
E10_root_cause,gap=2.0;restart=True,legacy/always/relay+resolver+window,t_conv_own,60,2.80833,2.625,2.99167
E10_root_cause,gap=2.0;restart=True,legacy/always/relay+resolver+window+clock,t_conv_own,60,2.80833,2.625,2.99167
E10_root_cause,gap=2.0;restart=True,legacy/always/relay+window,t_conv_own,60,4.85,4.00813,5.94187
E10_root_cause,gap=2.0;restart=True,legacy/always/relay+window+clock,t_conv_own,60,4.85,4.00813,5.94187
E10_root_cause,gap=2.0;restart=True,legacy/reconcile/direct+resolver+window+clock,t_conv_own,47,22.0213,20.7019,23.2447
E10_root_cause,gap=2.0;restart=True,legacy/reconcile/direct+window+clock,t_conv_own,47,22.0213,20.7019,23.2447
E10_root_cause,gap=2.0;restart=True,legacy/reconcile/relay,t_conv_own,3,12.3333,7.5,15
E10_root_cause,gap=2.0;restart=True,legacy/reconcile/relay+clock,t_conv_own,3,12.3333,7.5,15
E10_root_cause,gap=2.0;restart=True,legacy/reconcile/relay+resolver,t_conv_own,3,12.3333,7.5,15
E10_root_cause,gap=2.0;restart=True,legacy/reconcile/relay+resolver+clock,t_conv_own,3,12.3333,7.5,15
E10_root_cause,gap=2.0;restart=True,legacy/reconcile/relay+resolver+window,t_conv_own,60,4.275,3.79146,4.80833
E10_root_cause,gap=2.0;restart=True,legacy/reconcile/relay+resolver+window+clock,t_conv_own,60,3.46667,3.175,3.75833
E10_root_cause,gap=2.0;restart=True,legacy/reconcile/relay+window,t_conv_own,60,4.325,3.84146,4.86667
E10_root_cause,gap=2.0;restart=True,legacy/reconcile/relay+window+clock,t_conv_own,60,3.55833,3.24167,3.88333
E10_root_cause,gap=8.0;restart=False,legacy/always/direct,t_conv_own,60,5.09167,4.375,5.86687
E10_root_cause,gap=8.0;restart=False,legacy/always/direct+clock,t_conv_own,60,5.09167,4.375,5.86687
E10_root_cause,gap=8.0;restart=False,legacy/always/direct+resolver,t_conv_own,60,2.85,2.70813,3
E10_root_cause,gap=8.0;restart=False,legacy/always/direct+resolver+clock,t_conv_own,60,2.85,2.70813,3
E10_root_cause,gap=8.0;restart=False,legacy/always/direct+resolver+window,t_conv_own,60,2.85,2.70813,3
E10_root_cause,gap=8.0;restart=False,legacy/always/direct+resolver+window+clock,t_conv_own,60,2.85,2.70813,3
E10_root_cause,gap=8.0;restart=False,legacy/always/direct+window,t_conv_own,60,5.09167,4.375,5.86687
E10_root_cause,gap=8.0;restart=False,legacy/always/direct+window+clock,t_conv_own,60,5.09167,4.375,5.86687
E10_root_cause,gap=8.0;restart=False,legacy/always/relay,t_conv_own,60,5.25,4.41667,6.19167
E10_root_cause,gap=8.0;restart=False,legacy/always/relay+clock,t_conv_own,60,5.25,4.41667,6.19167
E10_root_cause,gap=8.0;restart=False,legacy/always/relay+resolver,t_conv_own,60,2.85,2.70813,3
E10_root_cause,gap=8.0;restart=False,legacy/always/relay+resolver+clock,t_conv_own,60,2.85,2.70813,3
E10_root_cause,gap=8.0;restart=False,legacy/always/relay+resolver+window,t_conv_own,60,2.85,2.70813,3
E10_root_cause,gap=8.0;restart=False,legacy/always/relay+resolver+window+clock,t_conv_own,60,2.85,2.70813,3
E10_root_cause,gap=8.0;restart=False,legacy/always/relay+window,t_conv_own,60,5.25,4.41667,6.19167
E10_root_cause,gap=8.0;restart=False,legacy/always/relay+window+clock,t_conv_own,60,5.25,4.41667,6.19167
E10_root_cause,gap=8.0;restart=False,legacy/reconcile/direct+resolver+window+clock,t_conv_own,50,21.11,19.83,22.31
E10_root_cause,gap=8.0;restart=False,legacy/reconcile/direct+window+clock,t_conv_own,50,21.11,19.83,22.31
E10_root_cause,gap=8.0;restart=False,legacy/reconcile/relay,t_conv_own,1,5.5,5.5,5.5
E10_root_cause,gap=8.0;restart=False,legacy/reconcile/relay+clock,t_conv_own,1,5.5,5.5,5.5
E10_root_cause,gap=8.0;restart=False,legacy/reconcile/relay+resolver,t_conv_own,1,5.5,5.5,5.5
E10_root_cause,gap=8.0;restart=False,legacy/reconcile/relay+resolver+clock,t_conv_own,1,5.5,5.5,5.5
E10_root_cause,gap=8.0;restart=False,legacy/reconcile/relay+resolver+window,t_conv_own,60,3.95833,3.48333,4.45021
E10_root_cause,gap=8.0;restart=False,legacy/reconcile/relay+resolver+window+clock,t_conv_own,60,2.78333,2.63333,2.93333
E10_root_cause,gap=8.0;restart=False,legacy/reconcile/relay+window,t_conv_own,60,3.95833,3.48333,4.45021
E10_root_cause,gap=8.0;restart=False,legacy/reconcile/relay+window+clock,t_conv_own,60,2.78333,2.63333,2.93333
E10_root_cause,gap=8.0;restart=True,legacy/always/direct,t_conv_own,60,5.09167,4.375,5.86687
E10_root_cause,gap=8.0;restart=True,legacy/always/direct+clock,t_conv_own,60,5.09167,4.375,5.86687
E10_root_cause,gap=8.0;restart=True,legacy/always/direct+resolver,t_conv_own,60,2.85,2.70813,3
E10_root_cause,gap=8.0;restart=True,legacy/always/direct+resolver+clock,t_conv_own,60,2.85,2.70813,3
E10_root_cause,gap=8.0;restart=True,legacy/always/direct+resolver+window,t_conv_own,60,2.85,2.70813,3
E10_root_cause,gap=8.0;restart=True,legacy/always/direct+resolver+window+clock,t_conv_own,60,2.85,2.70813,3
E10_root_cause,gap=8.0;restart=True,legacy/always/direct+window,t_conv_own,60,5.09167,4.375,5.86687
E10_root_cause,gap=8.0;restart=True,legacy/always/direct+window+clock,t_conv_own,60,5.09167,4.375,5.86687
E10_root_cause,gap=8.0;restart=True,legacy/always/relay,t_conv_own,60,5.25,4.41667,6.19167
E10_root_cause,gap=8.0;restart=True,legacy/always/relay+clock,t_conv_own,60,5.25,4.41667,6.19167
E10_root_cause,gap=8.0;restart=True,legacy/always/relay+resolver,t_conv_own,60,2.85,2.70813,3
E10_root_cause,gap=8.0;restart=True,legacy/always/relay+resolver+clock,t_conv_own,60,2.85,2.70813,3
E10_root_cause,gap=8.0;restart=True,legacy/always/relay+resolver+window,t_conv_own,60,2.85,2.70813,3
E10_root_cause,gap=8.0;restart=True,legacy/always/relay+resolver+window+clock,t_conv_own,60,2.85,2.70813,3
E10_root_cause,gap=8.0;restart=True,legacy/always/relay+window,t_conv_own,60,5.25,4.41667,6.19167
E10_root_cause,gap=8.0;restart=True,legacy/always/relay+window+clock,t_conv_own,60,5.25,4.41667,6.19167
E10_root_cause,gap=8.0;restart=True,legacy/reconcile/direct+resolver+window+clock,t_conv_own,50,21.11,19.83,22.31
E10_root_cause,gap=8.0;restart=True,legacy/reconcile/direct+window+clock,t_conv_own,50,21.11,19.83,22.31
E10_root_cause,gap=8.0;restart=True,legacy/reconcile/relay,t_conv_own,1,5.5,5.5,5.5
E10_root_cause,gap=8.0;restart=True,legacy/reconcile/relay+clock,t_conv_own,1,5.5,5.5,5.5
E10_root_cause,gap=8.0;restart=True,legacy/reconcile/relay+resolver,t_conv_own,1,5.5,5.5,5.5
E10_root_cause,gap=8.0;restart=True,legacy/reconcile/relay+resolver+clock,t_conv_own,1,5.5,5.5,5.5
E10_root_cause,gap=8.0;restart=True,legacy/reconcile/relay+resolver+window,t_conv_own,60,3.95833,3.48333,4.45021
E10_root_cause,gap=8.0;restart=True,legacy/reconcile/relay+resolver+window+clock,t_conv_own,60,2.78333,2.63333,2.93333
E10_root_cause,gap=8.0;restart=True,legacy/reconcile/relay+window,t_conv_own,60,3.95833,3.48333,4.45021
E10_root_cause,gap=8.0;restart=True,legacy/reconcile/relay+window+clock,t_conv_own,60,2.78333,2.63333,2.93333
E10_root_cause,gap=2.0;restart=False,legacy/always/direct,bytes,60,1683.04,1682.19,1683.89
E10_root_cause,gap=2.0;restart=False,legacy/always/direct+clock,bytes,60,1683.04,1682.19,1683.89
E10_root_cause,gap=2.0;restart=False,legacy/always/direct+resolver,bytes,60,1683.35,1682.44,1684.32
E10_root_cause,gap=2.0;restart=False,legacy/always/direct+resolver+clock,bytes,60,1683.35,1682.44,1684.32
E10_root_cause,gap=2.0;restart=False,legacy/always/direct+resolver+window,bytes,60,1683.35,1682.44,1684.32
E10_root_cause,gap=2.0;restart=False,legacy/always/direct+resolver+window+clock,bytes,60,1683.35,1682.44,1684.32
E10_root_cause,gap=2.0;restart=False,legacy/always/direct+window,bytes,60,1683.04,1682.19,1683.89
E10_root_cause,gap=2.0;restart=False,legacy/always/direct+window+clock,bytes,60,1683.04,1682.19,1683.89
E10_root_cause,gap=2.0;restart=False,legacy/always/relay,bytes,60,1682.91,1682.12,1683.71
E10_root_cause,gap=2.0;restart=False,legacy/always/relay+clock,bytes,60,1682.91,1682.12,1683.71
E10_root_cause,gap=2.0;restart=False,legacy/always/relay+resolver,bytes,60,1683.22,1682.36,1684.07
E10_root_cause,gap=2.0;restart=False,legacy/always/relay+resolver+clock,bytes,60,1683.22,1682.36,1684.07
E10_root_cause,gap=2.0;restart=False,legacy/always/relay+resolver+window,bytes,60,1683.22,1682.36,1684.07
E10_root_cause,gap=2.0;restart=False,legacy/always/relay+resolver+window+clock,bytes,60,1683.22,1682.36,1684.07
E10_root_cause,gap=2.0;restart=False,legacy/always/relay+window,bytes,60,1682.91,1682.12,1683.71
E10_root_cause,gap=2.0;restart=False,legacy/always/relay+window+clock,bytes,60,1682.91,1682.12,1683.71
E10_root_cause,gap=2.0;restart=False,legacy/reconcile/direct,bytes,60,2324.86,2321.95,2327.58
E10_root_cause,gap=2.0;restart=False,legacy/reconcile/direct+clock,bytes,60,2326.11,2323.61,2328.58
E10_root_cause,gap=2.0;restart=False,legacy/reconcile/direct+resolver,bytes,60,2324.84,2322.03,2327.55
E10_root_cause,gap=2.0;restart=False,legacy/reconcile/direct+resolver+clock,bytes,60,2326.03,2323.54,2328.52
E10_root_cause,gap=2.0;restart=False,legacy/reconcile/direct+resolver+window,bytes,60,1681.27,1680.34,1682.28
E10_root_cause,gap=2.0;restart=False,legacy/reconcile/direct+resolver+window+clock,bytes,60,1681.39,1680.19,1682.59
E10_root_cause,gap=2.0;restart=False,legacy/reconcile/direct+window,bytes,60,1681.16,1680.24,1682.11
E10_root_cause,gap=2.0;restart=False,legacy/reconcile/direct+window+clock,bytes,60,1681.46,1680.32,1682.59
E10_root_cause,gap=2.0;restart=False,legacy/reconcile/relay,bytes,60,2334.32,2333.31,2335.36
E10_root_cause,gap=2.0;restart=False,legacy/reconcile/relay+clock,bytes,60,2334.32,2333.31,2335.36
E10_root_cause,gap=2.0;restart=False,legacy/reconcile/relay+resolver,bytes,60,2335.19,2333.99,2336.38
E10_root_cause,gap=2.0;restart=False,legacy/reconcile/relay+resolver+clock,bytes,60,2335.16,2333.97,2336.34
E10_root_cause,gap=2.0;restart=False,legacy/reconcile/relay+resolver+window,bytes,60,1679.8,1678.73,1680.8
E10_root_cause,gap=2.0;restart=False,legacy/reconcile/relay+resolver+window+clock,bytes,60,1680.8,1679.67,1681.93
E10_root_cause,gap=2.0;restart=False,legacy/reconcile/relay+window,bytes,60,1679.8,1678.8,1680.73
E10_root_cause,gap=2.0;restart=False,legacy/reconcile/relay+window+clock,bytes,60,1680.6,1679.53,1681.67
E10_root_cause,gap=2.0;restart=True,legacy/always/direct,bytes,60,1682.88,1681.95,1683.84
E10_root_cause,gap=2.0;restart=True,legacy/always/direct+clock,bytes,60,1682.88,1681.95,1683.84
E10_root_cause,gap=2.0;restart=True,legacy/always/direct+resolver,bytes,60,1682.96,1681.94,1684.06
E10_root_cause,gap=2.0;restart=True,legacy/always/direct+resolver+clock,bytes,60,1682.96,1681.94,1684.06
E10_root_cause,gap=2.0;restart=True,legacy/always/direct+resolver+window,bytes,60,1682.96,1681.94,1684.06
E10_root_cause,gap=2.0;restart=True,legacy/always/direct+resolver+window+clock,bytes,60,1682.96,1681.94,1684.06
E10_root_cause,gap=2.0;restart=True,legacy/always/direct+window,bytes,60,1682.88,1681.95,1683.84
E10_root_cause,gap=2.0;restart=True,legacy/always/direct+window+clock,bytes,60,1682.88,1681.95,1683.84
E10_root_cause,gap=2.0;restart=True,legacy/always/relay,bytes,60,1682.31,1681.32,1683.28
E10_root_cause,gap=2.0;restart=True,legacy/always/relay+clock,bytes,60,1682.31,1681.32,1683.28
E10_root_cause,gap=2.0;restart=True,legacy/always/relay+resolver,bytes,60,1682.24,1681.2,1683.34
E10_root_cause,gap=2.0;restart=True,legacy/always/relay+resolver+clock,bytes,60,1682.24,1681.2,1683.34
E10_root_cause,gap=2.0;restart=True,legacy/always/relay+resolver+window,bytes,60,1682.24,1681.2,1683.34
E10_root_cause,gap=2.0;restart=True,legacy/always/relay+resolver+window+clock,bytes,60,1682.24,1681.2,1683.34
E10_root_cause,gap=2.0;restart=True,legacy/always/relay+window,bytes,60,1682.31,1681.32,1683.28
E10_root_cause,gap=2.0;restart=True,legacy/always/relay+window+clock,bytes,60,1682.31,1681.32,1683.28
E10_root_cause,gap=2.0;restart=True,legacy/reconcile/direct,bytes,60,2324.84,2321.95,2327.58
E10_root_cause,gap=2.0;restart=True,legacy/reconcile/direct+clock,bytes,60,2325.98,2323.21,2328.5
E10_root_cause,gap=2.0;restart=True,legacy/reconcile/direct+resolver,bytes,60,2324.61,2321.89,2327.32
E10_root_cause,gap=2.0;restart=True,legacy/reconcile/direct+resolver+clock,bytes,60,2325.74,2322.98,2328.29
E10_root_cause,gap=2.0;restart=True,legacy/reconcile/direct+resolver+window,bytes,60,1680.98,1680.12,1681.87
E10_root_cause,gap=2.0;restart=True,legacy/reconcile/direct+resolver+window+clock,bytes,60,1681.41,1680.22,1682.66
E10_root_cause,gap=2.0;restart=True,legacy/reconcile/direct+window,bytes,60,1680.83,1679.99,1681.69
E10_root_cause,gap=2.0;restart=True,legacy/reconcile/direct+window+clock,bytes,60,1681.41,1680.23,1682.61
E10_root_cause,gap=2.0;restart=True,legacy/reconcile/relay,bytes,60,2335.81,2334.76,2336.81
E10_root_cause,gap=2.0;restart=True,legacy/reconcile/relay+clock,bytes,60,2335.81,2334.74,2336.87
E10_root_cause,gap=2.0;restart=True,legacy/reconcile/relay+resolver,bytes,60,2336.12,2334.93,2337.27
E10_root_cause,gap=2.0;restart=True,legacy/reconcile/relay+resolver+clock,bytes,60,2336.09,2334.93,2337.29
E10_root_cause,gap=2.0;restart=True,legacy/reconcile/relay+resolver+window,bytes,60,1679.8,1678.73,1680.8
E10_root_cause,gap=2.0;restart=True,legacy/reconcile/relay+resolver+window+clock,bytes,60,1680.8,1679.67,1681.93
E10_root_cause,gap=2.0;restart=True,legacy/reconcile/relay+window,bytes,60,1679.8,1678.8,1680.73
E10_root_cause,gap=2.0;restart=True,legacy/reconcile/relay+window+clock,bytes,60,1680.6,1679.53,1681.67
E10_root_cause,gap=8.0;restart=False,legacy/always/direct,bytes,60,1682.85,1681.99,1683.65
E10_root_cause,gap=8.0;restart=False,legacy/always/direct+clock,bytes,60,1682.85,1681.99,1683.65
E10_root_cause,gap=8.0;restart=False,legacy/always/direct+resolver,bytes,60,1683.22,1682.3,1684.13
E10_root_cause,gap=8.0;restart=False,legacy/always/direct+resolver+clock,bytes,60,1683.22,1682.3,1684.13
E10_root_cause,gap=8.0;restart=False,legacy/always/direct+resolver+window,bytes,60,1683.22,1682.3,1684.13
E10_root_cause,gap=8.0;restart=False,legacy/always/direct+resolver+window+clock,bytes,60,1683.22,1682.3,1684.13
E10_root_cause,gap=8.0;restart=False,legacy/always/direct+window,bytes,60,1682.85,1681.99,1683.65
E10_root_cause,gap=8.0;restart=False,legacy/always/direct+window+clock,bytes,60,1682.85,1681.99,1683.65
E10_root_cause,gap=8.0;restart=False,legacy/always/relay,bytes,60,1682.79,1681.99,1683.58
E10_root_cause,gap=8.0;restart=False,legacy/always/relay+clock,bytes,60,1682.79,1681.99,1683.58
E10_root_cause,gap=8.0;restart=False,legacy/always/relay+resolver,bytes,60,1683.22,1682.36,1684.01
E10_root_cause,gap=8.0;restart=False,legacy/always/relay+resolver+clock,bytes,60,1683.22,1682.36,1684.01
E10_root_cause,gap=8.0;restart=False,legacy/always/relay+resolver+window,bytes,60,1683.22,1682.36,1684.01
E10_root_cause,gap=8.0;restart=False,legacy/always/relay+resolver+window+clock,bytes,60,1683.22,1682.36,1684.01
E10_root_cause,gap=8.0;restart=False,legacy/always/relay+window,bytes,60,1682.79,1681.99,1683.58
E10_root_cause,gap=8.0;restart=False,legacy/always/relay+window+clock,bytes,60,1682.79,1681.99,1683.58
E10_root_cause,gap=8.0;restart=False,legacy/reconcile/direct,bytes,60,2325.69,2323.8,2327.37
E10_root_cause,gap=8.0;restart=False,legacy/reconcile/direct+clock,bytes,60,2326.77,2326.03,2327.53
E10_root_cause,gap=8.0;restart=False,legacy/reconcile/direct+resolver,bytes,60,2325.69,2323.8,2327.37
E10_root_cause,gap=8.0;restart=False,legacy/reconcile/direct+resolver+clock,bytes,60,2326.77,2326.03,2327.53
E10_root_cause,gap=8.0;restart=False,legacy/reconcile/direct+resolver+window,bytes,60,1677.52,1676.83,1678.16
E10_root_cause,gap=8.0;restart=False,legacy/reconcile/direct+resolver+window+clock,bytes,60,1678.07,1676.88,1679.29
E10_root_cause,gap=8.0;restart=False,legacy/reconcile/direct+window,bytes,60,1677.52,1676.83,1678.16
E10_root_cause,gap=8.0;restart=False,legacy/reconcile/direct+window+clock,bytes,60,1678.07,1676.88,1679.29
E10_root_cause,gap=8.0;restart=False,legacy/reconcile/relay,bytes,60,2345.93,2345.19,2346.67
E10_root_cause,gap=8.0;restart=False,legacy/reconcile/relay+clock,bytes,60,2345.93,2345.19,2346.67
E10_root_cause,gap=8.0;restart=False,legacy/reconcile/relay+resolver,bytes,60,2345.93,2345.19,2346.67
E10_root_cause,gap=8.0;restart=False,legacy/reconcile/relay+resolver+clock,bytes,60,2345.93,2345.19,2346.67
E10_root_cause,gap=8.0;restart=False,legacy/reconcile/relay+resolver+window,bytes,60,1688.17,1687.19,1689.14
E10_root_cause,gap=8.0;restart=False,legacy/reconcile/relay+resolver+window+clock,bytes,60,1678.53,1677.47,1679.67
E10_root_cause,gap=8.0;restart=False,legacy/reconcile/relay+window,bytes,60,1688.17,1687.19,1689.14
E10_root_cause,gap=8.0;restart=False,legacy/reconcile/relay+window+clock,bytes,60,1678.53,1677.47,1679.67
E10_root_cause,gap=8.0;restart=True,legacy/always/direct,bytes,60,1682.3,1681.36,1683.24
E10_root_cause,gap=8.0;restart=True,legacy/always/direct+clock,bytes,60,1682.3,1681.36,1683.24
E10_root_cause,gap=8.0;restart=True,legacy/always/direct+resolver,bytes,60,1682.61,1681.59,1683.68
E10_root_cause,gap=8.0;restart=True,legacy/always/direct+resolver+clock,bytes,60,1682.61,1681.59,1683.68
E10_root_cause,gap=8.0;restart=True,legacy/always/direct+resolver+window,bytes,60,1682.61,1681.59,1683.68
E10_root_cause,gap=8.0;restart=True,legacy/always/direct+resolver+window+clock,bytes,60,1682.61,1681.59,1683.68
E10_root_cause,gap=8.0;restart=True,legacy/always/direct+window,bytes,60,1682.3,1681.36,1683.24
E10_root_cause,gap=8.0;restart=True,legacy/always/direct+window+clock,bytes,60,1682.3,1681.36,1683.24
E10_root_cause,gap=8.0;restart=True,legacy/always/relay,bytes,60,1681.93,1680.96,1682.91
E10_root_cause,gap=8.0;restart=True,legacy/always/relay+clock,bytes,60,1681.93,1680.96,1682.91
E10_root_cause,gap=8.0;restart=True,legacy/always/relay+resolver,bytes,60,1682.24,1681.2,1683.28
E10_root_cause,gap=8.0;restart=True,legacy/always/relay+resolver+clock,bytes,60,1682.24,1681.2,1683.28
E10_root_cause,gap=8.0;restart=True,legacy/always/relay+resolver+window,bytes,60,1682.24,1681.2,1683.28
E10_root_cause,gap=8.0;restart=True,legacy/always/relay+resolver+window+clock,bytes,60,1682.24,1681.2,1683.28
E10_root_cause,gap=8.0;restart=True,legacy/always/relay+window,bytes,60,1681.93,1680.96,1682.91
E10_root_cause,gap=8.0;restart=True,legacy/always/relay+window+clock,bytes,60,1681.93,1680.96,1682.91
E10_root_cause,gap=8.0;restart=True,legacy/reconcile/direct,bytes,60,2325.69,2323.8,2327.37
E10_root_cause,gap=8.0;restart=True,legacy/reconcile/direct+clock,bytes,60,2326.77,2326.03,2327.53
E10_root_cause,gap=8.0;restart=True,legacy/reconcile/direct+resolver,bytes,60,2325.69,2323.8,2327.37
E10_root_cause,gap=8.0;restart=True,legacy/reconcile/direct+resolver+clock,bytes,60,2326.77,2326.03,2327.53
E10_root_cause,gap=8.0;restart=True,legacy/reconcile/direct+resolver+window,bytes,60,1677.52,1676.83,1678.16
E10_root_cause,gap=8.0;restart=True,legacy/reconcile/direct+resolver+window+clock,bytes,60,1678.07,1676.88,1679.29
E10_root_cause,gap=8.0;restart=True,legacy/reconcile/direct+window,bytes,60,1677.52,1676.83,1678.16
E10_root_cause,gap=8.0;restart=True,legacy/reconcile/direct+window+clock,bytes,60,1678.07,1676.88,1679.29
E10_root_cause,gap=8.0;restart=True,legacy/reconcile/relay,bytes,60,2345.93,2345.19,2346.67
E10_root_cause,gap=8.0;restart=True,legacy/reconcile/relay+clock,bytes,60,2345.93,2345.19,2346.67
E10_root_cause,gap=8.0;restart=True,legacy/reconcile/relay+resolver,bytes,60,2345.93,2345.19,2346.67
E10_root_cause,gap=8.0;restart=True,legacy/reconcile/relay+resolver+clock,bytes,60,2345.93,2345.19,2346.67
E10_root_cause,gap=8.0;restart=True,legacy/reconcile/relay+resolver+window,bytes,60,1688.17,1687.19,1689.14
E10_root_cause,gap=8.0;restart=True,legacy/reconcile/relay+resolver+window+clock,bytes,60,1678.53,1677.47,1679.67
E10_root_cause,gap=8.0;restart=True,legacy/reconcile/relay+window,bytes,60,1688.17,1687.19,1689.14
E10_root_cause,gap=8.0;restart=True,legacy/reconcile/relay+window+clock,bytes,60,1678.53,1677.47,1679.67
E11_alloc,load=0.4;nodes=20;order=common-first;rare_share=0.3;sweep=load,best-quality,utility_ratio,200,0.958723,0.945955,0.970767
E11_alloc,load=0.4;nodes=20;order=common-first;rare_share=0.3;sweep=load,hesk(w=0),utility_ratio,200,0.953167,0.939749,0.965252
E11_alloc,load=0.4;nodes=20;order=common-first;rare_share=0.3;sweep=load,hesk(w=0.5),utility_ratio,200,0.976477,0.967755,0.984563
E11_alloc,load=0.4;nodes=20;order=common-first;rare_share=0.3;sweep=load,hesk(w=1),utility_ratio,200,0.987889,0.982038,0.993238
E11_alloc,load=0.4;nodes=20;order=common-first;rare_share=0.3;sweep=load,hesk(w=16),utility_ratio,200,0.992578,0.988135,0.996662
E11_alloc,load=0.4;nodes=20;order=common-first;rare_share=0.3;sweep=load,hesk(w=2),utility_ratio,200,0.991772,0.987086,0.996095
E11_alloc,load=0.4;nodes=20;order=common-first;rare_share=0.3;sweep=load,"hesk(w=2,available)",utility_ratio,200,0.991772,0.987086,0.996095
E11_alloc,load=0.4;nodes=20;order=common-first;rare_share=0.3;sweep=load,"hesk(w=2,known=0.5)",utility_ratio,200,0.990808,0.985764,0.995363
E11_alloc,load=0.4;nodes=20;order=common-first;rare_share=0.3;sweep=load,hesk(w=4),utility_ratio,200,0.991772,0.987086,0.996095
E11_alloc,load=0.4;nodes=20;order=common-first;rare_share=0.3;sweep=load,hesk(w=8),utility_ratio,200,0.991772,0.987086,0.996095
E11_alloc,load=0.4;nodes=20;order=common-first;rare_share=0.3;sweep=load,random,utility_ratio,200,0.950425,0.936609,0.963307
E11_alloc,load=0.4;nodes=20;order=common-first;rare_share=0.3;sweep=load,tightest-fit,utility_ratio,200,0.992601,0.987674,0.996987
E11_alloc,load=0.4;nodes=20;order=random;rare_share=0.3;sweep=load,best-quality,utility_ratio,200,0.975391,0.966168,0.983752
E11_alloc,load=0.4;nodes=20;order=random;rare_share=0.3;sweep=load,hesk(w=0),utility_ratio,200,0.972435,0.963001,0.981222
E11_alloc,load=0.4;nodes=20;order=random;rare_share=0.3;sweep=load,hesk(w=0.5),utility_ratio,200,0.984418,0.977691,0.990523
E11_alloc,load=0.4;nodes=20;order=random;rare_share=0.3;sweep=load,hesk(w=1),utility_ratio,200,0.988226,0.982326,0.993355
E11_alloc,load=0.4;nodes=20;order=random;rare_share=0.3;sweep=load,hesk(w=16),utility_ratio,200,0.991878,0.987343,0.995902
E11_alloc,load=0.4;nodes=20;order=random;rare_share=0.3;sweep=load,hesk(w=2),utility_ratio,200,0.991878,0.987343,0.995902
E11_alloc,load=0.4;nodes=20;order=random;rare_share=0.3;sweep=load,"hesk(w=2,available)",utility_ratio,200,0.991878,0.987343,0.995902
E11_alloc,load=0.4;nodes=20;order=random;rare_share=0.3;sweep=load,"hesk(w=2,known=0.5)",utility_ratio,200,0.991878,0.987343,0.995902
E11_alloc,load=0.4;nodes=20;order=random;rare_share=0.3;sweep=load,hesk(w=4),utility_ratio,200,0.991878,0.987343,0.995902
E11_alloc,load=0.4;nodes=20;order=random;rare_share=0.3;sweep=load,hesk(w=8),utility_ratio,200,0.991878,0.987343,0.995902
E11_alloc,load=0.4;nodes=20;order=random;rare_share=0.3;sweep=load,random,utility_ratio,200,0.97487,0.965974,0.983153
E11_alloc,load=0.4;nodes=20;order=random;rare_share=0.3;sweep=load,tightest-fit,utility_ratio,200,0.991864,0.986895,0.996205
E11_alloc,load=0.4;nodes=20;order=rare-first;rare_share=0.3;sweep=load,best-quality,utility_ratio,200,0.991094,0.985374,0.995877
E11_alloc,load=0.4;nodes=20;order=rare-first;rare_share=0.3;sweep=load,hesk(w=0),utility_ratio,200,0.990257,0.984551,0.995272
E11_alloc,load=0.4;nodes=20;order=rare-first;rare_share=0.3;sweep=load,hesk(w=0.5),utility_ratio,200,0.991175,0.98624,0.995612
E11_alloc,load=0.4;nodes=20;order=rare-first;rare_share=0.3;sweep=load,hesk(w=1),utility_ratio,200,0.992524,0.987995,0.996602
E11_alloc,load=0.4;nodes=20;order=rare-first;rare_share=0.3;sweep=load,hesk(w=16),utility_ratio,200,0.992235,0.987676,0.996384
E11_alloc,load=0.4;nodes=20;order=rare-first;rare_share=0.3;sweep=load,hesk(w=2),utility_ratio,200,0.991429,0.986795,0.995711
E11_alloc,load=0.4;nodes=20;order=rare-first;rare_share=0.3;sweep=load,"hesk(w=2,available)",utility_ratio,200,0.991429,0.986795,0.995711
E11_alloc,load=0.4;nodes=20;order=rare-first;rare_share=0.3;sweep=load,"hesk(w=2,known=0.5)",utility_ratio,200,0.991772,0.987086,0.996095
E11_alloc,load=0.4;nodes=20;order=rare-first;rare_share=0.3;sweep=load,hesk(w=4),utility_ratio,200,0.991429,0.986795,0.995711
E11_alloc,load=0.4;nodes=20;order=rare-first;rare_share=0.3;sweep=load,hesk(w=8),utility_ratio,200,0.991429,0.986795,0.995711
E11_alloc,load=0.4;nodes=20;order=rare-first;rare_share=0.3;sweep=load,random,utility_ratio,200,0.991055,0.985917,0.995703
E11_alloc,load=0.4;nodes=20;order=rare-first;rare_share=0.3;sweep=load,tightest-fit,utility_ratio,200,0.992601,0.987674,0.996987
E11_alloc,load=0.6;nodes=20;order=common-first;rare_share=0.3;sweep=load,best-quality,utility_ratio,200,0.906404,0.891472,0.92025
E11_alloc,load=0.6;nodes=20;order=common-first;rare_share=0.3;sweep=load,hesk(w=0),utility_ratio,200,0.904236,0.890434,0.917928
E11_alloc,load=0.6;nodes=20;order=common-first;rare_share=0.3;sweep=load,hesk(w=0.5),utility_ratio,200,0.945388,0.933946,0.955928
E11_alloc,load=0.6;nodes=20;order=common-first;rare_share=0.3;sweep=load,hesk(w=1),utility_ratio,200,0.96761,0.959115,0.975692
E11_alloc,load=0.6;nodes=20;order=common-first;rare_share=0.3;sweep=load,hesk(w=16),utility_ratio,200,0.987866,0.983007,0.992241
E11_alloc,load=0.6;nodes=20;order=common-first;rare_share=0.3;sweep=load,hesk(w=2),utility_ratio,200,0.984874,0.979706,0.989625
E11_alloc,load=0.6;nodes=20;order=common-first;rare_share=0.3;sweep=load,"hesk(w=2,available)",utility_ratio,200,0.984874,0.979706,0.989625
E11_alloc,load=0.6;nodes=20;order=common-first;rare_share=0.3;sweep=load,"hesk(w=2,known=0.5)",utility_ratio,200,0.982795,0.977282,0.988076
E11_alloc,load=0.6;nodes=20;order=common-first;rare_share=0.3;sweep=load,hesk(w=4),utility_ratio,200,0.985583,0.980635,0.990351
E11_alloc,load=0.6;nodes=20;order=common-first;rare_share=0.3;sweep=load,hesk(w=8),utility_ratio,200,0.985583,0.980635,0.990351
E11_alloc,load=0.6;nodes=20;order=common-first;rare_share=0.3;sweep=load,random,utility_ratio,200,0.891854,0.876178,0.906384
E11_alloc,load=0.6;nodes=20;order=common-first;rare_share=0.3;sweep=load,tightest-fit,utility_ratio,200,0.991267,0.987644,0.994705
E11_alloc,load=0.6;nodes=20;order=random;rare_share=0.3;sweep=load,best-quality,utility_ratio,200,0.942148,0.930561,0.952764
E11_alloc,load=0.6;nodes=20;order=random;rare_share=0.3;sweep=load,hesk(w=0),utility_ratio,200,0.947863,0.936613,0.95851
E11_alloc,load=0.6;nodes=20;order=random;rare_share=0.3;sweep=load,hesk(w=0.5),utility_ratio,200,0.96472,0.955667,0.973355
E11_alloc,load=0.6;nodes=20;order=random;rare_share=0.3;sweep=load,hesk(w=1),utility_ratio,200,0.973853,0.966254,0.980816
E11_alloc,load=0.6;nodes=20;order=random;rare_share=0.3;sweep=load,hesk(w=16),utility_ratio,200,0.98308,0.977188,0.988348
E11_alloc,load=0.6;nodes=20;order=random;rare_share=0.3;sweep=load,hesk(w=2),utility_ratio,200,0.982128,0.976089,0.987518
E11_alloc,load=0.6;nodes=20;order=random;rare_share=0.3;sweep=load,"hesk(w=2,available)",utility_ratio,200,0.981416,0.975321,0.987103
E11_alloc,load=0.6;nodes=20;order=random;rare_share=0.3;sweep=load,"hesk(w=2,known=0.5)",utility_ratio,200,0.981675,0.975493,0.987287
E11_alloc,load=0.6;nodes=20;order=random;rare_share=0.3;sweep=load,hesk(w=4),utility_ratio,200,0.983692,0.978084,0.988647
E11_alloc,load=0.6;nodes=20;order=random;rare_share=0.3;sweep=load,hesk(w=8),utility_ratio,200,0.984315,0.978741,0.989357
E11_alloc,load=0.6;nodes=20;order=random;rare_share=0.3;sweep=load,random,utility_ratio,200,0.95553,0.94608,0.964966
E11_alloc,load=0.6;nodes=20;order=random;rare_share=0.3;sweep=load,tightest-fit,utility_ratio,200,0.989339,0.984686,0.993535
E11_alloc,load=0.6;nodes=20;order=rare-first;rare_share=0.3;sweep=load,best-quality,utility_ratio,200,0.981105,0.975015,0.98666
E11_alloc,load=0.6;nodes=20;order=rare-first;rare_share=0.3;sweep=load,hesk(w=0),utility_ratio,200,0.983305,0.977912,0.988458
E11_alloc,load=0.6;nodes=20;order=rare-first;rare_share=0.3;sweep=load,hesk(w=0.5),utility_ratio,200,0.982052,0.977105,0.987148
E11_alloc,load=0.6;nodes=20;order=rare-first;rare_share=0.3;sweep=load,hesk(w=1),utility_ratio,200,0.985145,0.980422,0.98957
E11_alloc,load=0.6;nodes=20;order=rare-first;rare_share=0.3;sweep=load,hesk(w=16),utility_ratio,200,0.988378,0.984237,0.992137
E11_alloc,load=0.6;nodes=20;order=rare-first;rare_share=0.3;sweep=load,hesk(w=2),utility_ratio,200,0.986798,0.982531,0.990704
E11_alloc,load=0.6;nodes=20;order=rare-first;rare_share=0.3;sweep=load,"hesk(w=2,available)",utility_ratio,200,0.986988,0.982731,0.990947
E11_alloc,load=0.6;nodes=20;order=rare-first;rare_share=0.3;sweep=load,"hesk(w=2,known=0.5)",utility_ratio,200,0.987371,0.983137,0.991339
E11_alloc,load=0.6;nodes=20;order=rare-first;rare_share=0.3;sweep=load,hesk(w=4),utility_ratio,200,0.986988,0.982731,0.990947
E11_alloc,load=0.6;nodes=20;order=rare-first;rare_share=0.3;sweep=load,hesk(w=8),utility_ratio,200,0.986988,0.982731,0.990947
E11_alloc,load=0.6;nodes=20;order=rare-first;rare_share=0.3;sweep=load,random,utility_ratio,200,0.983441,0.978152,0.988466
E11_alloc,load=0.6;nodes=20;order=rare-first;rare_share=0.3;sweep=load,tightest-fit,utility_ratio,200,0.992227,0.988826,0.995344
E11_alloc,load=0.8;nodes=20;order=common-first;rare_share=0.1;sweep=rare_share,best-quality,utility_ratio,200,0.908874,0.896944,0.920278
E11_alloc,load=0.8;nodes=20;order=common-first;rare_share=0.1;sweep=rare_share,hesk(w=0),utility_ratio,200,0.900768,0.888863,0.912457
E11_alloc,load=0.8;nodes=20;order=common-first;rare_share=0.1;sweep=rare_share,hesk(w=0.5),utility_ratio,200,0.932944,0.921853,0.943564
E11_alloc,load=0.8;nodes=20;order=common-first;rare_share=0.1;sweep=rare_share,hesk(w=1),utility_ratio,200,0.939973,0.928974,0.950196
E11_alloc,load=0.8;nodes=20;order=common-first;rare_share=0.1;sweep=rare_share,hesk(w=16),utility_ratio,200,0.955756,0.946074,0.964331
E11_alloc,load=0.8;nodes=20;order=common-first;rare_share=0.1;sweep=rare_share,hesk(w=2),utility_ratio,200,0.951361,0.941448,0.960321
E11_alloc,load=0.8;nodes=20;order=common-first;rare_share=0.1;sweep=rare_share,"hesk(w=2,available)",utility_ratio,200,0.951625,0.941623,0.960451
E11_alloc,load=0.8;nodes=20;order=common-first;rare_share=0.1;sweep=rare_share,"hesk(w=2,known=0.5)",utility_ratio,200,0.9484,0.938355,0.95738
E11_alloc,load=0.8;nodes=20;order=common-first;rare_share=0.1;sweep=rare_share,hesk(w=4),utility_ratio,200,0.952907,0.943002,0.961562
E11_alloc,load=0.8;nodes=20;order=common-first;rare_share=0.1;sweep=rare_share,hesk(w=8),utility_ratio,200,0.954491,0.94496,0.963029
E11_alloc,load=0.8;nodes=20;order=common-first;rare_share=0.1;sweep=rare_share,random,utility_ratio,200,0.899298,0.88733,0.910601
E11_alloc,load=0.8;nodes=20;order=common-first;rare_share=0.1;sweep=rare_share,tightest-fit,utility_ratio,200,0.97488,0.968363,0.981494
E11_alloc,load=0.8;nodes=20;order=common-first;rare_share=0.2;sweep=rare_share,best-quality,utility_ratio,200,0.863517,0.850042,0.876027
E11_alloc,load=0.8;nodes=20;order=common-first;rare_share=0.2;sweep=rare_share,hesk(w=0),utility_ratio,200,0.859151,0.846418,0.871784
E11_alloc,load=0.8;nodes=20;order=common-first;rare_share=0.2;sweep=rare_share,hesk(w=0.5),utility_ratio,200,0.916963,0.90526,0.928441
E11_alloc,load=0.8;nodes=20;order=common-first;rare_share=0.2;sweep=rare_share,hesk(w=1),utility_ratio,200,0.933656,0.923374,0.943627
E11_alloc,load=0.8;nodes=20;order=common-first;rare_share=0.2;sweep=rare_share,hesk(w=16),utility_ratio,200,0.953944,0.944204,0.962511
E11_alloc,load=0.8;nodes=20;order=common-first;rare_share=0.2;sweep=rare_share,hesk(w=2),utility_ratio,200,0.949783,0.94046,0.958193
E11_alloc,load=0.8;nodes=20;order=common-first;rare_share=0.2;sweep=rare_share,"hesk(w=2,available)",utility_ratio,200,0.947968,0.938527,0.956717
E11_alloc,load=0.8;nodes=20;order=common-first;rare_share=0.2;sweep=rare_share,"hesk(w=2,known=0.5)",utility_ratio,200,0.947587,0.937401,0.956798
E11_alloc,load=0.8;nodes=20;order=common-first;rare_share=0.2;sweep=rare_share,hesk(w=4),utility_ratio,200,0.953019,0.943629,0.961358
E11_alloc,load=0.8;nodes=20;order=common-first;rare_share=0.2;sweep=rare_share,hesk(w=8),utility_ratio,200,0.952795,0.943323,0.961416
E11_alloc,load=0.8;nodes=20;order=common-first;rare_share=0.2;sweep=rare_share,random,utility_ratio,200,0.858372,0.845163,0.871615
E11_alloc,load=0.8;nodes=20;order=common-first;rare_share=0.2;sweep=rare_share,tightest-fit,utility_ratio,200,0.970927,0.963228,0.978194
E11_alloc,load=0.8;nodes=20;order=common-first;rare_share=0.3;sweep=load,best-quality,utility_ratio,200,0.840427,0.826269,0.853866
E11_alloc,load=0.8;nodes=20;order=common-first;rare_share=0.3;sweep=load,hesk(w=0),utility_ratio,200,0.834696,0.82081,0.848563
E11_alloc,load=0.8;nodes=20;order=common-first;rare_share=0.3;sweep=load,hesk(w=0.5),utility_ratio,200,0.896766,0.884776,0.908755
E11_alloc,load=0.8;nodes=20;order=common-first;rare_share=0.3;sweep=load,hesk(w=1),utility_ratio,200,0.924227,0.913037,0.934655
E11_alloc,load=0.8;nodes=20;order=common-first;rare_share=0.3;sweep=load,hesk(w=16),utility_ratio,200,0.956988,0.947912,0.965005
E11_alloc,load=0.8;nodes=20;order=common-first;rare_share=0.3;sweep=load,hesk(w=2),utility_ratio,200,0.949084,0.940361,0.957906
E11_alloc,load=0.8;nodes=20;order=common-first;rare_share=0.3;sweep=load,"hesk(w=2,available)",utility_ratio,200,0.94751,0.938402,0.956285
E11_alloc,load=0.8;nodes=20;order=common-first;rare_share=0.3;sweep=load,"hesk(w=2,known=0.5)",utility_ratio,200,0.947956,0.938893,0.956749
E11_alloc,load=0.8;nodes=20;order=common-first;rare_share=0.3;sweep=load,hesk(w=4),utility_ratio,200,0.95353,0.944692,0.961857
E11_alloc,load=0.8;nodes=20;order=common-first;rare_share=0.3;sweep=load,hesk(w=8),utility_ratio,200,0.956373,0.947587,0.964449
E11_alloc,load=0.8;nodes=20;order=common-first;rare_share=0.3;sweep=load,random,utility_ratio,200,0.826714,0.814006,0.839489
E11_alloc,load=0.8;nodes=20;order=common-first;rare_share=0.3;sweep=load,tightest-fit,utility_ratio,200,0.973325,0.966779,0.97974
E11_alloc,load=0.8;nodes=20;order=random;rare_share=0.3;sweep=load,best-quality,utility_ratio,200,0.906086,0.894943,0.917089
E11_alloc,load=0.8;nodes=20;order=random;rare_share=0.3;sweep=load,hesk(w=0),utility_ratio,200,0.907279,0.896339,0.917544
E11_alloc,load=0.8;nodes=20;order=random;rare_share=0.3;sweep=load,hesk(w=0.5),utility_ratio,200,0.932372,0.92243,0.941601
E11_alloc,load=0.8;nodes=20;order=random;rare_share=0.3;sweep=load,hesk(w=1),utility_ratio,200,0.948188,0.939487,0.956603
E11_alloc,load=0.8;nodes=20;order=random;rare_share=0.3;sweep=load,hesk(w=16),utility_ratio,200,0.962619,0.955471,0.969802
E11_alloc,load=0.8;nodes=20;order=random;rare_share=0.3;sweep=load,hesk(w=2),utility_ratio,200,0.958552,0.951491,0.965869
E11_alloc,load=0.8;nodes=20;order=random;rare_share=0.3;sweep=load,"hesk(w=2,available)",utility_ratio,200,0.958667,0.951213,0.966341
E11_alloc,load=0.8;nodes=20;order=random;rare_share=0.3;sweep=load,"hesk(w=2,known=0.5)",utility_ratio,200,0.959298,0.952098,0.966605
E11_alloc,load=0.8;nodes=20;order=random;rare_share=0.3;sweep=load,hesk(w=4),utility_ratio,200,0.961321,0.954163,0.968585
E11_alloc,load=0.8;nodes=20;order=random;rare_share=0.3;sweep=load,hesk(w=8),utility_ratio,200,0.961674,0.954661,0.968893
E11_alloc,load=0.8;nodes=20;order=random;rare_share=0.3;sweep=load,random,utility_ratio,200,0.899612,0.886907,0.911392
E11_alloc,load=0.8;nodes=20;order=random;rare_share=0.3;sweep=load,tightest-fit,utility_ratio,200,0.984464,0.980249,0.988166
E11_alloc,load=0.8;nodes=20;order=rare-first;rare_share=0.3;sweep=load,best-quality,utility_ratio,200,0.95367,0.947036,0.960271
E11_alloc,load=0.8;nodes=20;order=rare-first;rare_share=0.3;sweep=load,hesk(w=0),utility_ratio,200,0.95002,0.942829,0.957126
E11_alloc,load=0.8;nodes=20;order=rare-first;rare_share=0.3;sweep=load,hesk(w=0.5),utility_ratio,200,0.950805,0.943104,0.958237
E11_alloc,load=0.8;nodes=20;order=rare-first;rare_share=0.3;sweep=load,hesk(w=1),utility_ratio,200,0.955238,0.948104,0.961914
E11_alloc,load=0.8;nodes=20;order=rare-first;rare_share=0.3;sweep=load,hesk(w=16),utility_ratio,200,0.961592,0.954679,0.968027
E11_alloc,load=0.8;nodes=20;order=rare-first;rare_share=0.3;sweep=load,hesk(w=2),utility_ratio,200,0.958546,0.95172,0.965197
E11_alloc,load=0.8;nodes=20;order=rare-first;rare_share=0.3;sweep=load,"hesk(w=2,available)",utility_ratio,200,0.959139,0.952247,0.965563
E11_alloc,load=0.8;nodes=20;order=rare-first;rare_share=0.3;sweep=load,"hesk(w=2,known=0.5)",utility_ratio,200,0.960174,0.953398,0.96673
E11_alloc,load=0.8;nodes=20;order=rare-first;rare_share=0.3;sweep=load,hesk(w=4),utility_ratio,200,0.959799,0.952957,0.966196
E11_alloc,load=0.8;nodes=20;order=rare-first;rare_share=0.3;sweep=load,hesk(w=8),utility_ratio,200,0.960354,0.953469,0.966751
E11_alloc,load=0.8;nodes=20;order=rare-first;rare_share=0.3;sweep=load,random,utility_ratio,200,0.954668,0.946975,0.96225
E11_alloc,load=0.8;nodes=20;order=rare-first;rare_share=0.3;sweep=load,tightest-fit,utility_ratio,200,0.986317,0.982392,0.989952
E11_alloc,load=0.8;nodes=20;order=common-first;rare_share=0.4;sweep=rare_share,best-quality,utility_ratio,200,0.82842,0.813471,0.843805
E11_alloc,load=0.8;nodes=20;order=common-first;rare_share=0.4;sweep=rare_share,hesk(w=0),utility_ratio,200,0.815018,0.801091,0.828751
E11_alloc,load=0.8;nodes=20;order=common-first;rare_share=0.4;sweep=rare_share,hesk(w=0.5),utility_ratio,200,0.890553,0.877825,0.90289
E11_alloc,load=0.8;nodes=20;order=common-first;rare_share=0.4;sweep=rare_share,hesk(w=1),utility_ratio,200,0.927561,0.917634,0.937317
E11_alloc,load=0.8;nodes=20;order=common-first;rare_share=0.4;sweep=rare_share,hesk(w=16),utility_ratio,200,0.963288,0.956014,0.9701
E11_alloc,load=0.8;nodes=20;order=common-first;rare_share=0.4;sweep=rare_share,hesk(w=2),utility_ratio,200,0.96129,0.954079,0.968537
E11_alloc,load=0.8;nodes=20;order=common-first;rare_share=0.4;sweep=rare_share,"hesk(w=2,available)",utility_ratio,200,0.957791,0.950495,0.965118
E11_alloc,load=0.8;nodes=20;order=common-first;rare_share=0.4;sweep=rare_share,"hesk(w=2,known=0.5)",utility_ratio,200,0.960709,0.953539,0.96808
E11_alloc,load=0.8;nodes=20;order=common-first;rare_share=0.4;sweep=rare_share,hesk(w=4),utility_ratio,200,0.962255,0.954885,0.969392
E11_alloc,load=0.8;nodes=20;order=common-first;rare_share=0.4;sweep=rare_share,hesk(w=8),utility_ratio,200,0.962809,0.955505,0.969746
E11_alloc,load=0.8;nodes=20;order=common-first;rare_share=0.4;sweep=rare_share,random,utility_ratio,200,0.816687,0.80224,0.83114
E11_alloc,load=0.8;nodes=20;order=common-first;rare_share=0.4;sweep=rare_share,tightest-fit,utility_ratio,200,0.971407,0.964897,0.977069
E11_alloc,load=0.8;nodes=20;order=common-first;rare_share=0.6;sweep=rare_share,best-quality,utility_ratio,200,0.811426,0.79545,0.826501
E11_alloc,load=0.8;nodes=20;order=common-first;rare_share=0.6;sweep=rare_share,hesk(w=0),utility_ratio,200,0.816304,0.801043,0.831627
E11_alloc,load=0.8;nodes=20;order=common-first;rare_share=0.6;sweep=rare_share,hesk(w=0.5),utility_ratio,200,0.879583,0.865666,0.893335
E11_alloc,load=0.8;nodes=20;order=common-first;rare_share=0.6;sweep=rare_share,hesk(w=1),utility_ratio,200,0.920502,0.908608,0.931426
E11_alloc,load=0.8;nodes=20;order=common-first;rare_share=0.6;sweep=rare_share,hesk(w=16),utility_ratio,200,0.957826,0.950409,0.96494
E11_alloc,load=0.8;nodes=20;order=common-first;rare_share=0.6;sweep=rare_share,hesk(w=2),utility_ratio,200,0.95695,0.949268,0.963939
E11_alloc,load=0.8;nodes=20;order=common-first;rare_share=0.6;sweep=rare_share,"hesk(w=2,available)",utility_ratio,200,0.954778,0.946968,0.961968
E11_alloc,load=0.8;nodes=20;order=common-first;rare_share=0.6;sweep=rare_share,"hesk(w=2,known=0.5)",utility_ratio,200,0.951245,0.94326,0.958877
E11_alloc,load=0.8;nodes=20;order=common-first;rare_share=0.6;sweep=rare_share,hesk(w=4),utility_ratio,200,0.958673,0.951394,0.96574
E11_alloc,load=0.8;nodes=20;order=common-first;rare_share=0.6;sweep=rare_share,hesk(w=8),utility_ratio,200,0.95891,0.951753,0.965984
E11_alloc,load=0.8;nodes=20;order=common-first;rare_share=0.6;sweep=rare_share,random,utility_ratio,200,0.817884,0.803357,0.831947
E11_alloc,load=0.8;nodes=20;order=common-first;rare_share=0.6;sweep=rare_share,tightest-fit,utility_ratio,200,0.967914,0.96224,0.972999
E11_alloc,load=1.0;nodes=20;order=common-first;rare_share=0.3;sweep=load,best-quality,utility_ratio,200,0.77817,0.76535,0.790893
E11_alloc,load=1.0;nodes=20;order=common-first;rare_share=0.3;sweep=load,hesk(w=0),utility_ratio,200,0.768512,0.755196,0.781898
E11_alloc,load=1.0;nodes=20;order=common-first;rare_share=0.3;sweep=load,hesk(w=0.5),utility_ratio,200,0.833442,0.822552,0.844693
E11_alloc,load=1.0;nodes=20;order=common-first;rare_share=0.3;sweep=load,hesk(w=1),utility_ratio,200,0.867114,0.857224,0.877252
E11_alloc,load=1.0;nodes=20;order=common-first;rare_share=0.3;sweep=load,hesk(w=16),utility_ratio,200,0.892881,0.882958,0.902596
E11_alloc,load=1.0;nodes=20;order=common-first;rare_share=0.3;sweep=load,hesk(w=2),utility_ratio,200,0.888532,0.878943,0.898208
E11_alloc,load=1.0;nodes=20;order=common-first;rare_share=0.3;sweep=load,"hesk(w=2,available)",utility_ratio,200,0.882189,0.872561,0.891918
E11_alloc,load=1.0;nodes=20;order=common-first;rare_share=0.3;sweep=load,"hesk(w=2,known=0.5)",utility_ratio,200,0.885658,0.876108,0.894933
E11_alloc,load=1.0;nodes=20;order=common-first;rare_share=0.3;sweep=load,hesk(w=4),utility_ratio,200,0.890892,0.880948,0.900476
E11_alloc,load=1.0;nodes=20;order=common-first;rare_share=0.3;sweep=load,hesk(w=8),utility_ratio,200,0.892537,0.882802,0.902545
E11_alloc,load=1.0;nodes=20;order=common-first;rare_share=0.3;sweep=load,random,utility_ratio,200,0.766321,0.754173,0.778881
E11_alloc,load=1.0;nodes=20;order=common-first;rare_share=0.3;sweep=load,tightest-fit,utility_ratio,200,0.923865,0.914871,0.932614
E11_alloc,load=1.0;nodes=20;order=random;rare_share=0.3;sweep=load,best-quality,utility_ratio,200,0.867689,0.857975,0.878004
E11_alloc,load=1.0;nodes=20;order=random;rare_share=0.3;sweep=load,hesk(w=0),utility_ratio,200,0.867088,0.85705,0.876548
E11_alloc,load=1.0;nodes=20;order=random;rare_share=0.3;sweep=load,hesk(w=0.5),utility_ratio,200,0.893567,0.884658,0.902207
E11_alloc,load=1.0;nodes=20;order=random;rare_share=0.3;sweep=load,hesk(w=1),utility_ratio,200,0.908136,0.899559,0.916395
E11_alloc,load=1.0;nodes=20;order=random;rare_share=0.3;sweep=load,hesk(w=16),utility_ratio,200,0.920883,0.912793,0.928563
E11_alloc,load=1.0;nodes=20;order=random;rare_share=0.3;sweep=load,hesk(w=2),utility_ratio,200,0.918219,0.910275,0.926206
E11_alloc,load=1.0;nodes=20;order=random;rare_share=0.3;sweep=load,"hesk(w=2,available)",utility_ratio,200,0.916018,0.907813,0.923935
E11_alloc,load=1.0;nodes=20;order=random;rare_share=0.3;sweep=load,"hesk(w=2,known=0.5)",utility_ratio,200,0.9161,0.907817,0.924179
E11_alloc,load=1.0;nodes=20;order=random;rare_share=0.3;sweep=load,hesk(w=4),utility_ratio,200,0.919122,0.91111,0.926898
E11_alloc,load=1.0;nodes=20;order=random;rare_share=0.3;sweep=load,hesk(w=8),utility_ratio,200,0.919249,0.910996,0.9271
E11_alloc,load=1.0;nodes=20;order=random;rare_share=0.3;sweep=load,random,utility_ratio,200,0.864451,0.85485,0.873901
E11_alloc,load=1.0;nodes=20;order=random;rare_share=0.3;sweep=load,tightest-fit,utility_ratio,200,0.954752,0.948562,0.960412
E11_alloc,load=1.0;nodes=20;order=rare-first;rare_share=0.3;sweep=load,best-quality,utility_ratio,200,0.918244,0.911225,0.925266
E11_alloc,load=1.0;nodes=20;order=rare-first;rare_share=0.3;sweep=load,hesk(w=0),utility_ratio,200,0.918814,0.910166,0.926481
E11_alloc,load=1.0;nodes=20;order=rare-first;rare_share=0.3;sweep=load,hesk(w=0.5),utility_ratio,200,0.91798,0.910022,0.925646
E11_alloc,load=1.0;nodes=20;order=rare-first;rare_share=0.3;sweep=load,hesk(w=1),utility_ratio,200,0.922739,0.915714,0.92959
E11_alloc,load=1.0;nodes=20;order=rare-first;rare_share=0.3;sweep=load,hesk(w=16),utility_ratio,200,0.928525,0.92194,0.935046
E11_alloc,load=1.0;nodes=20;order=rare-first;rare_share=0.3;sweep=load,hesk(w=2),utility_ratio,200,0.925282,0.918385,0.931841
E11_alloc,load=1.0;nodes=20;order=rare-first;rare_share=0.3;sweep=load,"hesk(w=2,available)",utility_ratio,200,0.925511,0.91861,0.932334
E11_alloc,load=1.0;nodes=20;order=rare-first;rare_share=0.3;sweep=load,"hesk(w=2,known=0.5)",utility_ratio,200,0.92523,0.918563,0.931443
E11_alloc,load=1.0;nodes=20;order=rare-first;rare_share=0.3;sweep=load,hesk(w=4),utility_ratio,200,0.926231,0.91939,0.932943
E11_alloc,load=1.0;nodes=20;order=rare-first;rare_share=0.3;sweep=load,hesk(w=8),utility_ratio,200,0.926867,0.920178,0.933401
E11_alloc,load=1.0;nodes=20;order=rare-first;rare_share=0.3;sweep=load,random,utility_ratio,200,0.924122,0.916978,0.931078
E11_alloc,load=1.0;nodes=20;order=rare-first;rare_share=0.3;sweep=load,tightest-fit,utility_ratio,200,0.966564,0.962194,0.971229
E11_alloc,load=1.2;nodes=20;order=common-first;rare_share=0.3;sweep=load,best-quality,utility_ratio,200,0.738313,0.726475,0.750042
E11_alloc,load=1.2;nodes=20;order=common-first;rare_share=0.3;sweep=load,hesk(w=0),utility_ratio,200,0.736584,0.724796,0.747694
E11_alloc,load=1.2;nodes=20;order=common-first;rare_share=0.3;sweep=load,hesk(w=0.5),utility_ratio,200,0.786923,0.776241,0.797524
E11_alloc,load=1.2;nodes=20;order=common-first;rare_share=0.3;sweep=load,hesk(w=1),utility_ratio,200,0.806715,0.797145,0.815915
E11_alloc,load=1.2;nodes=20;order=common-first;rare_share=0.3;sweep=load,hesk(w=16),utility_ratio,200,0.820349,0.810547,0.830129
E11_alloc,load=1.2;nodes=20;order=common-first;rare_share=0.3;sweep=load,hesk(w=2),utility_ratio,200,0.818312,0.808658,0.827726
E11_alloc,load=1.2;nodes=20;order=common-first;rare_share=0.3;sweep=load,"hesk(w=2,available)",utility_ratio,200,0.81595,0.8059,0.825434
E11_alloc,load=1.2;nodes=20;order=common-first;rare_share=0.3;sweep=load,"hesk(w=2,known=0.5)",utility_ratio,200,0.817247,0.807564,0.826627
E11_alloc,load=1.2;nodes=20;order=common-first;rare_share=0.3;sweep=load,hesk(w=4),utility_ratio,200,0.818298,0.808403,0.82789
E11_alloc,load=1.2;nodes=20;order=common-first;rare_share=0.3;sweep=load,hesk(w=8),utility_ratio,200,0.81995,0.809996,0.82951
E11_alloc,load=1.2;nodes=20;order=common-first;rare_share=0.3;sweep=load,random,utility_ratio,200,0.728663,0.718175,0.740006
E11_alloc,load=1.2;nodes=20;order=common-first;rare_share=0.3;sweep=load,tightest-fit,utility_ratio,200,0.842361,0.83228,0.852743
E11_alloc,load=1.2;nodes=20;order=random;rare_share=0.3;sweep=load,best-quality,utility_ratio,200,0.847372,0.838678,0.856225
E11_alloc,load=1.2;nodes=20;order=random;rare_share=0.3;sweep=load,hesk(w=0),utility_ratio,200,0.848366,0.838855,0.857817
E11_alloc,load=1.2;nodes=20;order=random;rare_share=0.3;sweep=load,hesk(w=0.5),utility_ratio,200,0.867414,0.85903,0.876218
E11_alloc,load=1.2;nodes=20;order=random;rare_share=0.3;sweep=load,hesk(w=1),utility_ratio,200,0.879549,0.872012,0.886901
E11_alloc,load=1.2;nodes=20;order=random;rare_share=0.3;sweep=load,hesk(w=16),utility_ratio,200,0.887436,0.880221,0.894684
E11_alloc,load=1.2;nodes=20;order=random;rare_share=0.3;sweep=load,hesk(w=2),utility_ratio,200,0.886566,0.879297,0.893864
E11_alloc,load=1.2;nodes=20;order=random;rare_share=0.3;sweep=load,"hesk(w=2,available)",utility_ratio,200,0.886895,0.87953,0.894167
E11_alloc,load=1.2;nodes=20;order=random;rare_share=0.3;sweep=load,"hesk(w=2,known=0.5)",utility_ratio,200,0.885757,0.878774,0.892999
E11_alloc,load=1.2;nodes=20;order=random;rare_share=0.3;sweep=load,hesk(w=4),utility_ratio,200,0.885786,0.878729,0.892833
E11_alloc,load=1.2;nodes=20;order=random;rare_share=0.3;sweep=load,hesk(w=8),utility_ratio,200,0.887037,0.879997,0.894375
E11_alloc,load=1.2;nodes=20;order=random;rare_share=0.3;sweep=load,random,utility_ratio,200,0.836918,0.828298,0.845703
E11_alloc,load=1.2;nodes=20;order=random;rare_share=0.3;sweep=load,tightest-fit,utility_ratio,200,0.91035,0.903493,0.917189
E11_alloc,load=1.2;nodes=20;order=rare-first;rare_share=0.3;sweep=load,best-quality,utility_ratio,200,0.890829,0.883674,0.897638
E11_alloc,load=1.2;nodes=20;order=rare-first;rare_share=0.3;sweep=load,hesk(w=0),utility_ratio,200,0.89451,0.887057,0.901387
E11_alloc,load=1.2;nodes=20;order=rare-first;rare_share=0.3;sweep=load,hesk(w=0.5),utility_ratio,200,0.893913,0.886586,0.900633
E11_alloc,load=1.2;nodes=20;order=rare-first;rare_share=0.3;sweep=load,hesk(w=1),utility_ratio,200,0.896056,0.888941,0.9027
E11_alloc,load=1.2;nodes=20;order=rare-first;rare_share=0.3;sweep=load,hesk(w=16),utility_ratio,200,0.899321,0.892419,0.905872
E11_alloc,load=1.2;nodes=20;order=rare-first;rare_share=0.3;sweep=load,hesk(w=2),utility_ratio,200,0.897859,0.890982,0.904275
E11_alloc,load=1.2;nodes=20;order=rare-first;rare_share=0.3;sweep=load,"hesk(w=2,available)",utility_ratio,200,0.897861,0.891034,0.904541
E11_alloc,load=1.2;nodes=20;order=rare-first;rare_share=0.3;sweep=load,"hesk(w=2,known=0.5)",utility_ratio,200,0.898012,0.891328,0.904356
E11_alloc,load=1.2;nodes=20;order=rare-first;rare_share=0.3;sweep=load,hesk(w=4),utility_ratio,200,0.897569,0.890633,0.90421
E11_alloc,load=1.2;nodes=20;order=rare-first;rare_share=0.3;sweep=load,hesk(w=8),utility_ratio,200,0.898621,0.891853,0.905099
E11_alloc,load=1.2;nodes=20;order=rare-first;rare_share=0.3;sweep=load,random,utility_ratio,200,0.894552,0.887785,0.900852
E11_alloc,load=1.2;nodes=20;order=rare-first;rare_share=0.3;sweep=load,tightest-fit,utility_ratio,200,0.93271,0.927485,0.937973
E11_alloc,load=0.4;nodes=20;order=common-first;rare_share=0.3;sweep=load,best-quality,served_frac,200,0.935,0.92125,0.94875
E11_alloc,load=0.4;nodes=20;order=common-first;rare_share=0.3;sweep=load,hesk(w=0),served_frac,200,0.93125,0.918125,0.944375
E11_alloc,load=0.4;nodes=20;order=common-first;rare_share=0.3;sweep=load,hesk(w=0.5),served_frac,200,0.94625,0.934375,0.9575
E11_alloc,load=0.4;nodes=20;order=common-first;rare_share=0.3;sweep=load,hesk(w=1),served_frac,200,0.95375,0.9425,0.964375
E11_alloc,load=0.4;nodes=20;order=common-first;rare_share=0.3;sweep=load,hesk(w=16),served_frac,200,0.956875,0.945625,0.966875
E11_alloc,load=0.4;nodes=20;order=common-first;rare_share=0.3;sweep=load,hesk(w=2),served_frac,200,0.95625,0.945,0.966875
E11_alloc,load=0.4;nodes=20;order=common-first;rare_share=0.3;sweep=load,"hesk(w=2,available)",served_frac,200,0.95625,0.945,0.966875
E11_alloc,load=0.4;nodes=20;order=common-first;rare_share=0.3;sweep=load,"hesk(w=2,known=0.5)",served_frac,200,0.955625,0.944375,0.96625
E11_alloc,load=0.4;nodes=20;order=common-first;rare_share=0.3;sweep=load,hesk(w=4),served_frac,200,0.95625,0.945,0.966875
E11_alloc,load=0.4;nodes=20;order=common-first;rare_share=0.3;sweep=load,hesk(w=8),served_frac,200,0.95625,0.945,0.966875
E11_alloc,load=0.4;nodes=20;order=common-first;rare_share=0.3;sweep=load,random,served_frac,200,0.93,0.916875,0.943125
E11_alloc,load=0.4;nodes=20;order=common-first;rare_share=0.3;sweep=load,tightest-fit,served_frac,200,0.9575,0.94625,0.968125
E11_alloc,load=0.4;nodes=20;order=random;rare_share=0.3;sweep=load,best-quality,served_frac,200,0.94625,0.93375,0.958125
E11_alloc,load=0.4;nodes=20;order=random;rare_share=0.3;sweep=load,hesk(w=0),served_frac,200,0.944375,0.931875,0.955625
E11_alloc,load=0.4;nodes=20;order=random;rare_share=0.3;sweep=load,hesk(w=0.5),served_frac,200,0.951875,0.940625,0.9625
E11_alloc,load=0.4;nodes=20;order=random;rare_share=0.3;sweep=load,hesk(w=1),served_frac,200,0.954375,0.943125,0.965
E11_alloc,load=0.4;nodes=20;order=random;rare_share=0.3;sweep=load,hesk(w=16),served_frac,200,0.956875,0.94625,0.966891
E11_alloc,load=0.4;nodes=20;order=random;rare_share=0.3;sweep=load,hesk(w=2),served_frac,200,0.956875,0.94625,0.966891
E11_alloc,load=0.4;nodes=20;order=random;rare_share=0.3;sweep=load,"hesk(w=2,available)",served_frac,200,0.956875,0.94625,0.966891
E11_alloc,load=0.4;nodes=20;order=random;rare_share=0.3;sweep=load,"hesk(w=2,known=0.5)",served_frac,200,0.956875,0.94625,0.966891
E11_alloc,load=0.4;nodes=20;order=random;rare_share=0.3;sweep=load,hesk(w=4),served_frac,200,0.956875,0.94625,0.966891
E11_alloc,load=0.4;nodes=20;order=random;rare_share=0.3;sweep=load,hesk(w=8),served_frac,200,0.956875,0.94625,0.966891
E11_alloc,load=0.4;nodes=20;order=random;rare_share=0.3;sweep=load,random,served_frac,200,0.94625,0.93375,0.958125
E11_alloc,load=0.4;nodes=20;order=random;rare_share=0.3;sweep=load,tightest-fit,served_frac,200,0.9575,0.94625,0.968125
E11_alloc,load=0.4;nodes=20;order=rare-first;rare_share=0.3;sweep=load,best-quality,served_frac,200,0.95625,0.944375,0.9675
E11_alloc,load=0.4;nodes=20;order=rare-first;rare_share=0.3;sweep=load,hesk(w=0),served_frac,200,0.955625,0.944359,0.966875
E11_alloc,load=0.4;nodes=20;order=rare-first;rare_share=0.3;sweep=load,hesk(w=0.5),served_frac,200,0.955625,0.944375,0.96625
E11_alloc,load=0.4;nodes=20;order=rare-first;rare_share=0.3;sweep=load,hesk(w=1),served_frac,200,0.956875,0.945625,0.966891
E11_alloc,load=0.4;nodes=20;order=rare-first;rare_share=0.3;sweep=load,hesk(w=16),served_frac,200,0.95625,0.945,0.96625
E11_alloc,load=0.4;nodes=20;order=rare-first;rare_share=0.3;sweep=load,hesk(w=2),served_frac,200,0.955625,0.944375,0.96625
E11_alloc,load=0.4;nodes=20;order=rare-first;rare_share=0.3;sweep=load,"hesk(w=2,available)",served_frac,200,0.955625,0.944375,0.96625
E11_alloc,load=0.4;nodes=20;order=rare-first;rare_share=0.3;sweep=load,"hesk(w=2,known=0.5)",served_frac,200,0.95625,0.945,0.966875
E11_alloc,load=0.4;nodes=20;order=rare-first;rare_share=0.3;sweep=load,hesk(w=4),served_frac,200,0.955625,0.944375,0.96625
E11_alloc,load=0.4;nodes=20;order=rare-first;rare_share=0.3;sweep=load,hesk(w=8),served_frac,200,0.955625,0.944375,0.96625
E11_alloc,load=0.4;nodes=20;order=rare-first;rare_share=0.3;sweep=load,random,served_frac,200,0.95625,0.945,0.966875
E11_alloc,load=0.4;nodes=20;order=rare-first;rare_share=0.3;sweep=load,tightest-fit,served_frac,200,0.9575,0.94625,0.968125
E11_alloc,load=0.6;nodes=20;order=common-first;rare_share=0.3;sweep=load,best-quality,served_frac,200,0.885417,0.870406,0.899583
E11_alloc,load=0.6;nodes=20;order=common-first;rare_share=0.3;sweep=load,hesk(w=0),served_frac,200,0.883333,0.868333,0.897094
E11_alloc,load=0.6;nodes=20;order=common-first;rare_share=0.3;sweep=load,hesk(w=0.5),served_frac,200,0.909583,0.895833,0.922917
E11_alloc,load=0.6;nodes=20;order=common-first;rare_share=0.3;sweep=load,hesk(w=1),served_frac,200,0.924167,0.910833,0.936667
E11_alloc,load=0.6;nodes=20;order=common-first;rare_share=0.3;sweep=load,hesk(w=16),served_frac,200,0.9375,0.925,0.95
E11_alloc,load=0.6;nodes=20;order=common-first;rare_share=0.3;sweep=load,hesk(w=2),served_frac,200,0.935,0.922917,0.947094
E11_alloc,load=0.6;nodes=20;order=common-first;rare_share=0.3;sweep=load,"hesk(w=2,available)",served_frac,200,0.935,0.922917,0.947094
E11_alloc,load=0.6;nodes=20;order=common-first;rare_share=0.3;sweep=load,"hesk(w=2,known=0.5)",served_frac,200,0.93375,0.921667,0.94625
E11_alloc,load=0.6;nodes=20;order=common-first;rare_share=0.3;sweep=load,hesk(w=4),served_frac,200,0.935833,0.92375,0.947917
E11_alloc,load=0.6;nodes=20;order=common-first;rare_share=0.3;sweep=load,hesk(w=8),served_frac,200,0.935833,0.92375,0.947917
E11_alloc,load=0.6;nodes=20;order=common-first;rare_share=0.3;sweep=load,random,served_frac,200,0.877083,0.862083,0.892083
E11_alloc,load=0.6;nodes=20;order=common-first;rare_share=0.3;sweep=load,tightest-fit,served_frac,200,0.940417,0.927917,0.9525
E11_alloc,load=0.6;nodes=20;order=random;rare_share=0.3;sweep=load,best-quality,served_frac,200,0.907083,0.89374,0.920833
E11_alloc,load=0.6;nodes=20;order=random;rare_share=0.3;sweep=load,hesk(w=0),served_frac,200,0.91,0.896667,0.92375
E11_alloc,load=0.6;nodes=20;order=random;rare_share=0.3;sweep=load,hesk(w=0.5),served_frac,200,0.920417,0.907083,0.93375
E11_alloc,load=0.6;nodes=20;order=random;rare_share=0.3;sweep=load,hesk(w=1),served_frac,200,0.927083,0.91375,0.94
E11_alloc,load=0.6;nodes=20;order=random;rare_share=0.3;sweep=load,hesk(w=16),served_frac,200,0.933333,0.920417,0.945833
E11_alloc,load=0.6;nodes=20;order=random;rare_share=0.3;sweep=load,hesk(w=2),served_frac,200,0.932917,0.920406,0.945417
E11_alloc,load=0.6;nodes=20;order=random;rare_share=0.3;sweep=load,"hesk(w=2,available)",served_frac,200,0.9325,0.91999,0.944583
E11_alloc,load=0.6;nodes=20;order=random;rare_share=0.3;sweep=load,"hesk(w=2,known=0.5)",served_frac,200,0.932917,0.92,0.945417
E11_alloc,load=0.6;nodes=20;order=random;rare_share=0.3;sweep=load,hesk(w=4),served_frac,200,0.93375,0.92125,0.945844
E11_alloc,load=0.6;nodes=20;order=random;rare_share=0.3;sweep=load,hesk(w=8),served_frac,200,0.934167,0.92125,0.946667
E11_alloc,load=0.6;nodes=20;order=random;rare_share=0.3;sweep=load,random,served_frac,200,0.915833,0.903333,0.928333
E11_alloc,load=0.6;nodes=20;order=random;rare_share=0.3;sweep=load,tightest-fit,served_frac,200,0.939167,0.925833,0.95125
E11_alloc,load=0.6;nodes=20;order=rare-first;rare_share=0.3;sweep=load,best-quality,served_frac,200,0.931667,0.91875,0.944167
E11_alloc,load=0.6;nodes=20;order=rare-first;rare_share=0.3;sweep=load,hesk(w=0),served_frac,200,0.933333,0.92124,0.945833
E11_alloc,load=0.6;nodes=20;order=rare-first;rare_share=0.3;sweep=load,hesk(w=0.5),served_frac,200,0.93125,0.91875,0.943333
E11_alloc,load=0.6;nodes=20;order=rare-first;rare_share=0.3;sweep=load,hesk(w=1),served_frac,200,0.934167,0.921667,0.94625
E11_alloc,load=0.6;nodes=20;order=rare-first;rare_share=0.3;sweep=load,hesk(w=16),served_frac,200,0.93625,0.924156,0.94875
E11_alloc,load=0.6;nodes=20;order=rare-first;rare_share=0.3;sweep=load,hesk(w=2),served_frac,200,0.934583,0.9225,0.946667
E11_alloc,load=0.6;nodes=20;order=rare-first;rare_share=0.3;sweep=load,"hesk(w=2,available)",served_frac,200,0.935,0.922917,0.9475
E11_alloc,load=0.6;nodes=20;order=rare-first;rare_share=0.3;sweep=load,"hesk(w=2,known=0.5)",served_frac,200,0.935417,0.922917,0.947917
E11_alloc,load=0.6;nodes=20;order=rare-first;rare_share=0.3;sweep=load,hesk(w=4),served_frac,200,0.935,0.922917,0.9475
E11_alloc,load=0.6;nodes=20;order=rare-first;rare_share=0.3;sweep=load,hesk(w=8),served_frac,200,0.935,0.922917,0.9475
E11_alloc,load=0.6;nodes=20;order=rare-first;rare_share=0.3;sweep=load,random,served_frac,200,0.934167,0.921667,0.94625
E11_alloc,load=0.6;nodes=20;order=rare-first;rare_share=0.3;sweep=load,tightest-fit,served_frac,200,0.940833,0.928333,0.952917
E11_alloc,load=0.8;nodes=20;order=common-first;rare_share=0.1;sweep=rare_share,best-quality,served_frac,200,0.920312,0.909687,0.930312
E11_alloc,load=0.8;nodes=20;order=common-first;rare_share=0.1;sweep=rare_share,hesk(w=0),served_frac,200,0.914687,0.904062,0.925
E11_alloc,load=0.8;nodes=20;order=common-first;rare_share=0.1;sweep=rare_share,hesk(w=0.5),served_frac,200,0.933125,0.922188,0.943438
E11_alloc,load=0.8;nodes=20;order=common-first;rare_share=0.1;sweep=rare_share,hesk(w=1),served_frac,200,0.93875,0.92843,0.948438
E11_alloc,load=0.8;nodes=20;order=common-first;rare_share=0.1;sweep=rare_share,hesk(w=16),served_frac,200,0.950313,0.940625,0.959375
E11_alloc,load=0.8;nodes=20;order=common-first;rare_share=0.1;sweep=rare_share,hesk(w=2),served_frac,200,0.9475,0.938125,0.95625
E11_alloc,load=0.8;nodes=20;order=common-first;rare_share=0.1;sweep=rare_share,"hesk(w=2,available)",served_frac,200,0.9475,0.937813,0.95625
E11_alloc,load=0.8;nodes=20;order=common-first;rare_share=0.1;sweep=rare_share,"hesk(w=2,known=0.5)",served_frac,200,0.945625,0.93593,0.954688
E11_alloc,load=0.8;nodes=20;order=common-first;rare_share=0.1;sweep=rare_share,hesk(w=4),served_frac,200,0.94875,0.939375,0.957195
E11_alloc,load=0.8;nodes=20;order=common-first;rare_share=0.1;sweep=rare_share,hesk(w=8),served_frac,200,0.949688,0.940312,0.958438
E11_alloc,load=0.8;nodes=20;order=common-first;rare_share=0.1;sweep=rare_share,random,served_frac,200,0.911875,0.90125,0.922188
E11_alloc,load=0.8;nodes=20;order=common-first;rare_share=0.1;sweep=rare_share,tightest-fit,served_frac,200,0.970313,0.96375,0.976562
E11_alloc,load=0.8;nodes=20;order=common-first;rare_share=0.2;sweep=rare_share,best-quality,served_frac,200,0.874687,0.8625,0.886563
E11_alloc,load=0.8;nodes=20;order=common-first;rare_share=0.2;sweep=rare_share,hesk(w=0),served_frac,200,0.871563,0.859375,0.88375
E11_alloc,load=0.8;nodes=20;order=common-first;rare_share=0.2;sweep=rare_share,hesk(w=0.5),served_frac,200,0.9075,0.895625,0.919063
E11_alloc,load=0.8;nodes=20;order=common-first;rare_share=0.2;sweep=rare_share,hesk(w=1),served_frac,200,0.918125,0.906875,0.929375
E11_alloc,load=0.8;nodes=20;order=common-first;rare_share=0.2;sweep=rare_share,hesk(w=16),served_frac,200,0.931562,0.920625,0.942187
E11_alloc,load=0.8;nodes=20;order=common-first;rare_share=0.2;sweep=rare_share,hesk(w=2),served_frac,200,0.929063,0.918125,0.939688
E11_alloc,load=0.8;nodes=20;order=common-first;rare_share=0.2;sweep=rare_share,"hesk(w=2,available)",served_frac,200,0.9275,0.916867,0.938125
E11_alloc,load=0.8;nodes=20;order=common-first;rare_share=0.2;sweep=rare_share,"hesk(w=2,known=0.5)",served_frac,200,0.928125,0.916875,0.93875
E11_alloc,load=0.8;nodes=20;order=common-first;rare_share=0.2;sweep=rare_share,hesk(w=4),served_frac,200,0.93125,0.920625,0.941562
E11_alloc,load=0.8;nodes=20;order=common-first;rare_share=0.2;sweep=rare_share,hesk(w=8),served_frac,200,0.930937,0.920312,0.94125
E11_alloc,load=0.8;nodes=20;order=common-first;rare_share=0.2;sweep=rare_share,random,served_frac,200,0.870625,0.859062,0.88282
E11_alloc,load=0.8;nodes=20;order=common-first;rare_share=0.2;sweep=rare_share,tightest-fit,served_frac,200,0.94875,0.939375,0.958125
E11_alloc,load=0.8;nodes=20;order=common-first;rare_share=0.3;sweep=load,best-quality,served_frac,200,0.831875,0.81875,0.845313
E11_alloc,load=0.8;nodes=20;order=common-first;rare_share=0.3;sweep=load,hesk(w=0),served_frac,200,0.829063,0.816562,0.841562
E11_alloc,load=0.8;nodes=20;order=common-first;rare_share=0.3;sweep=load,hesk(w=0.5),served_frac,200,0.867812,0.855625,0.880313
E11_alloc,load=0.8;nodes=20;order=common-first;rare_share=0.3;sweep=load,hesk(w=1),served_frac,200,0.885312,0.87375,0.897813
E11_alloc,load=0.8;nodes=20;order=common-first;rare_share=0.3;sweep=load,hesk(w=16),served_frac,200,0.90625,0.894687,0.918125
E11_alloc,load=0.8;nodes=20;order=common-first;rare_share=0.3;sweep=load,hesk(w=2),served_frac,200,0.900625,0.889375,0.912188
E11_alloc,load=0.8;nodes=20;order=common-first;rare_share=0.3;sweep=load,"hesk(w=2,available)",served_frac,200,0.899687,0.888742,0.911563
E11_alloc,load=0.8;nodes=20;order=common-first;rare_share=0.3;sweep=load,"hesk(w=2,known=0.5)",served_frac,200,0.9,0.888437,0.911875
E11_alloc,load=0.8;nodes=20;order=common-first;rare_share=0.3;sweep=load,hesk(w=4),served_frac,200,0.90375,0.892188,0.915937
E11_alloc,load=0.8;nodes=20;order=common-first;rare_share=0.3;sweep=load,hesk(w=8),served_frac,200,0.905625,0.894375,0.917813
E11_alloc,load=0.8;nodes=20;order=common-first;rare_share=0.3;sweep=load,random,served_frac,200,0.822812,0.81093,0.835625
E11_alloc,load=0.8;nodes=20;order=common-first;rare_share=0.3;sweep=load,tightest-fit,served_frac,200,0.91875,0.906875,0.930625
E11_alloc,load=0.8;nodes=20;order=random;rare_share=0.3;sweep=load,best-quality,served_frac,200,0.86625,0.854375,0.87875
E11_alloc,load=0.8;nodes=20;order=random;rare_share=0.3;sweep=load,hesk(w=0),served_frac,200,0.866563,0.855,0.87875
E11_alloc,load=0.8;nodes=20;order=random;rare_share=0.3;sweep=load,hesk(w=0.5),served_frac,200,0.881563,0.869687,0.893758
E11_alloc,load=0.8;nodes=20;order=random;rare_share=0.3;sweep=load,hesk(w=1),served_frac,200,0.891875,0.88,0.904375
E11_alloc,load=0.8;nodes=20;order=random;rare_share=0.3;sweep=load,hesk(w=16),served_frac,200,0.902188,0.890312,0.91375
E11_alloc,load=0.8;nodes=20;order=random;rare_share=0.3;sweep=load,hesk(w=2),served_frac,200,0.89875,0.886875,0.910625
E11_alloc,load=0.8;nodes=20;order=random;rare_share=0.3;sweep=load,"hesk(w=2,available)",served_frac,200,0.899062,0.88718,0.910937
E11_alloc,load=0.8;nodes=20;order=random;rare_share=0.3;sweep=load,"hesk(w=2,known=0.5)",served_frac,200,0.9,0.888125,0.911875
E11_alloc,load=0.8;nodes=20;order=random;rare_share=0.3;sweep=load,hesk(w=4),served_frac,200,0.900937,0.889055,0.912813
E11_alloc,load=0.8;nodes=20;order=random;rare_share=0.3;sweep=load,hesk(w=8),served_frac,200,0.90125,0.88968,0.912813
E11_alloc,load=0.8;nodes=20;order=random;rare_share=0.3;sweep=load,random,served_frac,200,0.864062,0.8525,0.87625
E11_alloc,load=0.8;nodes=20;order=random;rare_share=0.3;sweep=load,tightest-fit,served_frac,200,0.92375,0.911875,0.935312
E11_alloc,load=0.8;nodes=20;order=rare-first;rare_share=0.3;sweep=load,best-quality,served_frac,200,0.893437,0.882188,0.905312
E11_alloc,load=0.8;nodes=20;order=rare-first;rare_share=0.3;sweep=load,hesk(w=0),served_frac,200,0.89,0.87875,0.902195
E11_alloc,load=0.8;nodes=20;order=rare-first;rare_share=0.3;sweep=load,hesk(w=0.5),served_frac,200,0.889687,0.878437,0.901258
E11_alloc,load=0.8;nodes=20;order=rare-first;rare_share=0.3;sweep=load,hesk(w=1),served_frac,200,0.893437,0.881875,0.905
E11_alloc,load=0.8;nodes=20;order=rare-first;rare_share=0.3;sweep=load,hesk(w=16),served_frac,200,0.89875,0.887188,0.910625
E11_alloc,load=0.8;nodes=20;order=rare-first;rare_share=0.3;sweep=load,hesk(w=2),served_frac,200,0.895625,0.884062,0.9075
E11_alloc,load=0.8;nodes=20;order=rare-first;rare_share=0.3;sweep=load,"hesk(w=2,available)",served_frac,200,0.89625,0.884687,0.90782
E11_alloc,load=0.8;nodes=20;order=rare-first;rare_share=0.3;sweep=load,"hesk(w=2,known=0.5)",served_frac,200,0.896875,0.885312,0.90875
E11_alloc,load=0.8;nodes=20;order=rare-first;rare_share=0.3;sweep=load,hesk(w=4),served_frac,200,0.896875,0.885617,0.90875
E11_alloc,load=0.8;nodes=20;order=rare-first;rare_share=0.3;sweep=load,hesk(w=8),served_frac,200,0.8975,0.88625,0.909375
E11_alloc,load=0.8;nodes=20;order=rare-first;rare_share=0.3;sweep=load,random,served_frac,200,0.89625,0.884375,0.908125
E11_alloc,load=0.8;nodes=20;order=rare-first;rare_share=0.3;sweep=load,tightest-fit,served_frac,200,0.925,0.913125,0.936258
E11_alloc,load=0.8;nodes=20;order=common-first;rare_share=0.4;sweep=rare_share,best-quality,served_frac,200,0.78125,0.767805,0.795625
E11_alloc,load=0.8;nodes=20;order=common-first;rare_share=0.4;sweep=rare_share,hesk(w=0),served_frac,200,0.774687,0.760938,0.78907
E11_alloc,load=0.8;nodes=20;order=common-first;rare_share=0.4;sweep=rare_share,hesk(w=0.5),served_frac,200,0.82125,0.8075,0.835313
E11_alloc,load=0.8;nodes=20;order=common-first;rare_share=0.4;sweep=rare_share,hesk(w=1),served_frac,200,0.845,0.831555,0.858758
E11_alloc,load=0.8;nodes=20;order=common-first;rare_share=0.4;sweep=rare_share,hesk(w=16),served_frac,200,0.867812,0.854375,0.881875
E11_alloc,load=0.8;nodes=20;order=common-first;rare_share=0.4;sweep=rare_share,hesk(w=2),served_frac,200,0.86625,0.852805,0.88
E11_alloc,load=0.8;nodes=20;order=common-first;rare_share=0.4;sweep=rare_share,"hesk(w=2,available)",served_frac,200,0.86375,0.850305,0.8775
E11_alloc,load=0.8;nodes=20;order=common-first;rare_share=0.4;sweep=rare_share,"hesk(w=2,known=0.5)",served_frac,200,0.865938,0.852187,0.879687
E11_alloc,load=0.8;nodes=20;order=common-first;rare_share=0.4;sweep=rare_share,hesk(w=4),served_frac,200,0.867188,0.85343,0.880945
E11_alloc,load=0.8;nodes=20;order=common-first;rare_share=0.4;sweep=rare_share,hesk(w=8),served_frac,200,0.8675,0.85375,0.881563
E11_alloc,load=0.8;nodes=20;order=common-first;rare_share=0.4;sweep=rare_share,random,served_frac,200,0.776563,0.7625,0.791562
E11_alloc,load=0.8;nodes=20;order=common-first;rare_share=0.4;sweep=rare_share,tightest-fit,served_frac,200,0.87375,0.86,0.888125
E11_alloc,load=0.8;nodes=20;order=common-first;rare_share=0.6;sweep=rare_share,best-quality,served_frac,200,0.669687,0.653438,0.686562
E11_alloc,load=0.8;nodes=20;order=common-first;rare_share=0.6;sweep=rare_share,hesk(w=0),served_frac,200,0.673125,0.656563,0.69
E11_alloc,load=0.8;nodes=20;order=common-first;rare_share=0.6;sweep=rare_share,hesk(w=0.5),served_frac,200,0.71125,0.69375,0.729375
E11_alloc,load=0.8;nodes=20;order=common-first;rare_share=0.6;sweep=rare_share,hesk(w=1),served_frac,200,0.73625,0.718117,0.755
E11_alloc,load=0.8;nodes=20;order=common-first;rare_share=0.6;sweep=rare_share,hesk(w=16),served_frac,200,0.76,0.74125,0.779687
E11_alloc,load=0.8;nodes=20;order=common-first;rare_share=0.6;sweep=rare_share,hesk(w=2),served_frac,200,0.759687,0.74125,0.779062
E11_alloc,load=0.8;nodes=20;order=common-first;rare_share=0.6;sweep=rare_share,"hesk(w=2,available)",served_frac,200,0.758125,0.740305,0.777188
E11_alloc,load=0.8;nodes=20;order=common-first;rare_share=0.6;sweep=rare_share,"hesk(w=2,known=0.5)",served_frac,200,0.755938,0.7375,0.775008
E11_alloc,load=0.8;nodes=20;order=common-first;rare_share=0.6;sweep=rare_share,hesk(w=4),served_frac,200,0.760625,0.74218,0.78
E11_alloc,load=0.8;nodes=20;order=common-first;rare_share=0.6;sweep=rare_share,hesk(w=8),served_frac,200,0.760625,0.74218,0.78
E11_alloc,load=0.8;nodes=20;order=common-first;rare_share=0.6;sweep=rare_share,random,served_frac,200,0.674063,0.6575,0.690937
E11_alloc,load=0.8;nodes=20;order=common-first;rare_share=0.6;sweep=rare_share,tightest-fit,served_frac,200,0.766563,0.747805,0.785945
E11_alloc,load=1.0;nodes=20;order=common-first;rare_share=0.3;sweep=load,best-quality,served_frac,200,0.76625,0.75475,0.777506
E11_alloc,load=1.0;nodes=20;order=common-first;rare_share=0.3;sweep=load,hesk(w=0),served_frac,200,0.7605,0.7485,0.772
E11_alloc,load=1.0;nodes=20;order=common-first;rare_share=0.3;sweep=load,hesk(w=0.5),served_frac,200,0.79925,0.7885,0.809506
E11_alloc,load=1.0;nodes=20;order=common-first;rare_share=0.3;sweep=load,hesk(w=1),served_frac,200,0.82,0.8095,0.83025
E11_alloc,load=1.0;nodes=20;order=common-first;rare_share=0.3;sweep=load,hesk(w=16),served_frac,200,0.8365,0.825994,0.84675
E11_alloc,load=1.0;nodes=20;order=common-first;rare_share=0.3;sweep=load,hesk(w=2),served_frac,200,0.833,0.82225,0.84325
E11_alloc,load=1.0;nodes=20;order=common-first;rare_share=0.3;sweep=load,"hesk(w=2,available)",served_frac,200,0.829,0.81825,0.839
E11_alloc,load=1.0;nodes=20;order=common-first;rare_share=0.3;sweep=load,"hesk(w=2,known=0.5)",served_frac,200,0.831,0.82025,0.841006
E11_alloc,load=1.0;nodes=20;order=common-first;rare_share=0.3;sweep=load,hesk(w=4),served_frac,200,0.83475,0.82375,0.845
E11_alloc,load=1.0;nodes=20;order=common-first;rare_share=0.3;sweep=load,hesk(w=8),served_frac,200,0.836,0.82525,0.846256
E11_alloc,load=1.0;nodes=20;order=common-first;rare_share=0.3;sweep=load,random,served_frac,200,0.757,0.74525,0.7685
E11_alloc,load=1.0;nodes=20;order=common-first;rare_share=0.3;sweep=load,tightest-fit,served_frac,200,0.86,0.85025,0.86975
E11_alloc,load=1.0;nodes=20;order=random;rare_share=0.3;sweep=load,best-quality,served_frac,200,0.80375,0.7935,0.814256
E11_alloc,load=1.0;nodes=20;order=random;rare_share=0.3;sweep=load,hesk(w=0),served_frac,200,0.8035,0.7935,0.813756
E11_alloc,load=1.0;nodes=20;order=random;rare_share=0.3;sweep=load,hesk(w=0.5),served_frac,200,0.81525,0.8045,0.826
E11_alloc,load=1.0;nodes=20;order=random;rare_share=0.3;sweep=load,hesk(w=1),served_frac,200,0.8235,0.8125,0.834006
E11_alloc,load=1.0;nodes=20;order=random;rare_share=0.3;sweep=load,hesk(w=16),served_frac,200,0.83175,0.821,0.84225
E11_alloc,load=1.0;nodes=20;order=random;rare_share=0.3;sweep=load,hesk(w=2),served_frac,200,0.82875,0.818,0.83925
E11_alloc,load=1.0;nodes=20;order=random;rare_share=0.3;sweep=load,"hesk(w=2,available)",served_frac,200,0.828,0.81725,0.83825
E11_alloc,load=1.0;nodes=20;order=random;rare_share=0.3;sweep=load,"hesk(w=2,known=0.5)",served_frac,200,0.82775,0.81675,0.838
E11_alloc,load=1.0;nodes=20;order=random;rare_share=0.3;sweep=load,hesk(w=4),served_frac,200,0.8295,0.81875,0.83975
E11_alloc,load=1.0;nodes=20;order=random;rare_share=0.3;sweep=load,hesk(w=8),served_frac,200,0.8305,0.819994,0.841
E11_alloc,load=1.0;nodes=20;order=random;rare_share=0.3;sweep=load,random,served_frac,200,0.8,0.78975,0.810256
E11_alloc,load=1.0;nodes=20;order=random;rare_share=0.3;sweep=load,tightest-fit,served_frac,200,0.8665,0.856244,0.8765
E11_alloc,load=1.0;nodes=20;order=rare-first;rare_share=0.3;sweep=load,best-quality,served_frac,200,0.81825,0.80725,0.82875
E11_alloc,load=1.0;nodes=20;order=rare-first;rare_share=0.3;sweep=load,hesk(w=0),served_frac,200,0.82,0.80925,0.831
E11_alloc,load=1.0;nodes=20;order=rare-first;rare_share=0.3;sweep=load,hesk(w=0.5),served_frac,200,0.81725,0.806994,0.827506
E11_alloc,load=1.0;nodes=20;order=rare-first;rare_share=0.3;sweep=load,hesk(w=1),served_frac,200,0.82025,0.81,0.8305
E11_alloc,load=1.0;nodes=20;order=rare-first;rare_share=0.3;sweep=load,hesk(w=16),served_frac,200,0.8255,0.81525,0.836
E11_alloc,load=1.0;nodes=20;order=rare-first;rare_share=0.3;sweep=load,hesk(w=2),served_frac,200,0.822,0.81175,0.83225
E11_alloc,load=1.0;nodes=20;order=rare-first;rare_share=0.3;sweep=load,"hesk(w=2,available)",served_frac,200,0.82225,0.812,0.8325
E11_alloc,load=1.0;nodes=20;order=rare-first;rare_share=0.3;sweep=load,"hesk(w=2,known=0.5)",served_frac,200,0.82175,0.811744,0.83175
E11_alloc,load=1.0;nodes=20;order=rare-first;rare_share=0.3;sweep=load,hesk(w=4),served_frac,200,0.823,0.8125,0.83325
E11_alloc,load=1.0;nodes=20;order=rare-first;rare_share=0.3;sweep=load,hesk(w=8),served_frac,200,0.82375,0.8135,0.834
E11_alloc,load=1.0;nodes=20;order=rare-first;rare_share=0.3;sweep=load,random,served_frac,200,0.826,0.816,0.836
E11_alloc,load=1.0;nodes=20;order=rare-first;rare_share=0.3;sweep=load,tightest-fit,served_frac,200,0.86675,0.85625,0.877
E11_alloc,load=1.2;nodes=20;order=common-first;rare_share=0.3;sweep=load,best-quality,served_frac,200,0.69125,0.682083,0.70063
E11_alloc,load=1.2;nodes=20;order=common-first;rare_share=0.3;sweep=load,hesk(w=0),served_frac,200,0.689792,0.680417,0.69875
E11_alloc,load=1.2;nodes=20;order=common-first;rare_share=0.3;sweep=load,hesk(w=0.5),served_frac,200,0.717083,0.70875,0.725208
E11_alloc,load=1.2;nodes=20;order=common-first;rare_share=0.3;sweep=load,hesk(w=1),served_frac,200,0.73,0.721875,0.737708
E11_alloc,load=1.2;nodes=20;order=common-first;rare_share=0.3;sweep=load,hesk(w=16),served_frac,200,0.738542,0.730833,0.74625
E11_alloc,load=1.2;nodes=20;order=common-first;rare_share=0.3;sweep=load,hesk(w=2),served_frac,200,0.737083,0.729167,0.744792
E11_alloc,load=1.2;nodes=20;order=common-first;rare_share=0.3;sweep=load,"hesk(w=2,available)",served_frac,200,0.735625,0.727917,0.743542
E11_alloc,load=1.2;nodes=20;order=common-first;rare_share=0.3;sweep=load,"hesk(w=2,known=0.5)",served_frac,200,0.73625,0.728333,0.74375
E11_alloc,load=1.2;nodes=20;order=common-first;rare_share=0.3;sweep=load,hesk(w=4),served_frac,200,0.7375,0.729578,0.745208
E11_alloc,load=1.2;nodes=20;order=common-first;rare_share=0.3;sweep=load,hesk(w=8),served_frac,200,0.738333,0.730625,0.746042
E11_alloc,load=1.2;nodes=20;order=common-first;rare_share=0.3;sweep=load,random,served_frac,200,0.683333,0.674375,0.691875
E11_alloc,load=1.2;nodes=20;order=common-first;rare_share=0.3;sweep=load,tightest-fit,served_frac,200,0.761042,0.753542,0.768339
E11_alloc,load=1.2;nodes=20;order=random;rare_share=0.3;sweep=load,best-quality,served_frac,200,0.724583,0.716042,0.733333
E11_alloc,load=1.2;nodes=20;order=random;rare_share=0.3;sweep=load,hesk(w=0),served_frac,200,0.725,0.715833,0.73375
E11_alloc,load=1.2;nodes=20;order=random;rare_share=0.3;sweep=load,hesk(w=0.5),served_frac,200,0.731458,0.722911,0.739792
E11_alloc,load=1.2;nodes=20;order=random;rare_share=0.3;sweep=load,hesk(w=1),served_frac,200,0.735208,0.726875,0.743542
E11_alloc,load=1.2;nodes=20;order=random;rare_share=0.3;sweep=load,hesk(w=16),served_frac,200,0.73875,0.730417,0.746875
E11_alloc,load=1.2;nodes=20;order=random;rare_share=0.3;sweep=load,hesk(w=2),served_frac,200,0.7375,0.729161,0.745625
E11_alloc,load=1.2;nodes=20;order=random;rare_share=0.3;sweep=load,"hesk(w=2,available)",served_frac,200,0.7375,0.729167,0.745625
E11_alloc,load=1.2;nodes=20;order=random;rare_share=0.3;sweep=load,"hesk(w=2,known=0.5)",served_frac,200,0.7375,0.729167,0.745625
E11_alloc,load=1.2;nodes=20;order=random;rare_share=0.3;sweep=load,hesk(w=4),served_frac,200,0.737292,0.728958,0.745417
E11_alloc,load=1.2;nodes=20;order=random;rare_share=0.3;sweep=load,hesk(w=8),served_frac,200,0.738125,0.729792,0.74625
E11_alloc,load=1.2;nodes=20;order=random;rare_share=0.3;sweep=load,random,served_frac,200,0.719167,0.710625,0.727292
E11_alloc,load=1.2;nodes=20;order=random;rare_share=0.3;sweep=load,tightest-fit,served_frac,200,0.7625,0.755,0.770005
E11_alloc,load=1.2;nodes=20;order=rare-first;rare_share=0.3;sweep=load,best-quality,served_frac,200,0.724375,0.715411,0.733333
E11_alloc,load=1.2;nodes=20;order=rare-first;rare_share=0.3;sweep=load,hesk(w=0),served_frac,200,0.728125,0.719792,0.73625
E11_alloc,load=1.2;nodes=20;order=rare-first;rare_share=0.3;sweep=load,hesk(w=0.5),served_frac,200,0.72625,0.717917,0.734167
E11_alloc,load=1.2;nodes=20;order=rare-first;rare_share=0.3;sweep=load,hesk(w=1),served_frac,200,0.726667,0.718328,0.734583
E11_alloc,load=1.2;nodes=20;order=rare-first;rare_share=0.3;sweep=load,hesk(w=16),served_frac,200,0.729792,0.721875,0.737708
E11_alloc,load=1.2;nodes=20;order=rare-first;rare_share=0.3;sweep=load,hesk(w=2),served_frac,200,0.728125,0.719995,0.736042
E11_alloc,load=1.2;nodes=20;order=rare-first;rare_share=0.3;sweep=load,"hesk(w=2,available)",served_frac,200,0.728125,0.719792,0.73625
E11_alloc,load=1.2;nodes=20;order=rare-first;rare_share=0.3;sweep=load,"hesk(w=2,known=0.5)",served_frac,200,0.7275,0.719167,0.735208
E11_alloc,load=1.2;nodes=20;order=rare-first;rare_share=0.3;sweep=load,hesk(w=4),served_frac,200,0.727917,0.719583,0.735625
E11_alloc,load=1.2;nodes=20;order=rare-first;rare_share=0.3;sweep=load,hesk(w=8),served_frac,200,0.728958,0.721036,0.736875
E11_alloc,load=1.2;nodes=20;order=rare-first;rare_share=0.3;sweep=load,random,served_frac,200,0.728333,0.720208,0.735839
E11_alloc,load=1.2;nodes=20;order=rare-first;rare_share=0.3;sweep=load,tightest-fit,served_frac,200,0.762083,0.754583,0.769589
E11_alloc,load=0.4;nodes=20;order=common-first;rare_share=0.3;sweep=load,best-quality,rare_served_frac,192,0.821466,0.784283,0.858683
E11_alloc,load=0.4;nodes=20;order=common-first;rare_share=0.3;sweep=load,hesk(w=0),rare_served_frac,192,0.809015,0.770211,0.846163
E11_alloc,load=0.4;nodes=20;order=common-first;rare_share=0.3;sweep=load,hesk(w=0.5),rare_served_frac,192,0.858929,0.82439,0.892178
E11_alloc,load=0.4;nodes=20;order=common-first;rare_share=0.3;sweep=load,hesk(w=1),rare_served_frac,192,0.877071,0.843215,0.908079
E11_alloc,load=0.4;nodes=20;order=common-first;rare_share=0.3;sweep=load,hesk(w=16),rare_served_frac,192,0.887922,0.854671,0.917436
E11_alloc,load=0.4;nodes=20;order=common-first;rare_share=0.3;sweep=load,hesk(w=2),rare_served_frac,192,0.88662,0.853371,0.916123
E11_alloc,load=0.4;nodes=20;order=common-first;rare_share=0.3;sweep=load,"hesk(w=2,available)",rare_served_frac,192,0.88662,0.853371,0.916123
E11_alloc,load=0.4;nodes=20;order=common-first;rare_share=0.3;sweep=load,"hesk(w=2,known=0.5)",rare_served_frac,192,0.884883,0.851548,0.914151
E11_alloc,load=0.4;nodes=20;order=common-first;rare_share=0.3;sweep=load,hesk(w=4),rare_served_frac,192,0.88662,0.853371,0.916123
E11_alloc,load=0.4;nodes=20;order=common-first;rare_share=0.3;sweep=load,hesk(w=8),rare_served_frac,192,0.88662,0.853371,0.916123
E11_alloc,load=0.4;nodes=20;order=common-first;rare_share=0.3;sweep=load,random,rare_served_frac,192,0.800508,0.76107,0.838883
E11_alloc,load=0.4;nodes=20;order=common-first;rare_share=0.3;sweep=load,tightest-fit,rare_served_frac,192,0.888046,0.854562,0.917701
E11_alloc,load=0.4;nodes=20;order=random;rare_share=0.3;sweep=load,best-quality,rare_served_frac,192,0.857403,0.824118,0.889701
E11_alloc,load=0.4;nodes=20;order=random;rare_share=0.3;sweep=load,hesk(w=0),rare_served_frac,192,0.853894,0.818299,0.887147
E11_alloc,load=0.4;nodes=20;order=random;rare_share=0.3;sweep=load,hesk(w=0.5),rare_served_frac,192,0.875161,0.842173,0.906474
E11_alloc,load=0.4;nodes=20;order=random;rare_share=0.3;sweep=load,hesk(w=1),rare_served_frac,192,0.880109,0.847565,0.911187
E11_alloc,load=0.4;nodes=20;order=random;rare_share=0.3;sweep=load,hesk(w=16),rare_served_frac,192,0.887922,0.854671,0.917436
E11_alloc,load=0.4;nodes=20;order=random;rare_share=0.3;sweep=load,hesk(w=2),rare_served_frac,192,0.887922,0.854671,0.917436
E11_alloc,load=0.4;nodes=20;order=random;rare_share=0.3;sweep=load,"hesk(w=2,available)",rare_served_frac,192,0.887922,0.854671,0.917436
E11_alloc,load=0.4;nodes=20;order=random;rare_share=0.3;sweep=load,"hesk(w=2,known=0.5)",rare_served_frac,192,0.887922,0.854671,0.917436
E11_alloc,load=0.4;nodes=20;order=random;rare_share=0.3;sweep=load,hesk(w=4),rare_served_frac,192,0.887922,0.854671,0.917436
E11_alloc,load=0.4;nodes=20;order=random;rare_share=0.3;sweep=load,hesk(w=8),rare_served_frac,192,0.887922,0.854671,0.917436
E11_alloc,load=0.4;nodes=20;order=random;rare_share=0.3;sweep=load,random,rare_served_frac,192,0.853633,0.81951,0.88749
E11_alloc,load=0.4;nodes=20;order=random;rare_share=0.3;sweep=load,tightest-fit,rare_served_frac,192,0.888046,0.854562,0.917701
E11_alloc,load=0.4;nodes=20;order=rare-first;rare_share=0.3;sweep=load,best-quality,rare_served_frac,192,0.885615,0.85146,0.915888
E11_alloc,load=0.4;nodes=20;order=rare-first;rare_share=0.3;sweep=load,hesk(w=0),rare_served_frac,192,0.884015,0.85068,0.915096
E11_alloc,load=0.4;nodes=20;order=rare-first;rare_share=0.3;sweep=load,hesk(w=0.5),rare_served_frac,192,0.88662,0.852939,0.91589
E11_alloc,load=0.4;nodes=20;order=rare-first;rare_share=0.3;sweep=load,hesk(w=1),rare_served_frac,192,0.887922,0.854241,0.917365
E11_alloc,load=0.4;nodes=20;order=rare-first;rare_share=0.3;sweep=load,hesk(w=16),rare_served_frac,192,0.887922,0.854671,0.917436
E11_alloc,load=0.4;nodes=20;order=rare-first;rare_share=0.3;sweep=load,hesk(w=2),rare_served_frac,192,0.88662,0.853371,0.916123
E11_alloc,load=0.4;nodes=20;order=rare-first;rare_share=0.3;sweep=load,"hesk(w=2,available)",rare_served_frac,192,0.88662,0.853371,0.916123
E11_alloc,load=0.4;nodes=20;order=rare-first;rare_share=0.3;sweep=load,"hesk(w=2,known=0.5)",rare_served_frac,192,0.88662,0.853371,0.916123
E11_alloc,load=0.4;nodes=20;order=rare-first;rare_share=0.3;sweep=load,hesk(w=4),rare_served_frac,192,0.88662,0.853371,0.916123
E11_alloc,load=0.4;nodes=20;order=rare-first;rare_share=0.3;sweep=load,hesk(w=8),rare_served_frac,192,0.88662,0.853371,0.916123
E11_alloc,load=0.4;nodes=20;order=rare-first;rare_share=0.3;sweep=load,random,rare_served_frac,192,0.883581,0.850319,0.914906
E11_alloc,load=0.4;nodes=20;order=rare-first;rare_share=0.3;sweep=load,tightest-fit,rare_served_frac,192,0.888046,0.854562,0.917701
E11_alloc,load=0.6;nodes=20;order=common-first;rare_share=0.3;sweep=load,best-quality,rare_served_frac,199,0.67369,0.63291,0.712475
E11_alloc,load=0.6;nodes=20;order=common-first;rare_share=0.3;sweep=load,hesk(w=0),rare_served_frac,199,0.677692,0.639135,0.713886
E11_alloc,load=0.6;nodes=20;order=common-first;rare_share=0.3;sweep=load,hesk(w=0.5),rare_served_frac,199,0.759817,0.726155,0.793899
E11_alloc,load=0.6;nodes=20;order=common-first;rare_share=0.3;sweep=load,hesk(w=1),rare_served_frac,199,0.804409,0.773109,0.835155
E11_alloc,load=0.6;nodes=20;order=common-first;rare_share=0.3;sweep=load,hesk(w=16),rare_served_frac,199,0.841667,0.811027,0.87101
E11_alloc,load=0.6;nodes=20;order=common-first;rare_share=0.3;sweep=load,hesk(w=2),rare_served_frac,199,0.836007,0.805784,0.865227
E11_alloc,load=0.6;nodes=20;order=common-first;rare_share=0.3;sweep=load,"hesk(w=2,available)",rare_served_frac,199,0.836007,0.805784,0.865227
E11_alloc,load=0.6;nodes=20;order=common-first;rare_share=0.3;sweep=load,"hesk(w=2,known=0.5)",rare_served_frac,199,0.830815,0.800161,0.860207
E11_alloc,load=0.6;nodes=20;order=common-first;rare_share=0.3;sweep=load,hesk(w=4),rare_served_frac,199,0.836725,0.806064,0.865946
E11_alloc,load=0.6;nodes=20;order=common-first;rare_share=0.3;sweep=load,hesk(w=8),rare_served_frac,199,0.836725,0.806064,0.865946
E11_alloc,load=0.6;nodes=20;order=common-first;rare_share=0.3;sweep=load,random,rare_served_frac,199,0.642426,0.599301,0.681601
E11_alloc,load=0.6;nodes=20;order=common-first;rare_share=0.3;sweep=load,tightest-fit,rare_served_frac,199,0.846644,0.816382,0.87559
E11_alloc,load=0.6;nodes=20;order=random;rare_share=0.3;sweep=load,best-quality,rare_served_frac,199,0.756114,0.719297,0.789641
E11_alloc,load=0.6;nodes=20;order=random;rare_share=0.3;sweep=load,hesk(w=0),rare_served_frac,199,0.767564,0.732624,0.801113
E11_alloc,load=0.6;nodes=20;order=random;rare_share=0.3;sweep=load,hesk(w=0.5),rare_served_frac,199,0.805845,0.771888,0.837427
E11_alloc,load=0.6;nodes=20;order=random;rare_share=0.3;sweep=load,hesk(w=1),rare_served_frac,199,0.822978,0.791648,0.854203
E11_alloc,load=0.6;nodes=20;order=random;rare_share=0.3;sweep=load,hesk(w=16),rare_served_frac,199,0.838735,0.806748,0.869102
E11_alloc,load=0.6;nodes=20;order=random;rare_share=0.3;sweep=load,hesk(w=2),rare_served_frac,199,0.837479,0.805402,0.86753
E11_alloc,load=0.6;nodes=20;order=random;rare_share=0.3;sweep=load,"hesk(w=2,available)",rare_served_frac,199,0.835804,0.803505,0.865936
E11_alloc,load=0.6;nodes=20;order=random;rare_share=0.3;sweep=load,"hesk(w=2,known=0.5)",rare_served_frac,199,0.835804,0.803505,0.865936
E11_alloc,load=0.6;nodes=20;order=random;rare_share=0.3;sweep=load,hesk(w=4),rare_served_frac,199,0.839573,0.807769,0.869517
E11_alloc,load=0.6;nodes=20;order=random;rare_share=0.3;sweep=load,hesk(w=8),rare_served_frac,199,0.840578,0.809129,0.870609
E11_alloc,load=0.6;nodes=20;order=random;rare_share=0.3;sweep=load,random,rare_served_frac,199,0.773145,0.738522,0.807203
E11_alloc,load=0.6;nodes=20;order=random;rare_share=0.3;sweep=load,tightest-fit,rare_served_frac,199,0.844048,0.81279,0.874585
E11_alloc,load=0.6;nodes=20;order=rare-first;rare_share=0.3;sweep=load,best-quality,rare_served_frac,199,0.837294,0.80609,0.867362
E11_alloc,load=0.6;nodes=20;order=rare-first;rare_share=0.3;sweep=load,hesk(w=0),rare_served_frac,199,0.838981,0.807473,0.869263
E11_alloc,load=0.6;nodes=20;order=rare-first;rare_share=0.3;sweep=load,hesk(w=0.5),rare_served_frac,199,0.839358,0.809296,0.868598
E11_alloc,load=0.6;nodes=20;order=rare-first;rare_share=0.3;sweep=load,hesk(w=1),rare_served_frac,199,0.842624,0.81207,0.871461
E11_alloc,load=0.6;nodes=20;order=rare-first;rare_share=0.3;sweep=load,hesk(w=16),rare_served_frac,199,0.848534,0.817771,0.877949
E11_alloc,load=0.6;nodes=20;order=rare-first;rare_share=0.3;sweep=load,hesk(w=2),rare_served_frac,199,0.846273,0.814912,0.875011
E11_alloc,load=0.6;nodes=20;order=rare-first;rare_share=0.3;sweep=load,"hesk(w=2,available)",rare_served_frac,199,0.846273,0.814912,0.875011
E11_alloc,load=0.6;nodes=20;order=rare-first;rare_share=0.3;sweep=load,"hesk(w=2,known=0.5)",rare_served_frac,199,0.846273,0.814912,0.875011
E11_alloc,load=0.6;nodes=20;order=rare-first;rare_share=0.3;sweep=load,hesk(w=4),rare_served_frac,199,0.846273,0.814912,0.875011
E11_alloc,load=0.6;nodes=20;order=rare-first;rare_share=0.3;sweep=load,hesk(w=8),rare_served_frac,199,0.846273,0.814912,0.875011
E11_alloc,load=0.6;nodes=20;order=rare-first;rare_share=0.3;sweep=load,random,rare_served_frac,199,0.836223,0.805156,0.865321
E11_alloc,load=0.6;nodes=20;order=rare-first;rare_share=0.3;sweep=load,tightest-fit,rare_served_frac,199,0.849156,0.818084,0.878524
E11_alloc,load=0.8;nodes=20;order=common-first;rare_share=0.1;sweep=rare_share,best-quality,rare_served_frac,163,0.592331,0.530143,0.651332
E11_alloc,load=0.8;nodes=20;order=common-first;rare_share=0.1;sweep=rare_share,hesk(w=0),rare_served_frac,163,0.574847,0.514305,0.631802
E11_alloc,load=0.8;nodes=20;order=common-first;rare_share=0.1;sweep=rare_share,hesk(w=0.5),rare_served_frac,163,0.742638,0.689565,0.793254
E11_alloc,load=0.8;nodes=20;order=common-first;rare_share=0.1;sweep=rare_share,hesk(w=1),rare_served_frac,163,0.767076,0.713896,0.816467
E11_alloc,load=0.8;nodes=20;order=common-first;rare_share=0.1;sweep=rare_share,hesk(w=16),rare_served_frac,163,0.808793,0.758896,0.85604
E11_alloc,load=0.8;nodes=20;order=common-first;rare_share=0.1;sweep=rare_share,hesk(w=2),rare_served_frac,163,0.792229,0.741608,0.840491
E11_alloc,load=0.8;nodes=20;order=common-first;rare_share=0.1;sweep=rare_share,"hesk(w=2,available)",rare_served_frac,163,0.799182,0.748055,0.847247
E11_alloc,load=0.8;nodes=20;order=common-first;rare_share=0.1;sweep=rare_share,"hesk(w=2,known=0.5)",rare_served_frac,163,0.776687,0.724021,0.827198
E11_alloc,load=0.8;nodes=20;order=common-first;rare_share=0.1;sweep=rare_share,hesk(w=4),rare_served_frac,163,0.797342,0.7458,0.8451
E11_alloc,load=0.8;nodes=20;order=common-first;rare_share=0.1;sweep=rare_share,hesk(w=8),rare_served_frac,163,0.805521,0.753563,0.852357
E11_alloc,load=0.8;nodes=20;order=common-first;rare_share=0.1;sweep=rare_share,random,rare_served_frac,163,0.567382,0.505721,0.629149
E11_alloc,load=0.8;nodes=20;order=common-first;rare_share=0.1;sweep=rare_share,tightest-fit,rare_served_frac,163,0.831084,0.784041,0.877505
E11_alloc,load=0.8;nodes=20;order=common-first;rare_share=0.2;sweep=rare_share,best-quality,rare_served_frac,193,0.534413,0.491673,0.579355
E11_alloc,load=0.8;nodes=20;order=common-first;rare_share=0.2;sweep=rare_share,hesk(w=0),rare_served_frac,193,0.526653,0.486429,0.570196
E11_alloc,load=0.8;nodes=20;order=common-first;rare_share=0.2;sweep=rare_share,hesk(w=0.5),rare_served_frac,193,0.692925,0.651899,0.732983
E11_alloc,load=0.8;nodes=20;order=common-first;rare_share=0.2;sweep=rare_share,hesk(w=1),rare_served_frac,193,0.741186,0.700285,0.780841
E11_alloc,load=0.8;nodes=20;order=common-first;rare_share=0.2;sweep=rare_share,hesk(w=16),rare_served_frac,193,0.785295,0.745599,0.824566
E11_alloc,load=0.8;nodes=20;order=common-first;rare_share=0.2;sweep=rare_share,hesk(w=2),rare_served_frac,193,0.76832,0.728171,0.807405
E11_alloc,load=0.8;nodes=20;order=common-first;rare_share=0.2;sweep=rare_share,"hesk(w=2,available)",rare_served_frac,193,0.769097,0.728555,0.807681
E11_alloc,load=0.8;nodes=20;order=common-first;rare_share=0.2;sweep=rare_share,"hesk(w=2,known=0.5)",rare_served_frac,193,0.763533,0.724567,0.802968
E11_alloc,load=0.8;nodes=20;order=common-first;rare_share=0.2;sweep=rare_share,hesk(w=4),rare_served_frac,193,0.775709,0.736846,0.814335
E11_alloc,load=0.8;nodes=20;order=common-first;rare_share=0.2;sweep=rare_share,hesk(w=8),rare_served_frac,193,0.775278,0.737055,0.813444
E11_alloc,load=0.8;nodes=20;order=common-first;rare_share=0.2;sweep=rare_share,random,rare_served_frac,193,0.518597,0.475356,0.563346
E11_alloc,load=0.8;nodes=20;order=common-first;rare_share=0.2;sweep=rare_share,tightest-fit,rare_served_frac,193,0.805255,0.767923,0.841118
E11_alloc,load=0.8;nodes=20;order=common-first;rare_share=0.3;sweep=load,best-quality,rare_served_frac,200,0.514586,0.480053,0.551085
E11_alloc,load=0.8;nodes=20;order=common-first;rare_share=0.3;sweep=load,hesk(w=0),rare_served_frac,200,0.509725,0.478591,0.542383
E11_alloc,load=0.8;nodes=20;order=common-first;rare_share=0.3;sweep=load,hesk(w=0.5),rare_served_frac,200,0.64037,0.608115,0.673143
E11_alloc,load=0.8;nodes=20;order=common-first;rare_share=0.3;sweep=load,hesk(w=1),rare_served_frac,200,0.690424,0.659489,0.722196
E11_alloc,load=0.8;nodes=20;order=common-first;rare_share=0.3;sweep=load,hesk(w=16),rare_served_frac,200,0.746849,0.714839,0.778592
E11_alloc,load=0.8;nodes=20;order=common-first;rare_share=0.3;sweep=load,hesk(w=2),rare_served_frac,200,0.731412,0.699882,0.762699
E11_alloc,load=0.8;nodes=20;order=common-first;rare_share=0.3;sweep=load,"hesk(w=2,available)",rare_served_frac,200,0.732184,0.701242,0.762594
E11_alloc,load=0.8;nodes=20;order=common-first;rare_share=0.3;sweep=load,"hesk(w=2,known=0.5)",rare_served_frac,200,0.730579,0.699312,0.760953
E11_alloc,load=0.8;nodes=20;order=common-first;rare_share=0.3;sweep=load,hesk(w=4),rare_served_frac,200,0.740329,0.707975,0.771645
E11_alloc,load=0.8;nodes=20;order=common-first;rare_share=0.3;sweep=load,hesk(w=8),rare_served_frac,200,0.74596,0.71446,0.777119
E11_alloc,load=0.8;nodes=20;order=common-first;rare_share=0.3;sweep=load,random,rare_served_frac,200,0.483549,0.448726,0.516434
E11_alloc,load=0.8;nodes=20;order=common-first;rare_share=0.3;sweep=load,tightest-fit,rare_served_frac,200,0.766982,0.734398,0.799017
E11_alloc,load=0.8;nodes=20;order=random;rare_share=0.3;sweep=load,best-quality,rare_served_frac,200,0.676585,0.644962,0.709124
E11_alloc,load=0.8;nodes=20;order=random;rare_share=0.3;sweep=load,hesk(w=0),rare_served_frac,200,0.686456,0.657591,0.717021
E11_alloc,load=0.8;nodes=20;order=random;rare_share=0.3;sweep=load,hesk(w=0.5),rare_served_frac,200,0.737634,0.708052,0.767973
E11_alloc,load=0.8;nodes=20;order=random;rare_share=0.3;sweep=load,hesk(w=1),rare_served_frac,200,0.768702,0.739039,0.800317
E11_alloc,load=0.8;nodes=20;order=random;rare_share=0.3;sweep=load,hesk(w=16),rare_served_frac,200,0.791924,0.762382,0.821573
E11_alloc,load=0.8;nodes=20;order=random;rare_share=0.3;sweep=load,hesk(w=2),rare_served_frac,200,0.786549,0.756925,0.816737
E11_alloc,load=0.8;nodes=20;order=random;rare_share=0.3;sweep=load,"hesk(w=2,available)",rare_served_frac,200,0.788841,0.75848,0.819009
E11_alloc,load=0.8;nodes=20;order=random;rare_share=0.3;sweep=load,"hesk(w=2,known=0.5)",rare_served_frac,200,0.787591,0.757159,0.817885
E11_alloc,load=0.8;nodes=20;order=random;rare_share=0.3;sweep=load,hesk(w=4),rare_served_frac,200,0.792591,0.763496,0.822819
E11_alloc,load=0.8;nodes=20;order=random;rare_share=0.3;sweep=load,hesk(w=8),rare_served_frac,200,0.791757,0.762737,0.821784
E11_alloc,load=0.8;nodes=20;order=random;rare_share=0.3;sweep=load,random,rare_served_frac,200,0.65092,0.618184,0.686764
E11_alloc,load=0.8;nodes=20;order=random;rare_share=0.3;sweep=load,tightest-fit,rare_served_frac,200,0.804138,0.77411,0.834089
E11_alloc,load=0.8;nodes=20;order=rare-first;rare_share=0.3;sweep=load,best-quality,rare_served_frac,200,0.79294,0.762586,0.822602
E11_alloc,load=0.8;nodes=20;order=rare-first;rare_share=0.3;sweep=load,hesk(w=0),rare_served_frac,200,0.790483,0.760488,0.819687
E11_alloc,load=0.8;nodes=20;order=rare-first;rare_share=0.3;sweep=load,hesk(w=0.5),rare_served_frac,200,0.792795,0.762816,0.822278
E11_alloc,load=0.8;nodes=20;order=rare-first;rare_share=0.3;sweep=load,hesk(w=1),rare_served_frac,200,0.796593,0.766146,0.826719
E11_alloc,load=0.8;nodes=20;order=rare-first;rare_share=0.3;sweep=load,hesk(w=16),rare_served_frac,200,0.805057,0.775357,0.834872
E11_alloc,load=0.8;nodes=20;order=rare-first;rare_share=0.3;sweep=load,hesk(w=2),rare_served_frac,200,0.80189,0.771692,0.831608
E11_alloc,load=0.8;nodes=20;order=rare-first;rare_share=0.3;sweep=load,"hesk(w=2,available)",rare_served_frac,200,0.80289,0.772892,0.833401
E11_alloc,load=0.8;nodes=20;order=rare-first;rare_share=0.3;sweep=load,"hesk(w=2,known=0.5)",rare_served_frac,200,0.803724,0.773581,0.833939
E11_alloc,load=0.8;nodes=20;order=rare-first;rare_share=0.3;sweep=load,hesk(w=4),rare_served_frac,200,0.80289,0.772892,0.833401
E11_alloc,load=0.8;nodes=20;order=rare-first;rare_share=0.3;sweep=load,hesk(w=8),rare_served_frac,200,0.803057,0.772967,0.833105
E11_alloc,load=0.8;nodes=20;order=rare-first;rare_share=0.3;sweep=load,random,rare_served_frac,200,0.789307,0.760071,0.819139
E11_alloc,load=0.8;nodes=20;order=rare-first;rare_share=0.3;sweep=load,tightest-fit,rare_served_frac,200,0.809369,0.779035,0.840145
E11_alloc,load=0.8;nodes=20;order=common-first;rare_share=0.4;sweep=rare_share,best-quality,rare_served_frac,200,0.485128,0.456677,0.515471
E11_alloc,load=0.8;nodes=20;order=common-first;rare_share=0.4;sweep=rare_share,hesk(w=0),rare_served_frac,200,0.470613,0.442757,0.498434
E11_alloc,load=0.8;nodes=20;order=common-first;rare_share=0.4;sweep=rare_share,hesk(w=0.5),rare_served_frac,200,0.584952,0.555947,0.614627
E11_alloc,load=0.8;nodes=20;order=common-first;rare_share=0.4;sweep=rare_share,hesk(w=1),rare_served_frac,200,0.644427,0.616016,0.674086
E11_alloc,load=0.8;nodes=20;order=common-first;rare_share=0.4;sweep=rare_share,hesk(w=16),rare_served_frac,200,0.702165,0.674405,0.732396
E11_alloc,load=0.8;nodes=20;order=common-first;rare_share=0.4;sweep=rare_share,hesk(w=2),rare_served_frac,200,0.700526,0.6726,0.7315
E11_alloc,load=0.8;nodes=20;order=common-first;rare_share=0.4;sweep=rare_share,"hesk(w=2,available)",rare_served_frac,200,0.693881,0.666277,0.724386
E11_alloc,load=0.8;nodes=20;order=common-first;rare_share=0.4;sweep=rare_share,"hesk(w=2,known=0.5)",rare_served_frac,200,0.700056,0.671998,0.730248
E11_alloc,load=0.8;nodes=20;order=common-first;rare_share=0.4;sweep=rare_share,hesk(w=4),rare_served_frac,200,0.701026,0.673408,0.7318
E11_alloc,load=0.8;nodes=20;order=common-first;rare_share=0.4;sweep=rare_share,hesk(w=8),rare_served_frac,200,0.701609,0.673732,0.732146
E11_alloc,load=0.8;nodes=20;order=common-first;rare_share=0.4;sweep=rare_share,random,rare_served_frac,200,0.471011,0.43945,0.503864
E11_alloc,load=0.8;nodes=20;order=common-first;rare_share=0.4;sweep=rare_share,tightest-fit,rare_served_frac,200,0.714236,0.685989,0.745302
E11_alloc,load=0.8;nodes=20;order=common-first;rare_share=0.6;sweep=rare_share,best-quality,rare_served_frac,200,0.453097,0.430788,0.475836
E11_alloc,load=0.8;nodes=20;order=common-first;rare_share=0.6;sweep=rare_share,hesk(w=0),rare_served_frac,200,0.456733,0.434771,0.480181
E11_alloc,load=0.8;nodes=20;order=common-first;rare_share=0.6;sweep=rare_share,hesk(w=0.5),rare_served_frac,200,0.526137,0.503206,0.550781
E11_alloc,load=0.8;nodes=20;order=common-first;rare_share=0.6;sweep=rare_share,hesk(w=1),rare_served_frac,200,0.571561,0.546956,0.597643
E11_alloc,load=0.8;nodes=20;order=common-first;rare_share=0.6;sweep=rare_share,hesk(w=16),rare_served_frac,200,0.613954,0.587849,0.641391
E11_alloc,load=0.8;nodes=20;order=common-first;rare_share=0.6;sweep=rare_share,hesk(w=2),rare_served_frac,200,0.61327,0.587786,0.640718
E11_alloc,load=0.8;nodes=20;order=common-first;rare_share=0.6;sweep=rare_share,"hesk(w=2,available)",rare_served_frac,200,0.610284,0.585464,0.636953
E11_alloc,load=0.8;nodes=20;order=common-first;rare_share=0.6;sweep=rare_share,"hesk(w=2,known=0.5)",rare_served_frac,200,0.606601,0.581628,0.633335
E11_alloc,load=0.8;nodes=20;order=common-first;rare_share=0.6;sweep=rare_share,hesk(w=4),rare_served_frac,200,0.614742,0.589326,0.642242
E11_alloc,load=0.8;nodes=20;order=common-first;rare_share=0.6;sweep=rare_share,hesk(w=8),rare_served_frac,200,0.615242,0.589634,0.642577
E11_alloc,load=0.8;nodes=20;order=common-first;rare_share=0.6;sweep=rare_share,random,rare_served_frac,200,0.459508,0.436747,0.48221
E11_alloc,load=0.8;nodes=20;order=common-first;rare_share=0.6;sweep=rare_share,tightest-fit,rare_served_frac,200,0.624636,0.598463,0.651799
E11_alloc,load=1.0;nodes=20;order=common-first;rare_share=0.3;sweep=load,best-quality,rare_served_frac,200,0.344206,0.317114,0.372407
E11_alloc,load=1.0;nodes=20;order=common-first;rare_share=0.3;sweep=load,hesk(w=0),rare_served_frac,200,0.327977,0.302543,0.353955
E11_alloc,load=1.0;nodes=20;order=common-first;rare_share=0.3;sweep=load,hesk(w=0.5),rare_served_frac,200,0.445704,0.422394,0.470961
E11_alloc,load=1.0;nodes=20;order=common-first;rare_share=0.3;sweep=load,hesk(w=1),rare_served_frac,200,0.503284,0.479117,0.528673
E11_alloc,load=1.0;nodes=20;order=common-first;rare_share=0.3;sweep=load,hesk(w=16),rare_served_frac,200,0.542446,0.515998,0.567999
E11_alloc,load=1.0;nodes=20;order=common-first;rare_share=0.3;sweep=load,hesk(w=2),rare_served_frac,200,0.536354,0.510971,0.561609
E11_alloc,load=1.0;nodes=20;order=common-first;rare_share=0.3;sweep=load,"hesk(w=2,available)",rare_served_frac,200,0.527661,0.503068,0.55228
E11_alloc,load=1.0;nodes=20;order=common-first;rare_share=0.3;sweep=load,"hesk(w=2,known=0.5)",rare_served_frac,200,0.533669,0.508879,0.5592
E11_alloc,load=1.0;nodes=20;order=common-first;rare_share=0.3;sweep=load,hesk(w=4),rare_served_frac,200,0.539027,0.513438,0.565053
E11_alloc,load=1.0;nodes=20;order=common-first;rare_share=0.3;sweep=load,hesk(w=8),rare_served_frac,200,0.541565,0.514992,0.567257
E11_alloc,load=1.0;nodes=20;order=common-first;rare_share=0.3;sweep=load,random,rare_served_frac,200,0.326049,0.301613,0.350663
E11_alloc,load=1.0;nodes=20;order=common-first;rare_share=0.3;sweep=load,tightest-fit,rare_served_frac,200,0.573684,0.547974,0.599541
E11_alloc,load=1.0;nodes=20;order=random;rare_share=0.3;sweep=load,best-quality,rare_served_frac,200,0.582437,0.55627,0.609162
E11_alloc,load=1.0;nodes=20;order=random;rare_share=0.3;sweep=load,hesk(w=0),rare_served_frac,200,0.583643,0.556995,0.610576
E11_alloc,load=1.0;nodes=20;order=random;rare_share=0.3;sweep=load,hesk(w=0.5),rare_served_frac,200,0.647086,0.62037,0.67427
E11_alloc,load=1.0;nodes=20;order=random;rare_share=0.3;sweep=load,hesk(w=1),rare_served_frac,200,0.676203,0.649659,0.703231
E11_alloc,load=1.0;nodes=20;order=random;rare_share=0.3;sweep=load,hesk(w=16),rare_served_frac,200,0.700188,0.672462,0.727729
E11_alloc,load=1.0;nodes=20;order=random;rare_share=0.3;sweep=load,hesk(w=2),rare_served_frac,200,0.696805,0.66873,0.723684
E11_alloc,load=1.0;nodes=20;order=random;rare_share=0.3;sweep=load,"hesk(w=2,available)",rare_served_frac,200,0.691946,0.664341,0.718697
E11_alloc,load=1.0;nodes=20;order=random;rare_share=0.3;sweep=load,"hesk(w=2,known=0.5)",rare_served_frac,200,0.691162,0.662906,0.717747
E11_alloc,load=1.0;nodes=20;order=random;rare_share=0.3;sweep=load,hesk(w=4),rare_served_frac,200,0.698233,0.670124,0.724957
E11_alloc,load=1.0;nodes=20;order=random;rare_share=0.3;sweep=load,hesk(w=8),rare_served_frac,200,0.696233,0.668032,0.723155
E11_alloc,load=1.0;nodes=20;order=random;rare_share=0.3;sweep=load,random,rare_served_frac,200,0.581318,0.555962,0.608234
E11_alloc,load=1.0;nodes=20;order=random;rare_share=0.3;sweep=load,tightest-fit,rare_served_frac,200,0.708031,0.681207,0.735312
E11_alloc,load=1.0;nodes=20;order=rare-first;rare_share=0.3;sweep=load,best-quality,rare_served_frac,200,0.739149,0.71093,0.767889
E11_alloc,load=1.0;nodes=20;order=rare-first;rare_share=0.3;sweep=load,hesk(w=0),rare_served_frac,200,0.737896,0.710698,0.765905
E11_alloc,load=1.0;nodes=20;order=rare-first;rare_share=0.3;sweep=load,hesk(w=0.5),rare_served_frac,200,0.741245,0.71357,0.769473
E11_alloc,load=1.0;nodes=20;order=rare-first;rare_share=0.3;sweep=load,hesk(w=1),rare_served_frac,200,0.743765,0.716262,0.772388
E11_alloc,load=1.0;nodes=20;order=rare-first;rare_share=0.3;sweep=load,hesk(w=16),rare_served_frac,200,0.750452,0.722447,0.779338
E11_alloc,load=1.0;nodes=20;order=rare-first;rare_share=0.3;sweep=load,hesk(w=2),rare_served_frac,200,0.747523,0.719981,0.775718
E11_alloc,load=1.0;nodes=20;order=rare-first;rare_share=0.3;sweep=load,"hesk(w=2,available)",rare_served_frac,200,0.748357,0.720571,0.776693
E11_alloc,load=1.0;nodes=20;order=rare-first;rare_share=0.3;sweep=load,"hesk(w=2,known=0.5)",rare_served_frac,200,0.748553,0.720602,0.776489
E11_alloc,load=1.0;nodes=20;order=rare-first;rare_share=0.3;sweep=load,hesk(w=4),rare_served_frac,200,0.748357,0.720571,0.776693
E11_alloc,load=1.0;nodes=20;order=rare-first;rare_share=0.3;sweep=load,hesk(w=8),rare_served_frac,200,0.748904,0.721117,0.778024
E11_alloc,load=1.0;nodes=20;order=rare-first;rare_share=0.3;sweep=load,random,rare_served_frac,200,0.736625,0.709004,0.763992
E11_alloc,load=1.0;nodes=20;order=rare-first;rare_share=0.3;sweep=load,tightest-fit,rare_served_frac,200,0.754369,0.726919,0.783057
E11_alloc,load=1.2;nodes=20;order=common-first;rare_share=0.3;sweep=load,best-quality,rare_served_frac,200,0.212846,0.189811,0.236751
E11_alloc,load=1.2;nodes=20;order=common-first;rare_share=0.3;sweep=load,hesk(w=0),rare_served_frac,200,0.211064,0.190642,0.231995
E11_alloc,load=1.2;nodes=20;order=common-first;rare_share=0.3;sweep=load,hesk(w=0.5),rare_served_frac,200,0.290898,0.270645,0.31156
E11_alloc,load=1.2;nodes=20;order=common-first;rare_share=0.3;sweep=load,hesk(w=1),rare_served_frac,200,0.317475,0.295658,0.339795
E11_alloc,load=1.2;nodes=20;order=common-first;rare_share=0.3;sweep=load,hesk(w=16),rare_served_frac,200,0.330322,0.30797,0.352541
E11_alloc,load=1.2;nodes=20;order=common-first;rare_share=0.3;sweep=load,hesk(w=2),rare_served_frac,200,0.329881,0.30811,0.352791
E11_alloc,load=1.2;nodes=20;order=common-first;rare_share=0.3;sweep=load,"hesk(w=2,available)",rare_served_frac,200,0.329322,0.307488,0.351185
E11_alloc,load=1.2;nodes=20;order=common-first;rare_share=0.3;sweep=load,"hesk(w=2,known=0.5)",rare_served_frac,200,0.325993,0.302918,0.348503
E11_alloc,load=1.2;nodes=20;order=common-first;rare_share=0.3;sweep=load,hesk(w=4),rare_served_frac,200,0.328066,0.305712,0.350911
E11_alloc,load=1.2;nodes=20;order=common-first;rare_share=0.3;sweep=load,hesk(w=8),rare_served_frac,200,0.329822,0.30744,0.35164
E11_alloc,load=1.2;nodes=20;order=common-first;rare_share=0.3;sweep=load,random,rare_served_frac,200,0.199096,0.179331,0.219304
E11_alloc,load=1.2;nodes=20;order=common-first;rare_share=0.3;sweep=load,tightest-fit,rare_served_frac,200,0.32285,0.299153,0.345856
E11_alloc,load=1.2;nodes=20;order=random;rare_share=0.3;sweep=load,best-quality,rare_served_frac,200,0.510156,0.487776,0.533345
E11_alloc,load=1.2;nodes=20;order=random;rare_share=0.3;sweep=load,hesk(w=0),rare_served_frac,200,0.503009,0.481056,0.525872
E11_alloc,load=1.2;nodes=20;order=random;rare_share=0.3;sweep=load,hesk(w=0.5),rare_served_frac,200,0.556573,0.53449,0.581024
E11_alloc,load=1.2;nodes=20;order=random;rare_share=0.3;sweep=load,hesk(w=1),rare_served_frac,200,0.593481,0.571118,0.617415
E11_alloc,load=1.2;nodes=20;order=random;rare_share=0.3;sweep=load,hesk(w=16),rare_served_frac,200,0.608878,0.584595,0.632512
E11_alloc,load=1.2;nodes=20;order=random;rare_share=0.3;sweep=load,hesk(w=2),rare_served_frac,200,0.607426,0.584578,0.631202
E11_alloc,load=1.2;nodes=20;order=random;rare_share=0.3;sweep=load,"hesk(w=2,available)",rare_served_frac,200,0.610912,0.588265,0.634633
E11_alloc,load=1.2;nodes=20;order=random;rare_share=0.3;sweep=load,"hesk(w=2,known=0.5)",rare_served_frac,200,0.603275,0.580992,0.626236
E11_alloc,load=1.2;nodes=20;order=random;rare_share=0.3;sweep=load,hesk(w=4),rare_served_frac,200,0.606745,0.583416,0.630992
E11_alloc,load=1.2;nodes=20;order=random;rare_share=0.3;sweep=load,hesk(w=8),rare_served_frac,200,0.609156,0.585574,0.632344
E11_alloc,load=1.2;nodes=20;order=random;rare_share=0.3;sweep=load,random,rare_served_frac,200,0.490891,0.468695,0.513781
E11_alloc,load=1.2;nodes=20;order=random;rare_share=0.3;sweep=load,tightest-fit,rare_served_frac,200,0.603948,0.581273,0.627464
E11_alloc,load=1.2;nodes=20;order=rare-first;rare_share=0.3;sweep=load,best-quality,rare_served_frac,200,0.684307,0.657085,0.712062
E11_alloc,load=1.2;nodes=20;order=rare-first;rare_share=0.3;sweep=load,hesk(w=0),rare_served_frac,200,0.685866,0.658704,0.713269
E11_alloc,load=1.2;nodes=20;order=rare-first;rare_share=0.3;sweep=load,hesk(w=0.5),rare_served_frac,200,0.687015,0.660041,0.714229
E11_alloc,load=1.2;nodes=20;order=rare-first;rare_share=0.3;sweep=load,hesk(w=1),rare_served_frac,200,0.689999,0.663309,0.717253
E11_alloc,load=1.2;nodes=20;order=rare-first;rare_share=0.3;sweep=load,hesk(w=16),rare_served_frac,200,0.69234,0.666383,0.719516
E11_alloc,load=1.2;nodes=20;order=rare-first;rare_share=0.3;sweep=load,hesk(w=2),rare_served_frac,200,0.691804,0.665412,0.719147
E11_alloc,load=1.2;nodes=20;order=rare-first;rare_share=0.3;sweep=load,"hesk(w=2,available)",rare_served_frac,200,0.691804,0.665412,0.719147
E11_alloc,load=1.2;nodes=20;order=rare-first;rare_share=0.3;sweep=load,"hesk(w=2,known=0.5)",rare_served_frac,200,0.693449,0.666628,0.721061
E11_alloc,load=1.2;nodes=20;order=rare-first;rare_share=0.3;sweep=load,hesk(w=4),rare_served_frac,200,0.691804,0.665412,0.719147
E11_alloc,load=1.2;nodes=20;order=rare-first;rare_share=0.3;sweep=load,hesk(w=8),rare_served_frac,200,0.691715,0.665585,0.719245
E11_alloc,load=1.2;nodes=20;order=rare-first;rare_share=0.3;sweep=load,random,rare_served_frac,200,0.682977,0.656509,0.71038
E11_alloc,load=1.2;nodes=20;order=rare-first;rare_share=0.3;sweep=load,tightest-fit,rare_served_frac,200,0.69571,0.668507,0.723829
